DateTime,NOx,NO2,CO,C6H6,T
2004-03-10 18:00:00,166.0,113.0,2.6,11.9,13.6
2004-03-10 19:00:00,103.0,92.0,2.0,9.4,13.3
2004-03-10 20:00:00,131.0,114.0,2.2,9.0,11.9
2004-03-10 21:00:00,172.0,122.0,2.2,9.2,11.0
2004-03-10 22:00:00,131.0,116.0,1.6,6.5,11.2
2004-03-10 23:00:00,89.0,96.0,1.2,4.7,11.2
2004-03-11 00:00:00,62.0,77.0,1.2,3.6,11.3
2004-03-11 01:00:00,62.0,76.0,1.0,3.3,10.7
2004-03-11 02:00:00,45.0,60.0,0.9,2.3,10.7
2004-03-11 05:00:00,16.0,28.0,0.7,1.1,11.0
2004-03-11 06:00:00,34.0,48.0,0.7,1.6,10.5
2004-03-11 07:00:00,98.0,82.0,1.1,3.2,10.2
2004-03-11 08:00:00,174.0,112.0,2.0,8.0,10.8
2004-03-11 09:00:00,129.0,101.0,2.2,9.5,10.5
2004-03-11 10:00:00,112.0,98.0,1.7,6.3,10.8
2004-03-11 11:00:00,95.0,92.0,1.5,5.0,10.5
2004-03-11 12:00:00,104.0,95.0,1.6,5.2,9.5
2004-03-11 13:00:00,146.0,112.0,1.9,7.3,8.3
2004-03-11 14:00:00,207.0,128.0,2.9,11.5,8.0
2004-03-11 15:00:00,184.0,126.0,2.2,8.8,8.3
2004-03-11 16:00:00,193.0,131.0,2.2,8.3,9.7
2004-03-11 17:00:00,243.0,135.0,2.9,11.2,9.8
2004-03-11 18:00:00,281.0,151.0,4.8,20.8,10.3
2004-03-11 19:00:00,383.0,172.0,6.9,27.4,9.7
2004-03-11 20:00:00,351.0,165.0,6.1,24.0,9.6
2004-03-11 21:00:00,240.0,136.0,3.9,12.8,9.1
2004-03-11 22:00:00,94.0,85.0,1.5,4.7,8.2
2004-03-11 23:00:00,47.0,53.0,1.0,2.6,8.2
2004-03-12 00:00:00,122.0,97.0,1.7,5.9,8.3
2004-03-12 01:00:00,133.0,110.0,1.9,6.4,7.7
2004-03-12 02:00:00,82.0,91.0,1.4,4.1,7.1
2004-03-12 05:00:00,30.0,44.0,0.6,1.0,6.3
2004-03-12 06:00:00,56.0,71.0,0.8,1.8,6.8
2004-03-12 07:00:00,109.0,104.0,1.4,4.4,6.4
2004-03-12 08:00:00,307.0,141.0,4.4,17.9,7.3
2004-03-12 10:00:00,187.0,122.0,3.1,14.0,13.2
2004-03-12 11:00:00,216.0,143.0,2.7,11.6,14.3
2004-03-12 12:00:00,143.0,113.0,2.1,10.2,15.0
2004-03-12 13:00:00,160.0,116.0,2.5,11.0,16.1
2004-03-12 14:00:00,163.0,123.0,2.7,12.8,16.3
2004-03-12 15:00:00,190.0,126.0,2.9,14.2,15.8
2004-03-12 16:00:00,178.0,120.0,2.8,12.7,15.9
2004-03-12 17:00:00,150.0,119.0,2.4,11.7,16.9
2004-03-12 18:00:00,206.0,149.0,3.9,19.3,15.1
2004-03-12 19:00:00,202.0,145.0,3.7,18.2,14.4
2004-03-12 20:00:00,340.0,170.0,6.6,32.6,12.9
2004-03-12 21:00:00,274.0,149.0,4.4,20.1,12.1
2004-03-12 22:00:00,253.0,139.0,3.5,14.3,11.0
2004-03-12 23:00:00,300.0,134.0,5.4,21.8,9.7
2004-03-13 00:00:00,193.0,113.0,2.7,9.6,9.5
2004-03-13 01:00:00,139.0,97.0,1.9,7.4,9.1
2004-03-13 02:00:00,83.0,82.0,1.6,5.4,8.8
2004-03-13 05:00:00,62.0,65.0,1.0,2.6,8.3
2004-03-13 06:00:00,53.0,60.0,1.2,2.9,7.2
2004-03-13 07:00:00,139.0,77.0,1.5,5.1,6.3
2004-03-13 08:00:00,256.0,96.0,2.7,11.8,6.5
2004-03-13 09:00:00,295.0,119.0,3.7,15.1,9.6
2004-03-13 10:00:00,250.0,126.0,3.2,12.9,12.4
2004-03-13 11:00:00,296.0,158.0,4.1,16.1,15.6
2004-03-13 12:00:00,239.0,161.0,3.6,14.0,18.4
2004-03-13 13:00:00,153.0,124.0,2.8,12.3,19.4
2004-03-13 14:00:00,118.0,102.0,2.0,8.6,18.0
2004-03-13 15:00:00,119.0,116.0,2.0,9.2,18.4
2004-03-13 16:00:00,138.0,124.0,2.5,10.2,17.6
2004-03-13 17:00:00,148.0,125.0,2.3,10.6,16.7
2004-03-13 18:00:00,227.0,148.0,3.2,15.5,16.1
2004-03-13 19:00:00,277.0,165.0,4.2,19.6,15.8
2004-03-13 20:00:00,279.0,161.0,4.2,19.2,15.7
2004-03-13 21:00:00,283.0,159.0,4.2,18.3,15.3
2004-03-13 22:00:00,214.0,143.0,3.1,13.1,14.6
2004-03-13 23:00:00,172.0,130.0,2.6,10.9,14.7
2004-03-14 00:00:00,190.0,129.0,2.9,11.0,13.9
2004-03-14 01:00:00,174.0,119.0,2.8,11.9,14.6
2004-03-14 02:00:00,128.0,104.0,2.5,8.6,12.5
2004-03-14 05:00:00,53.0,70.0,1.2,3.7,11.5
2004-03-14 06:00:00,44.0,63.0,1.0,2.5,11.6
2004-03-14 07:00:00,74.0,67.0,0.9,2.4,10.4
2004-03-14 08:00:00,101.0,84.0,1.4,4.2,11.6
2004-03-14 09:00:00,118.0,83.0,1.6,6.4,12.4
2004-03-14 10:00:00,144.0,98.0,2.2,8.6,14.5
2004-03-14 11:00:00,176.0,114.0,2.8,10.9,16.9
2004-03-14 12:00:00,161.0,119.0,2.8,10.7,19.3
2004-03-14 13:00:00,113.0,104.0,2.0,7.5,21.2
2004-03-14 14:00:00,103.0,102.0,1.8,7.5,21.4
2004-03-14 15:00:00,112.0,107.0,1.9,8.2,21.9
2004-03-14 16:00:00,170.0,129.0,3.0,11.9,22.2
2004-03-14 17:00:00,180.0,128.0,2.9,12.0,21.3
2004-03-14 18:00:00,160.0,121.0,2.5,12.2,19.7
2004-03-14 19:00:00,261.0,157.0,4.6,20.6,18.4
2004-03-14 20:00:00,325.0,173.0,5.9,23.1,17.6
2004-03-14 21:00:00,217.0,146.0,3.4,14.7,16.7
2004-03-14 22:00:00,146.0,121.0,2.1,9.0,16.3
2004-03-14 23:00:00,152.0,119.0,2.2,8.8,14.7
2004-03-15 00:00:00,104.0,99.0,1.8,7.4,14.8
2004-03-15 01:00:00,106.0,93.0,1.8,6.9,14.0
2004-03-15 02:00:00,108.0,88.0,1.8,7.0,13.4
2004-03-15 05:00:00,88.0,74.0,1.0,3.9,11.9
2004-03-15 06:00:00,138.0,80.0,1.4,6.4,11.4
2004-03-15 07:00:00,228.0,89.0,2.2,9.7,11.3
2004-03-15 08:00:00,360.0,114.0,5.5,25.9,12.4
2004-03-15 09:00:00,478.0,149.0,8.1,36.7,14.8
2004-03-15 10:00:00,394.0,157.0,5.8,26.6,17.4
2004-03-15 11:00:00,319.0,155.0,4.2,20.1,19.8
2004-03-15 12:00:00,201.0,134.0,3.1,14.1,22.0
2004-03-15 13:00:00,171.0,119.0,2.9,14.9,23.3
2004-03-15 14:00:00,159.0,111.0,2.9,15.4,23.9
2004-03-15 15:00:00,153.0,104.0,2.5,12.1,24.4
2004-03-15 16:00:00,143.0,99.0,2.3,11.5,24.4
2004-03-15 17:00:00,156.0,110.0,2.8,14.8,23.8
2004-03-15 18:00:00,314.0,162.0,6.1,32.1,22.5
2004-03-15 19:00:00,404.0,187.0,8.0,39.2,20.4
2004-03-15 20:00:00,320.0,165.0,6.5,31.0,18.3
2004-03-15 21:00:00,256.0,145.0,4.2,19.9,16.7
2004-03-15 22:00:00,193.0,125.0,3.2,15.3,15.7
2004-03-15 23:00:00,89.0,101.0,1.4,6.9,15.3
2004-03-16 00:00:00,127.0,103.0,2.1,11.1,14.1
2004-03-16 01:00:00,79.0,88.0,1.2,5.4,14.8
2004-03-16 02:00:00,43.0,61.0,0.8,2.8,14.8
2004-03-16 05:00:00,38.0,52.0,0.6,2.0,12.8
2004-03-16 06:00:00,82.0,64.0,0.9,3.5,11.2
2004-03-16 07:00:00,99.0,70.0,1.3,5.1,11.0
2004-03-16 08:00:00,263.0,97.0,3.4,16.2,11.7
2004-03-16 09:00:00,229.0,95.0,3.7,19.7,13.6
2004-03-16 10:00:00,396.0,150.0,5.3,25.1,17.8
2004-03-16 11:00:00,314.0,162.0,4.1,20.0,21.4
2004-03-16 12:00:00,217.0,154.0,3.3,18.3,24.4
2004-03-16 13:00:00,252.0,161.0,4.0,22.3,25.3
2004-03-16 14:00:00,263.0,161.0,3.8,20.4,25.8
2004-03-16 15:00:00,180.0,128.0,2.8,14.6,27.0
2004-03-16 16:00:00,184.0,129.0,2.9,16.6,28.2
2004-03-16 17:00:00,190.0,133.0,2.9,15.8,28.0
2004-03-16 18:00:00,184.0,139.0,3.4,17.8,23.9
2004-03-16 19:00:00,181.0,137.0,3.9,19.1,21.3
2004-03-16 20:00:00,166.0,143.0,3.2,15.8,20.4
2004-03-16 21:00:00,317.0,177.0,5.1,24.9,19.0
2004-03-16 22:00:00,184.0,138.0,2.6,13.5,17.9
2004-03-16 23:00:00,130.0,117.0,1.7,9.1,16.7
2004-03-17 00:00:00,132.0,107.0,1.7,8.6,15.5
2004-03-17 01:00:00,95.0,90.0,1.2,5.4,15.5
2004-03-17 02:00:00,70.0,79.0,0.9,4.1,14.1
2004-03-17 05:00:00,28.0,40.0,0.5,1.6,11.8
2004-03-17 06:00:00,46.0,53.0,0.5,1.9,11.9
2004-03-17 07:00:00,160.0,84.0,1.6,7.5,9.9
2004-03-17 08:00:00,320.0,108.0,4.1,21.4,11.1
2004-03-17 09:00:00,377.0,127.0,6.6,36.4,14.1
2004-03-17 10:00:00,280.0,134.0,4.3,21.3,17.7
2004-03-17 11:00:00,221.0,135.0,2.9,15.4,21.1
2004-03-17 12:00:00,210.0,142.0,2.5,12.5,24.3
2004-03-17 13:00:00,204.0,153.0,2.8,15.1,25.6
2004-03-17 14:00:00,161.0,123.0,2.6,13.7,25.9
2004-03-17 15:00:00,135.0,104.0,2.0,10.4,26.8
2004-03-17 16:00:00,186.0,129.0,2.9,15.2,29.3
2004-03-17 17:00:00,147.0,114.0,2.5,12.3,28.5
2004-03-17 18:00:00,299.0,158.0,5.0,27.0,25.9
2004-03-17 19:00:00,411.0,194.0,7.6,38.4,23.1
2004-03-17 20:00:00,347.0,182.0,6.7,35.1,20.5
2004-03-17 21:00:00,336.0,180.0,5.7,27.2,19.1
2004-03-17 22:00:00,202.0,136.0,2.8,15.0,17.2
2004-03-17 23:00:00,178.0,127.0,2.6,15.7,16.0
2004-03-18 00:00:00,154.0,116.0,2.3,13.0,14.8
2004-03-18 01:00:00,92.0,107.0,1.4,8.1,14.3
2004-03-18 02:00:00,61.0,88.0,1.0,5.5,14.8
2004-03-18 05:00:00,37.0,57.0,0.6,2.5,12.0
2004-03-18 06:00:00,68.0,71.0,0.7,3.0,10.9
2004-03-18 07:00:00,139.0,85.0,1.5,7.7,10.6
2004-03-18 08:00:00,339.0,124.0,4.7,23.3,11.5
2004-03-18 09:00:00,421.0,151.0,6.6,35.8,14.3
2004-03-18 10:00:00,349.0,150.0,4.5,21.3,17.8
2004-03-18 11:00:00,224.0,152.0,2.8,14.3,20.8
2004-03-18 12:00:00,171.0,139.0,2.2,12.5,23.8
2004-03-18 13:00:00,149.0,133.0,2.2,12.2,24.2
2004-03-18 14:00:00,137.0,126.0,2.3,13.1,25.2
2004-03-18 15:00:00,149.0,128.0,2.2,14.4,27.0
2004-03-18 16:00:00,172.0,169.0,2.8,16.8,27.1
2004-03-18 17:00:00,166.0,149.0,2.7,14.5,25.8
2004-03-18 18:00:00,214.0,156.0,3.7,21.5,23.0
2004-03-18 19:00:00,280.0,168.0,5.1,26.4,20.7
2004-03-18 20:00:00,276.0,176.0,5.1,26.0,18.6
2004-03-18 21:00:00,178.0,135.0,3.2,14.1,16.0
2004-03-18 22:00:00,129.0,121.0,2.1,10.3,14.5
2004-03-18 23:00:00,95.0,99.0,1.7,8.3,13.1
2004-03-19 00:00:00,126.0,106.0,2.0,8.9,12.0
2004-03-19 01:00:00,103.0,96.0,1.6,6.6,11.9
2004-03-19 02:00:00,48.0,63.0,0.9,3.6,12.5
2004-03-19 05:00:00,18.0,28.0,0.5,1.3,12.5
2004-03-19 06:00:00,56.0,61.0,0.7,2.3,12.3
2004-03-19 07:00:00,115.0,99.0,1.5,6.7,12.4
2004-03-19 08:00:00,320.0,157.0,4.8,22.8,13.0
2004-03-19 09:00:00,357.0,166.0,6.2,31.3,13.6
2004-03-19 10:00:00,253.0,149.0,4.0,19.2,13.9
2004-03-19 11:00:00,218.0,135.0,3.3,16.4,14.5
2004-03-19 12:00:00,192.0,127.0,2.8,14.0,15.5
2004-03-19 13:00:00,176.0,122.0,3.0,15.3,16.1
2004-03-19 14:00:00,198.0,135.0,3.3,16.7,16.3
2004-03-19 15:00:00,212.0,139.0,3.5,19.0,16.4
2004-03-19 16:00:00,249.0,147.0,4.0,19.4,16.1
2004-03-19 17:00:00,270.0,158.0,4.6,20.9,16.0
2004-03-19 18:00:00,231.0,146.0,4.1,20.2,15.8
2004-03-19 19:00:00,251.0,144.0,4.5,21.7,15.5
2004-03-19 20:00:00,210.0,138.0,3.9,19.8,15.4
2004-03-19 21:00:00,249.0,143.0,4.0,16.7,15.2
2004-03-19 22:00:00,143.0,116.0,2.2,9.1,14.7
2004-03-19 23:00:00,127.0,109.0,2.1,8.3,14.2
2004-03-20 00:00:00,104.0,92.0,1.7,5.8,13.8
2004-03-20 01:00:00,86.0,83.0,1.6,5.2,13.9
2004-03-20 02:00:00,74.0,81.0,1.3,4.1,13.9
2004-03-20 05:00:00,42.0,53.0,0.8,3.1,13.6
2004-03-20 06:00:00,63.0,67.0,0.8,2.5,13.6
2004-03-20 07:00:00,115.0,91.0,1.1,4.3,13.5
2004-03-20 08:00:00,170.0,113.0,2.1,8.9,13.8
2004-03-20 09:00:00,147.0,102.0,2.4,10.5,14.6
2004-03-20 10:00:00,166.0,107.0,2.6,12.5,15.0
2004-03-20 11:00:00,195.0,113.0,2.8,12.3,15.4
2004-03-20 12:00:00,182.0,108.0,2.6,11.7,16.3
2004-03-20 13:00:00,168.0,105.0,2.6,11.7,17.1
2004-03-20 14:00:00,125.0,93.0,2.1,9.3,19.0
2004-03-20 15:00:00,95.0,87.0,1.7,7.6,19.5
2004-03-20 16:00:00,79.0,76.0,1.6,6.7,19.5
2004-03-20 17:00:00,119.0,94.0,2.1,9.7,19.1
2004-03-20 18:00:00,142.0,110.0,2.3,12.4,18.5
2004-03-20 19:00:00,215.0,136.0,3.5,16.6,17.4
2004-03-20 20:00:00,229.0,139.0,3.9,16.4,17.1
2004-03-20 21:00:00,206.0,125.0,3.3,13.7,16.4
2004-03-20 22:00:00,147.0,111.0,2.3,9.9,16.2
2004-03-20 23:00:00,122.0,97.0,2.1,8.9,15.9
2004-03-21 00:00:00,175.0,107.0,2.8,10.6,15.7
2004-03-21 01:00:00,133.0,90.0,2.1,7.4,15.1
2004-03-21 02:00:00,89.0,84.0,1.6,6.2,15.6
2004-03-21 05:00:00,55.0,66.0,1.1,4.0,14.9
2004-03-21 06:00:00,24.0,36.0,0.7,2.1,14.5
2004-03-21 07:00:00,72.0,62.0,0.8,3.6,14.2
2004-03-21 08:00:00,122.0,91.0,1.2,4.4,14.5
2004-03-21 09:00:00,111.0,89.0,1.4,5.4,15.3
2004-03-21 10:00:00,123.0,93.0,1.7,7.1,16.3
2004-03-21 11:00:00,106.0,81.0,1.8,7.3,18.9
2004-03-21 12:00:00,103.0,82.0,1.8,7.6,19.4
2004-03-21 13:00:00,102.0,80.0,1.9,6.8,20.8
2004-03-21 14:00:00,48.0,48.0,1.3,4.6,21.4
2004-03-21 15:00:00,63.0,61.0,1.6,8.4,21.2
2004-03-21 16:00:00,98.0,89.0,1.9,6.9,20.3
2004-03-21 17:00:00,132.0,105.0,2.3,9.0,19.4
2004-03-21 18:00:00,173.0,116.0,3.8,15.1,18.5
2004-03-21 19:00:00,185.0,119.0,3.5,12.6,17.8
2004-03-21 20:00:00,266.0,144.0,4.3,15.1,17.9
2004-03-21 21:00:00,188.0,123.0,2.8,9.9,17.4
2004-03-21 22:00:00,122.0,105.0,1.9,8.0,17.0
2004-03-21 23:00:00,112.0,93.0,1.9,7.9,16.4
2004-03-22 00:00:00,93.0,86.0,1.7,6.1,16.1
2004-03-22 01:00:00,74.0,76.0,1.5,5.1,15.8
2004-03-22 02:00:00,23.0,33.0,0.6,1.7,16.3
2004-03-22 05:00:00,15.0,23.0,0.3,0.7,16.5
2004-03-22 06:00:00,41.0,46.0,0.6,2.0,16.4
2004-03-22 07:00:00,86.0,76.0,1.2,5.1,15.7
2004-03-22 08:00:00,226.0,116.0,3.6,17.7,15.8
2004-03-22 09:00:00,214.0,115.0,3.7,18.4,17.4
2004-03-22 10:00:00,115.0,83.0,1.8,6.9,17.9
2004-03-22 11:00:00,124.0,87.0,1.6,7.3,18.5
2004-03-22 12:00:00,122.0,90.0,1.9,9.6,21.0
2004-03-22 13:00:00,107.0,87.0,2.0,10.4,21.3
2004-03-22 14:00:00,133.0,99.0,2.2,11.2,21.3
2004-03-22 15:00:00,130.0,99.0,2.1,10.7,21.3
2004-03-22 16:00:00,150.0,101.0,2.3,11.6,21.3
2004-03-22 17:00:00,138.0,103.0,2.6,12.4,20.2
2004-03-22 18:00:00,213.0,129.0,3.8,18.3,17.0
2004-03-22 19:00:00,232.0,143.0,4.4,21.0,15.6
2004-03-22 20:00:00,238.0,146.0,4.5,21.0,15.3
2004-03-22 21:00:00,180.0,124.0,3.3,14.5,14.5
2004-03-22 22:00:00,128.0,113.0,2.0,8.4,13.9
2004-03-22 23:00:00,65.0,80.0,1.1,4.3,14.5
2004-03-23 00:00:00,53.0,72.0,0.9,3.8,13.8
2004-03-23 01:00:00,47.0,64.0,0.8,2.7,14.0
2004-03-23 02:00:00,51.0,70.0,0.7,2.5,13.0
2004-03-23 05:00:00,13.0,22.0,0.3,0.6,8.8
2004-03-23 06:00:00,33.0,47.0,0.5,1.8,9.6
2004-03-23 07:00:00,103.0,88.0,1.1,4.6,9.8
2004-03-23 08:00:00,224.0,130.0,3.0,14.2,10.0
2004-03-23 09:00:00,244.0,132.0,3.8,21.0,11.2
2004-03-23 10:00:00,237.0,132.0,3.4,16.2,12.0
2004-03-23 11:00:00,220.0,131.0,3.0,15.5,12.8
2004-03-23 12:00:00,207.0,129.0,2.7,13.4,13.1
2004-03-23 13:00:00,208.0,132.0,3.5,16.9,13.8
2004-03-23 14:00:00,160.0,110.0,2.8,12.4,16.0
2004-03-23 15:00:00,131.0,99.0,1.9,10.1,14.1
2004-03-23 16:00:00,128.0,100.0,2.0,8.7,12.0
2004-03-23 17:00:00,176.0,122.0,3.0,13.8,13.6
2004-03-23 18:00:00,107.0,97.0,1.9,9.3,13.7
2004-03-23 19:00:00,131.0,112.0,2.7,13.0,11.7
2004-03-23 20:00:00,166.0,128.0,3.3,14.3,11.5
2004-03-23 21:00:00,89.0,101.0,1.7,7.6,12.6
2004-03-23 22:00:00,81.0,96.0,1.3,5.3,12.0
2004-03-23 23:00:00,78.0,86.0,1.3,5.4,11.0
2004-03-24 00:00:00,70.0,85.0,1.2,4.9,11.1
2004-03-24 01:00:00,76.0,79.0,1.1,4.6,10.8
2004-03-24 02:00:00,43.0,61.0,0.9,2.7,11.3
2004-03-24 05:00:00,34.0,54.0,0.6,1.2,10.9
2004-03-24 06:00:00,43.0,57.0,0.8,1.7,10.8
2004-03-24 07:00:00,79.0,75.0,1.2,4.8,10.4
2004-03-24 08:00:00,174.0,97.0,3.1,13.8,11.0
2004-03-24 09:00:00,235.0,110.0,4.4,23.7,11.2
2004-03-24 10:00:00,218.0,113.0,3.4,14.2,12.1
2004-03-24 11:00:00,136.0,88.0,1.7,8.0,15.1
2004-03-24 12:00:00,117.0,85.0,1.5,6.7,15.6
2004-03-24 13:00:00,119.0,96.0,1.7,8.7,16.9
2004-03-24 14:00:00,126.0,106.0,2.2,10.8,16.6
2004-03-24 16:00:00,197.0,126.0,2.7,11.4,9.6
2004-03-24 17:00:00,195.0,130.0,2.8,13.4,11.7
2004-03-24 18:00:00,156.0,111.0,2.7,12.0,10.7
2004-03-24 19:00:00,247.0,134.0,4.5,20.2,10.7
2004-03-24 20:00:00,190.0,136.0,3.5,14.4,10.8
2004-03-24 21:00:00,169.0,125.0,2.6,9.4,10.3
2004-03-24 22:00:00,118.0,108.0,1.7,5.9,10.1
2004-03-24 23:00:00,81.0,87.0,1.3,4.5,10.4
2004-03-25 00:00:00,80.0,89.0,1.3,4.5,10.3
2004-03-25 01:00:00,42.0,58.0,1.0,2.5,11.0
2004-03-25 02:00:00,38.0,54.0,0.7,1.8,9.1
2004-03-25 04:00:00,18.0,28.0,0.5,0.9,9.3
2004-03-25 05:00:00,12.0,20.0,0.5,0.6,9.9
2004-03-25 06:00:00,43.0,51.0,0.6,1.4,7.6
2004-03-25 07:00:00,84.0,82.0,1.1,3.8,8.1
2004-03-25 08:00:00,184.0,112.0,2.7,11.6,8.7
2004-03-25 09:00:00,202.0,119.0,3.5,17.8,8.6
2004-03-25 10:00:00,133.0,99.0,2.3,8.8,9.7
2004-03-25 11:00:00,130.0,98.0,1.6,6.8,11.0
2004-03-25 12:00:00,106.0,88.0,1.3,5.9,13.6
2004-03-25 13:00:00,132.0,96.0,2.0,8.9,14.2
2004-03-25 14:00:00,106.0,81.0,1.9,8.2,14.2
2004-03-25 15:00:00,125.0,92.0,1.9,8.6,16.0
2004-03-25 16:00:00,138.0,105.0,2.2,10.1,17.7
2004-03-25 17:00:00,120.0,88.0,2.0,9.4,17.1
2004-03-25 18:00:00,158.0,103.0,2.9,14.6,14.9
2004-03-25 19:00:00,253.0,141.0,5.2,24.6,13.4
2004-03-25 20:00:00,231.0,133.0,4.6,21.6,12.6
2004-03-25 21:00:00,150.0,119.0,2.5,10.3,12.2
2004-03-25 22:00:00,99.0,106.0,1.5,5.7,10.6
2004-03-25 23:00:00,75.0,92.0,1.2,4.5,9.9
2004-03-26 00:00:00,93.0,97.0,1.7,5.5,9.6
2004-03-26 01:00:00,79.0,91.0,1.4,4.8,9.7
2004-03-26 02:00:00,67.0,83.0,1.2,3.6,9.4
2004-03-26 04:00:00,45.0,59.0,0.7,2.2,8.0
2004-03-26 05:00:00,72.0,73.0,0.8,3.0,7.7
2004-03-26 06:00:00,103.0,78.0,0.9,4.0,8.0
2004-03-26 07:00:00,132.0,90.0,1.6,6.7,8.5
2004-03-26 08:00:00,239.0,110.0,3.4,16.7,9.8
2004-03-26 09:00:00,275.0,114.0,3.8,19.3,11.2
2004-03-26 10:00:00,232.0,119.0,3.1,14.8,14.8
2004-03-26 11:00:00,180.0,121.0,2.7,13.4,16.8
2004-03-26 12:00:00,112.0,97.0,2.0,11.0,19.2
2004-03-26 13:00:00,116.0,99.0,2.3,12.5,19.1
2004-03-26 14:00:00,103.0,85.0,1.9,8.4,16.3
2004-03-26 15:00:00,89.0,75.0,1.3,5.3,14.2
2004-03-26 16:00:00,112.0,87.0,1.9,8.8,13.4
2004-03-26 17:00:00,127.0,102.0,2.3,11.2,14.2
2004-03-26 18:00:00,125.0,105.0,2.4,11.6,12.1
2004-03-26 19:00:00,120.0,98.0,2.7,12.4,10.4
2004-03-26 20:00:00,120.0,93.0,2.6,10.6,10.0
2004-03-26 21:00:00,99.0,91.0,1.5,6.0,9.8
2004-03-26 22:00:00,79.0,85.0,1.2,4.6,9.7
2004-03-26 23:00:00,66.0,74.0,1.1,4.1,9.9
2004-03-27 00:00:00,94.0,87.0,1.5,5.2,9.4
2004-03-27 01:00:00,70.0,79.0,1.0,3.2,8.6
2004-03-27 02:00:00,75.0,78.0,1.2,4.5,8.1
2004-03-27 05:00:00,32.0,48.0,0.8,1.9,8.2
2004-03-27 06:00:00,54.0,59.0,0.9,2.4,6.3
2004-03-27 07:00:00,68.0,65.0,1.1,3.3,7.2
2004-03-27 08:00:00,98.0,71.0,1.5,6.7,7.2
2004-03-27 09:00:00,128.0,84.0,1.8,8.5,11.1
2004-03-27 10:00:00,129.0,93.0,2.1,9.7,15.5
2004-03-27 11:00:00,130.0,99.0,2.1,9.4,17.8
2004-03-27 12:00:00,111.0,93.0,1.9,9.0,17.6
2004-03-27 13:00:00,106.0,96.0,2.1,10.0,19.1
2004-03-27 14:00:00,137.0,114.0,2.5,12.6,17.7
2004-03-27 15:00:00,113.0,101.0,1.9,7.6,17.8
2004-03-27 16:00:00,122.0,108.0,2.2,11.8,18.7
2004-03-27 17:00:00,137.0,117.0,2.3,11.2,17.1
2004-03-27 18:00:00,165.0,125.0,2.7,12.4,15.8
2004-03-27 19:00:00,196.0,133.0,3.0,12.9,14.7
2004-03-27 20:00:00,174.0,119.0,2.8,12.2,13.6
2004-03-27 21:00:00,140.0,107.0,2.2,8.8,12.5
2004-03-27 22:00:00,102.0,96.0,1.6,6.8,11.8
2004-03-27 23:00:00,130.0,105.0,2.1,8.6,10.9
2004-03-28 00:00:00,121.0,102.0,2.3,8.9,10.9
2004-03-28 01:00:00,111.0,97.0,2.3,8.3,10.3
2004-03-28 02:00:00,87.0,79.0,1.7,6.3,9.3
2004-03-28 04:00:00,77.0,69.0,1.3,5.1,8.3
2004-03-28 05:00:00,39.0,52.0,0.8,2.6,9.6
2004-03-28 06:00:00,77.0,62.0,1.1,3.6,7.7
2004-03-28 07:00:00,91.0,69.0,1.4,3.6,7.4
2004-03-28 08:00:00,105.0,75.0,1.3,4.7,9.7
2004-03-28 09:00:00,133.0,83.0,1.9,7.5,12.5
2004-03-28 10:00:00,128.0,94.0,2.3,9.0,16.8
2004-03-28 11:00:00,126.0,96.0,2.3,9.5,19.2
2004-03-28 12:00:00,92.0,86.0,1.8,7.7,21.3
2004-03-28 13:00:00,66.0,72.0,1.4,5.7,21.2
2004-03-28 14:00:00,50.0,53.0,1.0,3.8,18.6
2004-03-28 15:00:00,70.0,65.0,1.4,4.8,18.0
2004-03-28 16:00:00,73.0,70.0,1.3,4.3,18.2
2004-03-28 17:00:00,77.0,75.0,1.3,4.1,17.0
2004-03-28 18:00:00,86.0,86.0,1.4,4.7,15.6
2004-03-28 19:00:00,93.0,94.0,1.9,6.2,14.1
2004-03-28 20:00:00,105.0,103.0,1.8,5.5,13.4
2004-03-28 21:00:00,67.0,81.0,1.1,3.3,12.3
2004-03-28 22:00:00,63.0,80.0,1.1,3.2,11.9
2004-03-28 23:00:00,63.0,77.0,1.1,2.9,11.5
2004-03-29 00:00:00,46.0,58.0,0.9,2.2,10.6
2004-03-29 01:00:00,21.0,31.0,0.6,1.3,10.7
2004-03-29 02:00:00,22.0,38.0,0.5,1.1,10.4
2004-03-29 04:00:00,39.0,59.0,0.6,1.2,11.3
2004-03-29 05:00:00,55.0,70.0,0.7,1.7,10.1
2004-03-29 06:00:00,76.0,75.0,0.9,2.9,9.9
2004-03-29 07:00:00,181.0,103.0,2.9,14.3,8.1
2004-03-29 08:00:00,259.0,134.0,4.1,19.7,10.9
2004-03-29 09:00:00,118.0,98.0,1.5,5.5,11.8
2004-03-29 10:00:00,119.0,97.0,1.5,5.6,13.9
2004-03-29 11:00:00,123.0,98.0,1.5,5.8,15.6
2004-03-29 12:00:00,92.0,78.0,1.4,5.5,16.5
2004-03-29 13:00:00,91.0,83.0,1.6,6.5,17.5
2004-03-29 14:00:00,103.0,92.0,1.5,5.5,17.9
2004-03-29 15:00:00,102.0,81.0,1.4,5.2,18.2
2004-03-29 16:00:00,94.0,90.0,1.5,5.8,18.0
2004-03-29 17:00:00,98.0,95.0,1.9,7.9,17.0
2004-03-29 18:00:00,126.0,114.0,2.5,10.2,16.1
2004-03-29 19:00:00,108.0,106.0,2.1,8.2,14.5
2004-03-29 20:00:00,95.0,99.0,1.6,5.7,13.2
2004-03-29 21:00:00,78.0,90.0,1.2,3.8,13.1
2004-03-29 22:00:00,61.0,82.0,1.1,4.0,13.5
2004-03-29 23:00:00,55.0,74.0,1.0,2.8,12.4
2004-03-30 00:00:00,57.0,76.0,1.0,2.6,13.1
2004-03-30 01:00:00,41.0,66.0,0.7,1.8,11.6
2004-03-30 02:00:00,46.0,73.0,0.7,1.7,10.5
2004-03-30 05:00:00,52.0,71.0,0.7,2.3,12.9
2004-03-30 06:00:00,111.0,98.0,1.1,5.3,11.3
2004-03-30 07:00:00,191.0,115.0,2.6,13.4,11.9
2004-03-30 08:00:00,244.0,130.0,4.0,23.8,13.3
2004-03-30 09:00:00,283.0,150.0,4.2,21.5,16.3
2004-03-30 10:00:00,320.0,159.0,4.7,21.0,17.9
2004-03-30 11:00:00,249.0,146.0,3.9,18.4,18.3
2004-03-30 12:00:00,219.0,138.0,3.7,18.9,20.8
2004-03-30 13:00:00,200.0,128.0,3.4,17.1,22.4
2004-03-30 14:00:00,138.0,97.0,2.2,10.4,20.9
2004-03-30 15:00:00,118.0,91.0,1.9,8.0,19.1
2004-03-30 16:00:00,99.0,81.0,1.6,6.2,18.1
2004-03-30 17:00:00,112.0,99.0,2.1,9.7,17.3
2004-03-30 18:00:00,117.0,101.0,2.2,9.6,15.8
2004-03-30 19:00:00,129.0,106.0,2.7,11.9,15.9
2004-03-30 20:00:00,132.0,102.0,2.4,8.7,15.9
2004-03-30 21:00:00,73.0,84.0,1.3,4.7,15.0
2004-03-30 22:00:00,68.0,81.0,1.2,3.8,15.1
2004-03-30 23:00:00,80.0,91.0,1.5,4.7,14.9
2004-03-31 00:00:00,68.0,82.0,1.3,3.8,14.8
2004-03-31 01:00:00,44.0,64.0,1.0,2.7,14.8
2004-03-31 02:00:00,47.0,70.0,0.9,2.8,14.8
2004-03-31 04:00:00,15.0,26.0,0.5,0.8,14.5
2004-03-31 05:00:00,44.0,58.0,0.6,1.5,14.6
2004-03-31 06:00:00,85.0,93.0,1.0,3.5,14.4
2004-03-31 07:00:00,207.0,110.0,3.1,15.6,13.8
2004-03-31 08:00:00,230.0,115.0,4.1,19.9,13.2
2004-03-31 09:00:00,181.0,125.0,2.2,8.6,10.4
2004-03-31 10:00:00,144.0,118.0,1.7,6.5,11.5
2004-03-31 11:00:00,140.0,109.0,1.9,7.7,12.2
2004-03-31 12:00:00,204.0,123.0,2.9,11.3,12.3
2004-03-31 13:00:00,149.0,114.0,2.2,9.1,11.3
2004-03-31 14:00:00,171.0,114.0,2.6,11.2,13.6
2004-03-31 15:00:00,195.0,119.0,3.1,13.5,14.9
2004-03-31 16:00:00,152.0,111.0,2.3,10.1,15.7
2004-03-31 17:00:00,128.0,103.0,2.4,11.3,15.2
2004-03-31 18:00:00,121.0,103.0,2.8,11.8,15.5
2004-03-31 19:00:00,142.0,107.0,2.7,11.5,14.3
2004-03-31 20:00:00,131.0,105.0,2.3,9.3,13.2
2004-03-31 21:00:00,81.0,91.0,1.5,5.5,12.6
2004-03-31 22:00:00,60.0,79.0,1.4,5.1,12.3
2004-03-31 23:00:00,57.0,79.0,1.2,4.8,12.0
2004-04-01 00:00:00,96.0,86.0,1.6,6.3,12.0
2004-04-01 01:00:00,85.0,70.0,1.2,5.1,11.5
2004-04-01 02:00:00,50.0,55.0,1.1,4.1,10.7
2004-04-01 04:00:00,57.0,49.0,0.7,2.4,10.2
2004-04-01 05:00:00,64.0,50.0,0.9,2.9,11.0
2004-04-01 06:00:00,153.0,67.0,1.7,7.4,9.6
2004-04-01 07:00:00,342.0,94.0,4.2,19.8,9.5
2004-04-01 08:00:00,378.0,119.0,6.2,31.9,11.9
2004-04-01 09:00:00,304.0,139.0,4.6,21.0,16.2
2004-04-01 10:00:00,192.0,113.0,2.8,11.7,19.2
2004-04-01 11:00:00,130.0,88.0,1.6,6.8,19.7
2004-04-01 12:00:00,106.0,73.0,1.7,7.4,20.6
2004-04-01 13:00:00,102.0,73.0,1.7,8.6,21.8
2004-04-01 17:00:00,163.0,106.0,3.3,16.4,23.6
2004-04-01 18:00:00,211.0,132.0,4.2,21.2,22.8
2004-04-01 19:00:00,267.0,164.0,5.5,25.0,20.8
2004-04-01 20:00:00,269.0,161.0,4.9,20.2,18.3
2004-04-01 21:00:00,154.0,124.0,2.5,10.8,16.8
2004-04-01 22:00:00,127.0,113.0,2.0,9.9,15.8
2004-04-01 23:00:00,122.0,103.0,2.0,8.5,14.9
2004-04-02 00:00:00,126.0,104.0,2.0,8.0,14.1
2004-04-02 01:00:00,84.0,93.0,1.3,5.6,13.3
2004-04-02 02:00:00,58.0,60.0,1.0,3.2,13.3
2004-04-02 05:00:00,56.0,66.0,0.7,2.6,11.3
2004-04-02 06:00:00,91.0,82.0,1.1,4.3,11.4
2004-04-02 07:00:00,159.0,109.0,2.6,13.0,11.9
2004-04-02 08:00:00,190.0,114.0,3.9,20.3,12.6
2004-04-02 09:00:00,249.0,139.0,5.0,20.7,13.6
2004-04-02 10:00:00,196.0,127.0,3.3,15.9,16.9
2004-04-02 11:00:00,180.0,127.0,2.9,14.2,19.4
2004-04-02 12:00:00,167.0,135.0,3.1,15.9,22.9
2004-04-02 13:00:00,159.0,130.0,3.0,16.1,23.6
2004-04-02 14:00:00,152.0,126.0,2.7,14.7,24.7
2004-04-02 15:00:00,149.0,121.0,2.7,14.0,26.1
2004-04-02 16:00:00,143.0,122.0,2.6,13.6,27.6
2004-04-02 17:00:00,185.0,138.0,3.7,19.7,26.9
2004-04-02 18:00:00,223.0,165.0,4.5,23.3,24.3
2004-04-02 19:00:00,215.0,154.0,4.7,24.1,21.2
2004-04-02 20:00:00,271.0,168.0,5.5,25.4,19.4
2004-04-02 21:00:00,180.0,146.0,3.0,14.1,18.5
2004-04-02 22:00:00,115.0,124.0,1.9,10.1,17.8
2004-04-02 23:00:00,149.0,124.0,2.3,12.1,16.8
2004-04-03 00:00:00,98.0,106.0,1.6,9.0,17.1
2004-04-03 01:00:00,73.0,88.0,1.3,6.3,16.2
2004-04-03 02:00:00,69.0,83.0,1.2,5.3,15.1
2004-04-03 04:00:00,60.0,74.0,0.8,3.0,14.5
2004-04-03 05:00:00,56.0,64.0,0.8,3.3,13.7
2004-04-03 06:00:00,73.0,69.0,0.9,3.5,13.9
2004-04-03 07:00:00,159.0,91.0,2.0,9.5,13.3
2004-04-03 08:00:00,203.0,96.0,3.0,15.2,15.1
2004-04-03 09:00:00,211.0,106.0,3.1,14.3,17.0
2004-04-05 10:00:00,236.0,124.0,3.1,14.3,15.6
2004-04-05 11:00:00,228.0,121.0,3.0,13.7,16.6
2004-04-05 12:00:00,206.0,114.0,3.2,15.7,17.0
2004-04-05 13:00:00,188.0,114.0,3.1,15.4,18.0
2004-04-05 14:00:00,158.0,106.0,2.5,12.6,19.5
2004-04-05 15:00:00,124.0,89.0,2.1,9.8,21.6
2004-04-05 16:00:00,98.0,82.0,2.0,9.6,22.2
2004-04-05 17:00:00,160.0,111.0,3.2,16.3,20.3
2004-04-05 18:00:00,194.0,132.0,4.1,19.8,19.7
2004-04-05 19:00:00,174.0,121.0,3.9,18.0,18.8
2004-04-05 20:00:00,157.0,116.0,3.1,13.6,17.9
2004-04-05 21:00:00,109.0,100.0,2.0,8.7,17.5
2004-04-05 22:00:00,85.0,89.0,1.7,7.7,17.4
2004-04-05 23:00:00,90.0,92.0,1.6,7.3,17.0
2004-04-06 00:00:00,61.0,71.0,1.0,4.1,16.6
2004-04-06 01:00:00,36.0,51.0,0.8,2.7,15.9
2004-04-06 02:00:00,25.0,39.0,0.5,1.5,15.0
2004-04-06 04:00:00,24.0,35.0,0.5,1.8,14.1
2004-04-06 05:00:00,73.0,64.0,0.8,3.4,14.6
2004-04-06 06:00:00,164.0,94.0,1.7,8.5,14.4
2004-04-06 07:00:00,329.0,134.0,4.5,24.1,15.3
2004-04-06 08:00:00,302.0,129.0,6.2,33.7,16.2
2004-04-06 09:00:00,256.0,125.0,4.4,22.0,18.4
2004-04-06 10:00:00,182.0,107.0,2.9,14.1,19.6
2004-04-06 11:00:00,105.0,78.0,1.6,7.6,20.2
2004-04-06 12:00:00,136.0,91.0,2.6,14.5,20.9
2004-04-06 13:00:00,167.0,116.0,2.9,13.6,20.4
2004-04-06 14:00:00,166.0,131.0,2.5,11.5,19.3
2004-04-06 15:00:00,115.0,113.0,1.9,9.2,18.6
2004-04-06 16:00:00,109.0,98.0,1.9,10.3,18.8
2004-04-06 17:00:00,143.0,116.0,2.7,14.0,17.5
2004-04-06 18:00:00,159.0,120.0,3.0,15.0,16.8
2004-04-06 19:00:00,181.0,126.0,3.3,15.1,16.3
2004-04-06 20:00:00,178.0,126.0,3.2,14.8,15.6
2004-04-06 21:00:00,91.0,90.0,1.8,8.5,15.7
2004-04-06 22:00:00,76.0,81.0,1.3,5.9,15.8
2004-04-06 23:00:00,66.0,74.0,1.1,4.8,15.7
2004-04-07 00:00:00,56.0,67.0,0.9,4.0,15.7
2004-04-07 01:00:00,35.0,46.0,0.7,2.3,15.6
2004-04-07 02:00:00,21.0,30.0,0.4,1.4,15.6
2004-04-07 04:00:00,12.0,19.0,0.3,0.7,15.7
2004-04-07 05:00:00,22.0,32.0,0.3,0.8,15.3
2004-04-07 06:00:00,55.0,61.0,0.8,3.6,14.2
2004-04-07 07:00:00,152.0,111.0,2.8,12.9,14.3
2004-04-07 08:00:00,153.0,102.0,3.1,15.7,15.0
2004-04-07 09:00:00,152.0,116.0,2.3,8.6,13.6
2004-04-07 10:00:00,112.0,96.0,1.6,7.4,16.1
2004-04-07 11:00:00,119.0,97.0,1.5,6.6,16.6
2004-04-07 12:00:00,122.0,110.0,1.6,7.8,17.4
2004-04-07 13:00:00,115.0,103.0,1.8,9.1,18.1
2004-04-07 14:00:00,84.0,79.0,1.4,6.1,14.4
2004-04-07 15:00:00,146.0,104.0,1.9,7.5,10.9
2004-04-07 16:00:00,65.0,69.0,1.2,5.9,16.4
2004-04-07 17:00:00,120.0,96.0,2.3,12.7,18.0
2004-04-07 18:00:00,185.0,121.0,3.3,13.5,14.7
2004-04-07 19:00:00,157.0,129.0,3.1,14.5,11.3
2004-04-07 20:00:00,174.0,116.0,3.3,11.0,10.0
2004-04-07 21:00:00,62.0,71.0,1.2,3.2,9.8
2004-04-07 22:00:00,81.0,85.0,1.3,4.3,9.3
2004-04-07 23:00:00,118.0,101.0,1.9,7.1,9.6
2004-04-08 00:00:00,95.0,97.0,1.4,4.8,9.3
2004-04-08 01:00:00,84.0,89.0,1.5,5.7,9.0
2004-04-08 02:00:00,56.0,72.0,1.1,4.1,8.2
2004-04-08 05:00:00,69.0,62.0,0.8,2.8,8.1
2004-04-08 06:00:00,74.0,64.0,1.1,4.8,8.1
2004-04-08 07:00:00,161.0,80.0,2.6,13.8,8.1
2004-04-08 08:00:00,308.0,118.0,5.1,27.1,9.9
2004-04-08 09:00:00,300.0,130.0,4.2,19.1,13.0
2004-04-08 10:00:00,189.0,113.0,2.6,11.7,16.5
2004-04-08 11:00:00,164.0,112.0,2.4,12.7,19.3
2004-04-08 12:00:00,122.0,96.0,2.1,11.3,21.5
2004-04-08 13:00:00,166.0,125.0,2.6,14.2,20.4
2004-04-08 14:00:00,181.0,128.0,2.8,13.9,20.6
2004-04-08 15:00:00,127.0,101.0,2.5,13.2,20.6
2004-04-08 16:00:00,106.0,95.0,1.9,10.7,21.0
2004-04-08 17:00:00,192.0,138.0,3.6,19.7,21.5
2004-04-08 18:00:00,241.0,154.0,4.6,24.0,19.3
2004-04-08 19:00:00,326.0,171.0,6.3,29.1,18.0
2004-04-08 20:00:00,232.0,136.0,4.3,15.8,15.8
2004-04-08 21:00:00,92.0,93.0,1.6,7.0,15.3
2004-04-08 22:00:00,95.0,99.0,1.4,6.3,14.1
2004-04-09 23:00:00,157.0,95.0,2.3,8.4,12.0
2004-04-10 00:00:00,83.0,79.0,1.3,5.4,12.0
2004-04-10 01:00:00,118.0,78.0,1.7,6.9,11.5
2004-04-10 02:00:00,101.0,75.0,1.7,6.4,11.4
2004-04-10 04:00:00,46.0,52.0,0.8,3.3,10.8
2004-04-10 05:00:00,81.0,55.0,1.0,4.0,10.2
2004-04-10 06:00:00,112.0,65.0,1.4,6.0,10.8
2004-04-10 07:00:00,150.0,72.0,1.7,8.2,11.0
2004-04-10 08:00:00,138.0,76.0,2.0,9.9,12.4
2004-04-10 09:00:00,124.0,84.0,2.0,8.8,15.0
2004-04-10 10:00:00,124.0,90.0,1.9,8.4,16.6
2004-04-10 11:00:00,115.0,89.0,2.1,7.5,18.0
2004-04-10 12:00:00,101.0,87.0,1.8,7.8,20.6
2004-04-10 13:00:00,90.0,88.0,1.5,6.4,19.9
2004-04-10 14:00:00,90.0,81.0,1.3,5.1,19.8
2004-04-10 15:00:00,89.0,89.0,1.4,6.9,21.4
2004-04-10 16:00:00,92.0,91.0,1.5,6.8,22.1
2004-04-10 17:00:00,103.0,104.0,1.7,7.4,21.1
2004-04-10 18:00:00,122.0,111.0,2.0,8.7,18.3
2004-04-10 19:00:00,159.0,129.0,2.5,11.2,16.1
2004-04-10 20:00:00,172.0,133.0,2.4,10.5,14.8
2004-04-10 21:00:00,125.0,115.0,2.0,8.2,13.2
2004-04-10 22:00:00,187.0,125.0,2.9,11.6,12.3
2004-04-10 23:00:00,174.0,117.0,2.5,9.7,11.8
2004-04-11 00:00:00,75.0,84.0,1.4,5.1,11.2
2004-04-11 01:00:00,48.0,63.0,1.2,4.0,11.0
2004-04-11 02:00:00,61.0,68.0,1.0,3.7,9.3
2004-04-11 05:00:00,38.0,49.0,0.7,2.9,7.7
2004-04-11 06:00:00,41.0,49.0,0.8,2.9,7.4
2004-04-11 07:00:00,51.0,52.0,0.9,3.0,8.2
2004-04-11 08:00:00,61.0,58.0,1.1,3.7,8.7
2004-04-11 09:00:00,47.0,51.0,1.0,3.9,13.0
2004-04-11 10:00:00,87.0,77.0,1.6,6.2,17.4
2004-04-11 11:00:00,107.0,90.0,1.8,7.3,20.2
2004-04-11 12:00:00,161.0,118.0,2.6,9.2,22.7
2004-04-11 13:00:00,61.0,70.0,1.1,4.0,22.3
2004-04-11 14:00:00,26.0,35.0,0.6,2.3,22.2
2004-04-11 15:00:00,42.0,46.0,0.9,3.1,22.0
2004-04-11 16:00:00,55.0,58.0,1.0,3.2,21.0
2004-04-11 17:00:00,65.0,61.0,1.2,3.3,19.6
2004-04-11 18:00:00,75.0,80.0,1.4,4.0,17.9
2004-04-11 19:00:00,93.0,93.0,2.0,5.7,16.4
2004-04-11 20:00:00,63.0,78.0,1.1,3.4,15.6
2004-04-11 21:00:00,60.0,76.0,1.1,3.5,15.5
2004-04-11 22:00:00,63.0,74.0,1.1,2.9,14.5
2004-04-11 23:00:00,66.0,81.0,1.1,3.1,14.2
2004-04-12 00:00:00,41.0,58.0,0.7,1.6,13.7
2004-04-12 01:00:00,42.0,59.0,0.6,1.1,14.1
2004-04-12 02:00:00,36.0,54.0,0.7,2.0,14.6
2004-04-12 04:00:00,16.0,25.0,0.3,0.7,13.9
2004-04-12 05:00:00,16.0,26.0,0.3,0.5,13.5
2004-04-12 06:00:00,33.0,49.0,0.4,0.7,13.9
2004-04-12 07:00:00,39.0,53.0,0.5,0.9,13.5
2004-04-12 08:00:00,45.0,57.0,0.6,1.5,13.3
2004-04-12 09:00:00,63.0,73.0,0.8,2.2,13.4
2004-04-12 10:00:00,71.0,78.0,1.0,2.9,13.0
2004-04-12 11:00:00,104.0,93.0,1.3,3.9,12.7
2004-04-12 12:00:00,85.0,71.0,1.1,2.8,12.1
2004-04-12 13:00:00,53.0,56.0,0.6,1.4,11.2
2004-04-12 14:00:00,58.0,60.0,0.7,1.7,10.7
2004-04-12 15:00:00,89.0,77.0,1.2,3.6,11.4
2004-04-12 16:00:00,96.0,82.0,1.4,3.1,9.9
2004-04-12 17:00:00,88.0,77.0,1.2,3.5,10.3
2004-04-12 18:00:00,100.0,91.0,1.3,3.9,11.0
2004-04-12 19:00:00,127.0,93.0,1.8,5.2,10.6
2004-04-12 20:00:00,88.0,82.0,1.2,3.7,10.6
2004-04-12 21:00:00,66.0,74.0,0.8,2.7,10.6
2004-04-12 22:00:00,61.0,68.0,0.8,2.6,10.3
2004-04-12 23:00:00,54.0,65.0,0.8,2.4,10.4
2004-04-13 00:00:00,46.0,58.0,0.7,2.0,10.7
2004-04-13 01:00:00,25.0,36.0,0.5,1.3,10.5
2004-04-13 02:00:00,18.0,29.0,0.3,1.2,10.5
2004-04-13 04:00:00,21.0,28.0,0.3,0.9,11.1
2004-04-13 05:00:00,76.0,68.0,0.7,3.1,10.1
2004-04-13 06:00:00,149.0,99.0,1.6,6.9,10.0
2004-04-13 07:00:00,328.0,130.0,3.9,19.1,11.0
2004-04-13 08:00:00,282.0,128.0,4.5,22.1,12.0
2004-04-13 09:00:00,206.0,120.0,2.7,11.8,12.8
2004-04-13 10:00:00,133.0,93.0,1.6,7.3,12.6
2004-04-13 11:00:00,137.0,96.0,1.6,8.0,13.8
2004-04-13 12:00:00,116.0,84.0,1.6,7.2,15.1
2004-04-13 13:00:00,112.0,87.0,1.5,7.7,16.3
2004-04-13 14:00:00,128.0,87.0,1.8,9.7,16.6
2004-04-13 15:00:00,145.0,103.0,2.1,9.8,15.8
2004-04-13 16:00:00,110.0,88.0,1.7,7.7,16.3
2004-04-13 17:00:00,184.0,118.0,3.0,15.3,16.1
2004-04-13 18:00:00,243.0,134.0,4.6,21.5,15.3
2004-04-13 19:00:00,259.0,144.0,5.0,21.7,14.7
2004-04-13 20:00:00,205.0,129.0,3.5,14.6,14.1
2004-04-13 21:00:00,144.0,108.0,2.1,9.3,13.5
2004-04-13 22:00:00,152.0,104.0,2.1,9.4,12.3
2004-04-13 23:00:00,108.0,90.0,1.5,6.8,11.6
2004-04-14 00:00:00,64.0,74.0,1.1,4.9,11.5
2004-04-14 01:00:00,73.0,73.0,0.9,3.9,10.9
2004-04-14 02:00:00,47.0,60.0,0.7,2.7,11.1
2004-04-14 05:00:00,79.0,62.0,0.9,3.3,10.2
2004-04-14 06:00:00,113.0,71.0,1.6,7.4,10.3
2004-04-14 07:00:00,263.0,94.0,3.9,18.2,10.8
2004-04-14 08:00:00,275.0,99.0,5.0,27.7,13.3
2004-04-14 09:00:00,263.0,119.0,4.3,18.3,15.8
2004-04-14 10:00:00,183.0,103.0,2.7,12.3,19.5
2004-04-14 11:00:00,147.0,95.0,2.1,8.9,21.1
2004-04-14 12:00:00,132.0,95.0,2.1,10.4,18.4
2004-04-15 09:00:00,309.0,114.0,3.9,19.1,13.5
2004-04-15 10:00:00,327.0,127.0,3.8,17.3,15.0
2004-04-15 11:00:00,299.0,135.0,3.8,17.5,17.1
2004-04-15 12:00:00,257.0,135.0,3.9,17.0,18.4
2004-04-15 13:00:00,195.0,120.0,3.5,17.0,19.3
2004-04-15 14:00:00,231.0,129.0,4.0,19.5,19.2
2004-04-15 15:00:00,170.0,114.0,3.0,14.8,21.5
2004-04-15 16:00:00,192.0,129.0,3.1,14.0,19.6
2004-04-15 17:00:00,251.0,149.0,5.2,24.4,19.6
2004-04-15 18:00:00,289.0,149.0,5.9,28.1,18.3
2004-04-15 19:00:00,351.0,158.0,7.3,33.7,17.4
2004-04-15 20:00:00,319.0,148.0,6.1,24.2,16.8
2004-04-15 21:00:00,264.0,134.0,4.6,19.8,16.2
2004-04-15 22:00:00,144.0,111.0,2.5,9.3,14.9
2004-04-15 23:00:00,119.0,106.0,2.2,7.3,13.9
2004-04-16 00:00:00,120.0,108.0,2.0,7.1,13.7
2004-04-16 01:00:00,96.0,93.0,1.9,6.7,13.4
2004-04-16 02:00:00,77.0,83.0,1.6,6.0,12.8
2004-04-16 04:00:00,63.0,69.0,1.0,3.6,11.9
2004-04-16 05:00:00,97.0,77.0,1.2,5.4,11.6
2004-04-16 06:00:00,180.0,87.0,2.0,10.0,11.7
2004-04-16 07:00:00,352.0,109.0,4.5,23.2,12.8
2004-04-16 08:00:00,279.0,116.0,4.1,18.7,13.8
2004-04-16 09:00:00,186.0,105.0,2.6,9.9,15.3
2004-04-16 10:00:00,169.0,106.0,2.3,10.2,16.6
2004-04-16 11:00:00,172.0,108.0,2.6,11.0,17.6
2004-04-16 12:00:00,127.0,100.0,2.4,10.5,19.2
2004-04-16 13:00:00,230.0,149.0,4.3,18.9,15.7
2004-04-16 14:00:00,280.0,148.0,4.6,18.9,14.5
2004-04-16 15:00:00,242.0,126.0,4.0,17.5,14.4
2004-04-16 16:00:00,250.0,140.0,4.7,17.7,14.6
2004-04-16 17:00:00,309.0,142.0,5.7,23.0,14.6
2004-04-16 18:00:00,270.0,141.0,5.2,20.4,14.0
2004-04-16 19:00:00,323.0,149.0,6.4,26.8,13.9
2004-04-16 20:00:00,307.0,140.0,6.0,19.9,13.8
2004-04-16 21:00:00,224.0,117.0,3.4,12.5,13.5
2004-04-16 22:00:00,166.0,103.0,2.7,9.6,13.1
2004-04-16 23:00:00,171.0,99.0,3.1,10.0,12.8
2004-04-17 00:00:00,169.0,100.0,2.6,8.1,12.7
2004-04-17 01:00:00,120.0,88.0,2.2,7.1,12.5
2004-04-17 02:00:00,103.0,83.0,1.9,6.4,12.7
2004-04-23 05:00:00,59.0,59.0,0.6,2.9,14.2
2004-04-23 06:00:00,72.0,67.0,0.8,4.9,14.3
2004-04-23 07:00:00,244.0,95.0,4.0,22.6,14.0
2004-04-23 08:00:00,351.0,123.0,5.6,31.1,15.4
2004-04-23 09:00:00,358.0,142.0,5.0,22.1,19.1
2004-04-23 10:00:00,245.0,142.0,3.2,18.3,23.7
2004-04-23 11:00:00,240.0,169.0,3.8,22.0,26.9
2004-04-23 12:00:00,179.0,142.0,3.3,20.1,29.7
2004-04-23 13:00:00,160.0,136.0,3.0,18.9,29.2
2004-04-23 14:00:00,174.0,147.0,3.2,20.6,29.6
2004-04-23 15:00:00,260.0,196.0,4.4,25.3,30.0
2004-04-23 16:00:00,281.0,186.0,4.6,25.8,29.5
2004-04-23 17:00:00,284.0,177.0,5.2,30.6,27.0
2004-04-23 18:00:00,250.0,164.0,4.8,27.1,24.9
2004-04-23 19:00:00,281.0,161.0,5.6,32.5,23.1
2004-04-23 20:00:00,230.0,146.0,4.6,20.8,21.5
2004-04-23 21:00:00,98.0,98.0,1.8,10.9,20.5
2004-04-23 22:00:00,121.0,108.0,2.2,13.0,19.2
2004-04-23 23:00:00,110.0,107.0,2.0,11.8,18.8
2004-04-24 00:00:00,161.0,113.0,2.8,13.4,18.2
2004-04-24 01:00:00,148.0,100.0,2.6,13.4,16.1
2004-04-24 02:00:00,109.0,87.0,1.8,9.0,16.3
2004-04-24 05:00:00,71.0,65.0,0.7,3.7,14.8
2004-04-24 06:00:00,75.0,64.0,0.9,5.7,14.0
2004-04-24 07:00:00,106.0,73.0,1.5,10.0,14.6
2004-04-24 08:00:00,166.0,86.0,2.5,15.0,16.7
2004-04-24 09:00:00,188.0,105.0,3.0,15.6,20.0
2004-04-24 10:00:00,161.0,107.0,2.6,12.3,23.9
2004-04-24 11:00:00,139.0,114.0,2.6,14.4,26.8
2004-04-24 12:00:00,134.0,105.0,2.6,14.6,27.2
2004-04-24 13:00:00,84.0,74.0,1.9,8.7,26.9
2004-04-24 14:00:00,98.0,95.0,2.0,11.0,24.3
2004-04-24 15:00:00,91.0,89.0,1.7,9.0,25.6
2004-04-24 16:00:00,99.0,95.0,1.9,10.7,27.0
2004-04-24 17:00:00,90.0,93.0,1.8,9.9,27.5
2004-04-24 18:00:00,147.0,123.0,2.8,15.7,24.9
2004-04-24 19:00:00,177.0,134.0,3.5,19.4,23.4
2004-04-24 20:00:00,162.0,126.0,3.4,16.8,21.2
2004-04-24 21:00:00,88.0,79.0,2.0,6.8,15.6
2004-04-24 22:00:00,53.0,54.0,1.1,3.0,12.9
2004-04-24 23:00:00,68.0,69.0,1.3,3.2,11.5
2004-04-25 00:00:00,61.0,67.0,1.2,3.1,12.2
2004-04-25 01:00:00,71.0,73.0,1.3,3.9,12.4
2004-04-25 02:00:00,63.0,73.0,1.0,3.6,12.7
2004-04-25 05:00:00,14.0,20.0,0.3,0.7,12.5
2004-04-25 06:00:00,34.0,37.0,0.5,1.1,12.8
2004-04-25 07:00:00,42.0,50.0,0.6,1.4,13.5
2004-04-25 08:00:00,40.0,45.0,0.6,1.6,14.4
2004-04-25 09:00:00,48.0,48.0,0.8,2.3,15.1
2004-04-25 10:00:00,61.0,56.0,1.0,2.5,16.6
2004-04-25 11:00:00,58.0,58.0,0.9,2.7,17.2
2004-04-25 12:00:00,57.0,52.0,1.0,2.7,17.4
2004-04-25 13:00:00,54.0,52.0,0.8,2.2,17.9
2004-04-25 14:00:00,41.0,44.0,0.7,2.0,18.3
2004-04-25 15:00:00,57.0,59.0,0.9,3.4,19.4
2004-04-25 16:00:00,83.0,74.0,1.3,4.5,20.2
2004-04-25 17:00:00,81.0,76.0,1.4,4.7,19.6
2004-04-25 18:00:00,98.0,83.0,1.5,6.0,18.5
2004-04-25 19:00:00,124.0,100.0,2.7,11.7,17.8
2004-04-25 20:00:00,133.0,101.0,2.5,8.2,16.6
2004-04-25 21:00:00,100.0,90.0,1.4,5.1,15.5
2004-04-25 22:00:00,116.0,93.0,2.8,13.0,14.8
2004-04-25 23:00:00,102.0,79.0,2.1,7.0,14.5
2004-04-26 00:00:00,55.0,57.0,1.1,3.9,14.1
2004-04-26 01:00:00,33.0,43.0,0.7,2.2,14.2
2004-04-26 02:00:00,17.0,25.0,0.4,1.3,14.1
2004-04-26 05:00:00,35.0,44.0,0.4,1.2,13.9
2004-04-26 06:00:00,70.0,72.0,0.8,3.4,14.0
2004-04-26 07:00:00,116.0,91.0,1.9,7.5,14.4
2004-04-26 08:00:00,134.0,89.0,2.1,8.9,15.0
2004-04-26 09:00:00,113.0,84.0,1.4,5.3,16.3
2004-04-26 10:00:00,110.0,83.0,1.4,5.4,18.3
2004-04-26 11:00:00,98.0,78.0,1.3,5.2,18.8
2004-04-26 12:00:00,96.0,80.0,1.5,6.6,19.6
2004-04-26 13:00:00,95.0,75.0,1.6,6.9,20.2
2004-04-26 14:00:00,86.0,77.0,1.3,5.4,19.7
2004-04-26 15:00:00,86.0,77.0,1.4,6.0,20.7
2004-04-26 16:00:00,91.0,81.0,1.5,6.4,20.0
2004-04-26 17:00:00,119.0,101.0,2.2,10.7,18.6
2004-04-26 18:00:00,147.0,119.0,3.2,13.9,18.3
2004-04-26 19:00:00,135.0,111.0,3.0,12.5,17.8
2004-04-26 20:00:00,124.0,109.0,2.6,9.3,17.3
2004-04-26 21:00:00,89.0,101.0,1.6,6.7,17.3
2004-04-26 22:00:00,79.0,89.0,1.5,5.3,16.4
2004-04-26 23:00:00,63.0,75.0,1.2,4.0,16.0
2004-04-27 00:00:00,39.0,51.0,0.8,2.2,15.4
2004-04-27 01:00:00,25.0,39.0,0.7,1.7,15.7
2004-04-27 02:00:00,19.0,32.0,0.5,1.6,15.6
2004-04-27 05:00:00,58.0,68.0,0.7,3.3,15.5
2004-04-27 06:00:00,112.0,76.0,1.4,8.9,14.4
2004-04-27 07:00:00,314.0,122.0,4.1,23.4,15.9
2004-04-27 08:00:00,240.0,129.0,4.6,23.8,18.1
2004-04-27 09:00:00,128.0,94.0,1.9,7.9,19.6
2004-04-27 10:00:00,141.0,99.0,1.9,8.2,22.8
2004-04-27 11:00:00,118.0,81.0,1.7,8.8,24.8
2004-04-27 12:00:00,132.0,87.0,2.4,14.6,27.2
2004-04-27 13:00:00,150.0,107.0,3.0,18.0,28.2
2004-04-27 14:00:00,121.0,95.0,2.0,12.0,25.4
2004-04-27 15:00:00,149.0,110.0,2.7,14.8,25.7
2004-04-27 16:00:00,120.0,99.0,2.2,12.5,27.2
2004-04-27 17:00:00,155.0,113.0,2.9,15.5,27.0
2004-04-27 18:00:00,172.0,127.0,3.4,17.7,24.5
2004-04-27 19:00:00,177.0,131.0,3.9,21.6,23.7
2004-04-27 20:00:00,181.0,137.0,3.6,18.9,21.5
2004-04-27 21:00:00,135.0,122.0,2.5,12.5,19.9
2004-04-27 22:00:00,99.0,100.0,1.8,8.8,18.9
2004-04-27 23:00:00,111.0,108.0,2.0,10.9,17.9
2004-04-28 00:00:00,72.0,83.0,1.3,8.0,17.4
2004-04-28 01:00:00,54.0,74.0,1.0,4.4,18.1
2004-04-28 02:00:00,41.0,64.0,0.6,2.8,16.5
2004-04-28 05:00:00,29.0,39.0,0.5,2.5,16.3
2004-04-28 06:00:00,76.0,69.0,1.1,7.5,13.9
2004-04-28 07:00:00,321.0,104.0,5.5,30.4,15.0
2004-04-28 08:00:00,274.0,100.0,4.2,22.0,16.1
2004-04-28 09:00:00,322.0,146.0,4.6,24.7,19.3
2004-04-28 10:00:00,255.0,155.0,3.4,18.4,24.2
2004-04-28 11:00:00,196.0,139.0,2.8,16.8,26.7
2004-04-28 12:00:00,136.0,121.0,2.5,14.2,27.4
2004-04-28 13:00:00,119.0,108.0,2.4,15.7,28.1
2004-04-28 14:00:00,169.0,126.0,3.2,21.9,27.7
2004-04-28 15:00:00,197.0,145.0,3.5,20.8,28.4
2004-04-28 16:00:00,140.0,121.0,2.9,16.2,28.4
2004-04-28 17:00:00,178.0,145.0,3.6,19.8,27.3
2004-04-28 18:00:00,223.0,160.0,4.8,28.9,24.3
2004-04-28 19:00:00,222.0,155.0,5.4,28.3,23.1
2004-04-28 20:00:00,265.0,162.0,5.3,24.9,21.8
2004-04-28 21:00:00,151.0,129.0,2.7,13.1,19.8
2004-04-28 22:00:00,79.0,96.0,1.4,8.6,19.6
2004-04-28 23:00:00,87.0,92.0,1.6,9.5,17.9
2004-04-29 00:00:00,88.0,89.0,1.5,7.8,17.4
2004-04-29 01:00:00,51.0,61.0,1.0,5.2,16.8
2004-04-29 02:00:00,34.0,54.0,0.6,2.8,15.9
2004-04-29 05:00:00,76.0,57.0,0.8,4.4,13.3
2004-04-29 06:00:00,139.0,68.0,1.5,9.4,12.9
2004-04-29 07:00:00,293.0,95.0,4.9,29.8,14.8
2004-04-29 08:00:00,368.0,125.0,7.2,36.2,16.1
2004-04-29 09:00:00,250.0,135.0,3.5,18.0,18.6
2004-04-29 10:00:00,145.0,118.0,2.1,10.9,23.8
2004-04-29 11:00:00,110.0,91.0,1.5,9.0,25.4
2004-04-29 12:00:00,104.0,89.0,2.0,14.4,25.6
2004-04-29 13:00:00,205.0,129.0,3.8,22.3,24.9
2004-04-29 14:00:00,201.0,122.0,3.4,20.9,22.4
2004-04-29 15:00:00,266.0,138.0,4.4,23.1,21.7
2004-04-29 16:00:00,246.0,136.0,3.9,21.2,21.4
2004-04-29 17:00:00,247.0,143.0,4.9,24.8,20.8
2004-04-29 18:00:00,271.0,145.0,5.4,28.6,20.2
2004-04-29 19:00:00,332.0,146.0,6.5,32.6,20.2
2004-04-29 20:00:00,245.0,122.0,4.3,19.2,18.6
2004-04-29 21:00:00,180.0,112.0,2.9,16.3,18.2
2004-04-29 22:00:00,156.0,102.0,2.7,13.7,17.8
2004-04-29 23:00:00,172.0,97.0,2.8,13.6,17.0
2004-04-30 00:00:00,137.0,85.0,2.3,11.1,16.2
2004-04-30 01:00:00,91.0,76.0,1.7,7.6,15.7
2004-04-30 02:00:00,80.0,74.0,1.2,5.9,15.7
2004-04-30 05:00:00,68.0,66.0,0.8,4.5,15.7
2004-04-30 06:00:00,162.0,90.0,1.7,9.3,15.9
2004-04-30 07:00:00,213.0,111.0,3.0,18.3,16.6
2004-04-30 08:00:00,161.0,103.0,3.4,19.9,18.7
2004-04-30 09:00:00,209.0,117.0,3.3,16.6,17.6
2004-04-30 10:00:00,191.0,116.0,2.7,12.6,16.3
2004-04-30 11:00:00,215.0,109.0,2.6,12.9,16.0
2004-04-30 12:00:00,212.0,116.0,3.2,14.9,17.3
2004-04-30 13:00:00,202.0,115.0,3.4,17.4,19.4
2004-04-30 14:00:00,153.0,94.0,2.6,15.4,21.4
2004-04-30 15:00:00,185.0,121.0,3.4,16.7,22.7
2004-04-30 16:00:00,210.0,114.0,4.0,18.0,20.9
2004-04-30 17:00:00,215.0,110.0,4.5,19.2,21.0
2004-04-30 18:00:00,215.0,122.0,4.2,21.0,20.8
2004-04-30 19:00:00,281.0,135.0,5.7,26.9,19.8
2004-04-30 20:00:00,254.0,133.0,4.4,19.5,19.1
2004-04-30 21:00:00,189.0,110.0,3.1,15.1,18.2
2004-04-30 22:00:00,174.0,102.0,3.0,14.6,18.1
2004-04-30 23:00:00,167.0,108.0,3.1,13.7,17.7
2004-05-01 00:00:00,185.0,110.0,3.5,15.2,17.8
2004-05-01 01:00:00,129.0,84.0,2.4,9.3,17.3
2004-05-01 02:00:00,85.0,71.0,1.6,6.5,16.5
2004-05-01 05:00:00,24.0,32.0,0.6,2.6,16.7
2004-05-01 06:00:00,30.0,35.0,0.7,3.1,16.7
2004-05-01 07:00:00,75.0,67.0,1.2,6.5,16.9
2004-05-01 08:00:00,79.0,73.0,1.5,6.5,17.7
2004-05-01 09:00:00,104.0,86.0,1.8,8.8,19.4
2004-05-01 10:00:00,118.0,89.0,2.1,8.8,21.6
2004-05-01 11:00:00,105.0,86.0,1.9,9.2,24.6
2004-05-01 12:00:00,101.0,86.0,2.0,9.2,26.0
2004-05-01 13:00:00,65.0,66.0,1.3,6.1,25.6
2004-05-01 14:00:00,59.0,68.0,1.3,6.5,24.8
2004-05-01 15:00:00,80.0,82.0,1.8,9.2,26.1
2004-05-01 16:00:00,98.0,91.0,2.0,8.3,25.5
2004-05-01 17:00:00,89.0,95.0,1.8,8.3,23.7
2004-05-01 18:00:00,114.0,104.0,2.4,11.0,22.3
2004-05-01 19:00:00,195.0,131.0,4.0,14.7,20.7
2004-05-01 20:00:00,156.0,112.0,2.8,10.8,19.0
2004-05-01 21:00:00,109.0,100.0,2.0,9.4,17.8
2004-05-01 22:00:00,184.0,115.0,3.6,14.8,17.4
2004-05-01 23:00:00,190.0,129.0,3.7,13.3,17.6
2004-05-02 00:00:00,105.0,99.0,2.3,8.4,17.2
2004-05-02 01:00:00,76.0,74.0,1.8,7.9,17.1
2004-05-02 02:00:00,38.0,55.0,0.9,5.5,16.4
2004-05-02 05:00:00,33.0,37.0,0.6,2.6,14.7
2004-05-02 06:00:00,57.0,45.0,0.7,3.6,13.1
2004-05-02 07:00:00,48.0,46.0,0.8,4.8,14.3
2004-05-02 08:00:00,87.0,68.0,1.2,5.9,16.0
2004-05-02 09:00:00,94.0,77.0,1.4,6.9,17.7
2004-05-02 10:00:00,89.0,79.0,1.6,8.5,21.3
2004-05-02 11:00:00,78.0,72.0,1.3,6.1,23.6
2004-05-02 12:00:00,72.0,68.0,1.3,6.2,24.3
2004-05-02 13:00:00,64.0,64.0,1.1,4.8,24.4
2004-05-02 14:00:00,70.0,73.0,1.2,6.8,24.6
2004-05-02 15:00:00,92.0,84.0,1.5,7.0,23.9
2004-05-02 16:00:00,69.0,67.0,1.1,5.5,25.9
2004-05-02 17:00:00,131.0,106.0,1.9,9.5,24.5
2004-05-02 18:00:00,144.0,114.0,2.3,11.9,22.6
2004-05-02 19:00:00,209.0,123.0,3.3,13.8,21.2
2004-05-02 20:00:00,170.0,108.0,2.6,10.7,19.9
2004-05-02 21:00:00,152.0,100.0,2.2,9.7,19.4
2004-05-02 22:00:00,171.0,118.0,2.3,10.2,19.4
2004-05-02 23:00:00,153.0,121.0,2.0,8.3,19.1
2004-05-03 00:00:00,97.0,94.0,1.6,7.1,18.0
2004-05-03 01:00:00,37.0,52.0,0.8,3.0,17.6
2004-05-03 02:00:00,26.0,39.0,0.6,2.2,16.4
2004-05-03 05:00:00,61.0,57.0,0.7,3.7,15.8
2004-05-03 06:00:00,152.0,80.0,1.3,8.2,16.0
2004-05-03 07:00:00,283.0,101.0,3.4,21.1,16.8
2004-05-03 08:00:00,320.0,109.0,4.7,26.5,16.9
2004-05-03 09:00:00,318.0,109.0,3.4,17.4,17.4
2004-05-03 10:00:00,201.0,111.0,2.5,12.9,21.4
2004-05-03 11:00:00,135.0,102.0,2.0,10.9,23.9
2004-05-03 12:00:00,127.0,96.0,1.9,11.0,26.8
2004-05-03 13:00:00,102.0,90.0,1.7,10.8,28.4
2004-05-03 14:00:00,74.0,69.0,1.4,10.0,30.3
2004-05-03 15:00:00,81.0,74.0,1.5,11.2,30.9
2004-05-03 16:00:00,129.0,102.0,2.4,16.8,30.2
2004-05-03 17:00:00,190.0,128.0,3.9,23.6,26.4
2004-05-03 18:00:00,192.0,130.0,4.2,23.3,24.9
2004-05-03 19:00:00,163.0,120.0,3.7,19.4,23.5
2004-05-03 20:00:00,149.0,113.0,3.2,13.1,19.3
2004-05-03 21:00:00,119.0,100.0,2.0,9.8,18.7
2004-05-03 22:00:00,61.0,70.0,1.1,5.3,19.5
2004-05-03 23:00:00,84.0,83.0,1.5,6.7,18.9
2004-05-04 00:00:00,79.0,81.0,1.3,5.5,18.4
2004-05-04 01:00:00,58.0,69.0,1.0,3.7,16.4
2004-05-04 02:00:00,32.0,48.0,0.6,2.2,16.1
2004-05-04 05:00:00,49.0,47.0,0.6,2.9,15.7
2004-05-04 06:00:00,180.0,88.0,1.9,9.9,16.0
2004-05-04 07:00:00,302.0,109.0,4.5,23.0,16.6
2004-05-04 08:00:00,258.0,113.0,4.3,22.3,16.1
2004-05-04 09:00:00,192.0,104.0,3.2,16.2,17.7
2004-05-04 10:00:00,84.0,65.0,1.3,7.9,20.3
2004-05-04 11:00:00,128.0,87.0,2.2,12.4,21.2
2004-05-04 12:00:00,145.0,99.0,2.6,13.6,21.5
2004-05-04 13:00:00,132.0,100.0,2.3,12.3,21.4
2004-05-04 14:00:00,136.0,105.0,2.4,12.1,20.4
2004-05-04 15:00:00,140.0,97.0,2.6,12.9,19.9
2004-05-04 16:00:00,55.0,54.0,1.2,6.3,19.9
2004-05-04 17:00:00,67.0,59.0,1.6,10.6,19.5
2004-05-04 18:00:00,191.0,109.0,3.9,20.6,18.3
2004-05-04 19:00:00,227.0,125.0,4.7,22.1,17.2
2004-05-04 20:00:00,264.0,132.0,5.4,20.8,16.1
2004-05-04 21:00:00,196.0,110.0,3.0,11.8,16.6
2004-05-04 22:00:00,43.0,53.0,0.9,4.3,18.5
2004-05-04 23:00:00,58.0,61.0,1.1,5.0,17.3
2004-05-05 00:00:00,33.0,41.0,0.7,2.3,18.6
2004-05-05 01:00:00,14.0,22.0,0.5,1.4,19.0
2004-05-05 02:00:00,18.0,28.0,0.5,1.5,15.7
2004-05-05 05:00:00,56.0,54.0,0.8,3.5,14.6
2004-05-05 06:00:00,108.0,81.0,1.3,6.9,14.5
2004-05-05 07:00:00,251.0,107.0,3.5,19.1,15.1
2004-05-05 09:00:00,255.0,124.0,3.9,18.9,16.4
2004-05-05 10:00:00,214.0,123.0,2.9,13.0,16.3
2004-05-05 11:00:00,190.0,120.0,2.6,13.0,17.2
2004-05-05 12:00:00,182.0,113.0,3.0,14.5,17.4
2004-05-05 13:00:00,202.0,114.0,3.7,19.7,16.8
2004-05-05 14:00:00,224.0,120.0,3.9,19.4,17.3
2004-05-05 15:00:00,221.0,125.0,3.5,16.4,17.5
2004-05-05 16:00:00,126.0,88.0,2.4,11.2,17.5
2004-05-05 17:00:00,79.0,72.0,1.6,10.0,17.7
2004-05-05 18:00:00,137.0,103.0,3.0,14.6,17.1
2004-05-05 19:00:00,68.0,67.0,1.6,8.5,17.5
2004-05-05 20:00:00,96.0,79.0,2.1,9.2,15.9
2004-05-05 21:00:00,111.0,89.0,1.8,6.9,15.1
2004-05-05 22:00:00,56.0,67.0,1.1,3.7,13.9
2004-05-05 23:00:00,81.0,83.0,1.5,4.9,12.0
2004-05-06 00:00:00,79.0,76.0,1.4,4.6,12.5
2004-05-06 01:00:00,46.0,58.0,0.9,3.4,12.0
2004-05-06 02:00:00,19.0,30.0,0.5,1.2,12.6
2004-05-06 05:00:00,48.0,50.0,0.6,2.3,13.2
2004-05-06 06:00:00,128.0,92.0,1.3,6.1,13.1
2004-05-06 07:00:00,193.0,101.0,2.9,16.8,14.7
2004-05-06 08:00:00,203.0,121.0,3.6,20.3,15.9
2004-05-06 09:00:00,220.0,130.0,3.4,16.4,17.9
2004-05-06 10:00:00,161.0,114.0,2.5,12.5,20.2
2004-05-06 11:00:00,135.0,100.0,2.1,9.8,18.5
2004-05-06 12:00:00,57.0,56.0,1.1,5.2,13.0
2004-05-06 13:00:00,91.0,75.0,1.8,8.9,15.1
2004-05-06 14:00:00,219.0,121.0,3.0,14.1,13.6
2004-05-06 15:00:00,239.0,128.0,3.1,12.7,12.3
2004-05-06 16:00:00,209.0,139.0,3.6,14.6,12.7
2004-05-06 17:00:00,169.0,122.0,3.3,12.4,14.4
2004-05-06 18:00:00,92.0,92.0,1.8,9.4,15.6
2004-05-06 19:00:00,107.0,97.0,2.1,11.0,15.0
2004-05-06 20:00:00,122.0,98.0,2.2,8.9,13.7
2004-05-06 21:00:00,100.0,93.0,1.6,6.6,12.3
2004-05-06 22:00:00,51.0,65.0,0.9,3.9,15.4
2004-05-06 23:00:00,93.0,81.0,1.8,7.3,14.1
2004-05-07 00:00:00,145.0,102.0,2.3,8.2,13.8
2004-05-07 01:00:00,106.0,91.0,2.0,7.5,13.5
2004-05-07 02:00:00,46.0,56.0,0.9,3.3,13.7
2004-05-07 05:00:00,51.0,48.0,0.7,2.8,14.6
2004-05-07 06:00:00,89.0,72.0,1.5,7.5,14.3
2004-05-07 07:00:00,214.0,106.0,3.7,19.8,14.9
2004-05-07 08:00:00,196.0,107.0,4.2,22.1,16.4
2004-05-07 09:00:00,224.0,127.0,3.4,15.0,16.0
2004-05-07 10:00:00,174.0,114.0,2.4,9.3,18.6
2004-05-07 11:00:00,90.0,101.0,1.3,6.3,19.7
2004-05-07 12:00:00,89.0,95.0,1.5,8.2,21.2
2004-05-07 13:00:00,132.0,110.0,2.2,10.9,19.7
2004-05-07 14:00:00,114.0,101.0,1.8,9.3,19.8
2004-05-07 15:00:00,107.0,106.0,1.9,8.4,19.2
2004-05-07 16:00:00,140.0,116.0,2.3,9.4,14.2
2004-05-07 17:00:00,187.0,124.0,3.6,17.9,12.9
2004-05-07 18:00:00,222.0,133.0,4.3,17.4,12.7
2004-05-07 19:00:00,117.0,96.0,2.2,10.5,13.9
2004-05-07 20:00:00,89.0,85.0,1.5,7.5,13.9
2004-05-07 21:00:00,130.0,97.0,2.0,8.0,13.4
2004-05-07 22:00:00,133.0,97.0,2.0,7.7,13.4
2004-05-07 23:00:00,144.0,101.0,2.1,7.3,13.3
2004-05-08 00:00:00,99.0,85.0,1.5,6.4,13.3
2004-05-08 01:00:00,102.0,80.0,2.2,5.6,13.6
2004-05-08 02:00:00,27.0,33.0,0.5,1.5,14.6
2004-05-10 09:00:00,257.0,117.0,4.4,20.2,17.8
2004-05-10 10:00:00,178.0,107.0,2.5,13.4,20.0
2004-05-10 11:00:00,145.0,95.0,2.1,11.7,20.3
2004-05-10 12:00:00,137.0,93.0,2.4,13.4,20.7
2004-05-10 13:00:00,139.0,104.0,2.2,12.9,20.8
2004-05-10 14:00:00,130.0,102.0,2.2,13.4,21.5
2004-05-10 15:00:00,148.0,109.0,2.3,13.7,25.0
2004-05-10 16:00:00,120.0,97.0,2.1,14.2,25.2
2004-05-10 17:00:00,132.0,104.0,2.5,17.8,23.4
2004-05-10 18:00:00,188.0,124.0,3.6,22.0,21.0
2004-05-10 19:00:00,204.0,135.0,4.0,24.4,19.2
2004-05-10 20:00:00,167.0,122.0,3.0,16.3,17.7
2004-05-10 21:00:00,128.0,109.0,2.1,12.4,16.8
2004-05-10 22:00:00,106.0,95.0,1.7,9.6,15.8
2004-05-10 23:00:00,88.0,86.0,1.1,6.4,16.0
2004-05-11 00:00:00,77.0,78.0,0.9,6.0,14.2
2004-05-11 01:00:00,36.0,53.0,0.4,2.8,15.0
2004-05-11 02:00:00,28.0,43.0,0.2,1.6,14.3
2004-05-11 05:00:00,55.0,48.0,0.6,3.6,12.0
2004-05-11 06:00:00,135.0,64.0,1.4,8.4,11.3
2004-05-11 07:00:00,327.0,95.0,4.6,27.5,12.7
2004-05-11 08:00:00,383.0,120.0,5.5,31.0,14.5
2004-05-11 09:00:00,366.0,153.0,4.8,26.0,17.5
2004-05-11 10:00:00,322.0,163.0,4.5,22.6,21.9
2004-05-11 11:00:00,188.0,119.0,3.0,18.3,23.5
2004-05-11 12:00:00,144.0,96.0,2.5,13.9,24.3
2004-05-11 13:00:00,132.0,94.0,2.3,14.4,23.8
2004-05-11 14:00:00,117.0,86.0,2.0,11.6,24.2
2004-05-11 15:00:00,121.0,91.0,1.9,12.2,26.5
2004-05-11 16:00:00,124.0,97.0,1.9,12.4,25.7
2004-05-11 17:00:00,188.0,125.0,3.5,21.1,26.3
2004-05-11 18:00:00,226.0,140.0,4.6,29.9,24.4
2004-05-11 19:00:00,266.0,158.0,6.3,34.3,23.1
2004-05-11 20:00:00,269.0,159.0,5.0,26.1,21.1
2004-05-11 21:00:00,183.0,128.0,3.3,18.1,19.2
2004-05-11 22:00:00,167.0,114.0,2.7,14.2,18.1
2004-05-11 23:00:00,138.0,100.0,2.2,12.4,17.3
2004-05-12 00:00:00,105.0,88.0,1.7,8.7,16.9
2004-05-12 01:00:00,54.0,67.0,0.8,5.2,17.6
2004-05-12 02:00:00,58.0,65.0,0.8,4.6,15.6
2004-05-12 05:00:00,84.0,57.0,0.8,4.7,14.0
2004-05-12 06:00:00,134.0,73.0,1.5,9.6,14.5
2004-05-12 07:00:00,279.0,95.0,4.1,23.6,15.5
2004-05-12 08:00:00,333.0,110.0,5.9,37.4,17.0
2004-05-12 09:00:00,336.0,121.0,5.1,26.6,18.8
2004-05-12 10:00:00,280.0,108.0,3.9,22.0,19.7
2004-05-12 11:00:00,275.0,125.0,3.4,17.9,20.9
2004-05-12 12:00:00,207.0,117.0,3.3,22.7,21.9
2004-05-12 13:00:00,305.0,131.0,5.1,29.3,20.4
2004-05-12 14:00:00,236.0,126.0,3.1,14.7,17.4
2004-05-12 15:00:00,183.0,114.0,2.5,12.6,17.1
2004-05-12 16:00:00,162.0,123.0,2.4,12.7,17.3
2004-05-12 17:00:00,157.0,116.0,2.8,13.0,17.7
2004-05-12 18:00:00,136.0,107.0,2.9,13.4,17.4
2004-05-12 19:00:00,166.0,123.0,3.4,14.8,17.6
2004-05-12 20:00:00,136.0,112.0,2.2,9.4,16.7
2004-05-12 21:00:00,112.0,101.0,1.6,6.9,16.8
2004-05-12 22:00:00,87.0,91.0,1.3,5.2,16.1
2004-05-12 23:00:00,86.0,88.0,1.3,5.7,15.5
2004-05-13 00:00:00,98.0,96.0,1.6,6.5,16.2
2004-05-13 01:00:00,62.0,75.0,1.2,4.7,16.4
2004-05-13 02:00:00,32.0,47.0,0.6,2.5,16.2
2004-05-13 05:00:00,41.0,49.0,0.4,1.7,16.2
2004-05-13 06:00:00,86.0,85.0,1.0,4.5,15.9
2004-05-13 07:00:00,174.0,106.0,2.0,9.4,16.2
2004-05-13 08:00:00,264.0,136.0,3.6,17.9,16.0
2004-05-13 09:00:00,211.0,119.0,2.4,10.6,16.6
2004-05-13 10:00:00,208.0,122.0,2.4,11.0,17.4
2004-05-13 11:00:00,139.0,90.0,1.6,7.2,17.6
2004-05-13 12:00:00,138.0,97.0,1.9,8.7,17.2
2004-05-13 13:00:00,142.0,98.0,2.4,11.1,18.2
2004-05-13 14:00:00,131.0,93.0,1.7,7.9,19.5
2004-05-13 15:00:00,132.0,98.0,2.1,9.8,19.5
2004-05-13 16:00:00,178.0,123.0,3.1,16.4,19.8
2004-05-13 17:00:00,228.0,148.0,4.6,22.6,20.3
2004-05-13 18:00:00,232.0,148.0,4.5,20.2,20.3
2004-05-13 19:00:00,204.0,133.0,3.9,21.7,19.8
2004-05-13 20:00:00,250.0,141.0,4.6,21.2,19.1
2004-05-13 21:00:00,208.0,131.0,3.3,15.9,18.2
2004-05-13 22:00:00,158.0,121.0,2.7,12.0,17.8
2004-05-13 23:00:00,197.0,123.0,3.3,17.4,17.5
2004-05-14 00:00:00,152.0,107.0,2.5,15.0,17.3
2004-05-14 01:00:00,112.0,104.0,2.1,11.1,16.8
2004-05-14 02:00:00,75.0,91.0,1.3,6.9,16.3
2004-05-14 05:00:00,116.0,102.0,1.2,6.5,16.0
2004-05-14 06:00:00,118.0,95.0,1.5,8.4,17.2
2004-05-14 07:00:00,272.0,140.0,3.7,22.8,18.5
2004-05-14 09:00:00,258.0,138.0,3.3,13.6,21.0
2004-05-14 10:00:00,186.0,113.0,2.5,11.1,22.8
2004-05-14 11:00:00,130.0,101.0,1.9,10.0,25.5
2004-05-14 12:00:00,134.0,97.0,2.0,10.5,25.9
2004-05-14 13:00:00,148.0,114.0,2.5,13.0,27.7
2004-05-14 14:00:00,147.0,110.0,2.1,12.5,27.1
2004-05-14 15:00:00,123.0,103.0,2.1,11.4,28.4
2004-05-14 16:00:00,138.0,119.0,2.3,13.1,28.1
2004-05-14 17:00:00,162.0,126.0,3.0,14.9,27.6
2004-05-14 18:00:00,214.0,144.0,4.1,19.1,25.2
2004-05-14 19:00:00,230.0,164.0,4.5,21.8,24.6
2004-05-14 20:00:00,191.0,148.0,3.5,16.1,23.1
2004-05-14 21:00:00,128.0,119.0,2.1,11.6,22.0
2004-05-14 22:00:00,138.0,111.0,2.3,12.4,20.8
2004-05-14 23:00:00,126.0,115.0,1.9,10.4,20.4
2004-05-15 00:00:00,107.0,103.0,1.9,9.7,19.1
2004-05-15 01:00:00,67.0,81.0,1.2,5.7,18.0
2004-05-15 02:00:00,55.0,71.0,1.0,5.4,17.4
2004-05-15 05:00:00,33.0,44.0,0.5,2.8,15.7
2004-05-15 06:00:00,41.0,49.0,0.6,3.9,15.3
2004-05-15 07:00:00,106.0,68.0,1.4,9.1,16.0
2004-05-15 08:00:00,208.0,108.0,2.6,13.6,17.6
2004-05-15 09:00:00,193.0,117.0,2.8,15.8,20.3
2004-05-15 10:00:00,191.0,127.0,2.6,12.7,23.1
2004-05-15 11:00:00,113.0,93.0,1.6,8.6,25.0
2004-05-15 12:00:00,111.0,94.0,1.7,9.4,25.6
2004-05-15 13:00:00,106.0,87.0,1.7,9.2,25.5
2004-05-15 14:00:00,82.0,75.0,1.3,6.4,26.1
2004-05-15 15:00:00,79.0,81.0,1.4,8.3,28.2
2004-05-15 16:00:00,90.0,86.0,1.4,8.1,27.4
2004-05-15 17:00:00,104.0,97.0,1.7,8.5,26.0
2004-05-15 18:00:00,148.0,117.0,2.3,11.0,23.8
2004-05-15 19:00:00,158.0,120.0,2.5,12.1,23.0
2004-05-15 20:00:00,234.0,149.0,3.3,15.0,21.7
2004-05-15 21:00:00,163.0,124.0,2.2,10.2,20.9
2004-05-15 22:00:00,95.0,97.0,1.6,9.9,20.2
2004-05-15 23:00:00,146.0,112.0,2.6,12.0,19.6
2004-05-16 00:00:00,102.0,95.0,2.3,10.5,18.1
2004-05-16 01:00:00,90.0,88.0,1.5,7.1,17.0
2004-05-16 02:00:00,41.0,54.0,0.9,4.6,16.7
2004-05-16 05:00:00,32.0,45.0,0.4,2.2,13.5
2004-05-16 06:00:00,34.0,47.0,0.4,2.0,14.2
2004-05-16 07:00:00,57.0,58.0,0.8,4.2,13.8
2004-05-16 08:00:00,73.0,69.0,0.9,5.2,16.3
2004-05-16 09:00:00,119.0,89.0,1.6,8.2,19.2
2004-05-16 10:00:00,138.0,105.0,2.0,9.8,25.5
2004-05-16 11:00:00,96.0,92.0,1.6,7.9,28.2
2004-05-16 12:00:00,80.0,82.0,1.4,7.7,29.5
2004-05-16 13:00:00,45.0,56.0,0.9,4.8,30.6
2004-05-16 14:00:00,45.0,60.0,0.9,5.3,29.9
2004-05-16 15:00:00,54.0,64.0,1.2,7.1,31.5
2004-05-16 16:00:00,66.0,85.0,1.4,9.2,31.2
2004-05-16 17:00:00,95.0,107.0,1.9,10.1,30.4
2004-05-16 18:00:00,99.0,106.0,1.8,9.9,26.8
2004-05-16 19:00:00,147.0,125.0,2.7,15.1,25.5
2004-05-16 20:00:00,129.0,118.0,2.4,10.6,23.7
2004-05-16 21:00:00,96.0,95.0,1.6,7.0,22.9
2004-05-16 22:00:00,92.0,97.0,1.4,5.9,20.8
2004-05-16 23:00:00,88.0,93.0,1.4,5.6,20.3
2004-05-17 00:00:00,89.0,85.0,1.4,5.4,19.6
2004-05-17 01:00:00,52.0,67.0,0.9,3.7,19.1
2004-05-17 02:00:00,25.0,37.0,0.5,1.8,18.4
2004-05-17 05:00:00,65.0,75.0,0.5,3.5,15.8
2004-05-17 06:00:00,132.0,102.0,1.3,7.0,16.0
2004-05-17 07:00:00,216.0,113.0,2.6,14.4,17.6
2004-05-17 08:00:00,180.0,142.0,2.0,8.9,18.5
2004-05-17 09:00:00,140.0,90.0,1.8,8.6,19.8
2004-05-17 10:00:00,141.0,94.0,1.7,8.5,22.3
2004-05-17 11:00:00,123.0,92.0,1.5,8.3,24.2
2004-05-17 12:00:00,129.0,97.0,1.9,10.1,25.1
2004-05-17 13:00:00,115.0,88.0,1.7,9.1,25.8
2004-05-17 14:00:00,104.0,86.0,1.5,8.5,26.3
2004-05-17 15:00:00,129.0,99.0,1.7,7.7,25.8
2004-05-17 16:00:00,138.0,95.0,1.7,9.0,25.7
2004-05-17 17:00:00,135.0,105.0,2.4,13.4,26.7
2004-05-17 18:00:00,163.0,121.0,3.1,15.6,24.3
2004-05-17 19:00:00,180.0,125.0,3.4,17.8,23.5
2004-05-17 20:00:00,170.0,122.0,3.0,12.7,22.0
2004-05-17 21:00:00,72.0,81.0,1.2,6.4,21.1
2004-05-17 22:00:00,69.0,73.0,1.2,7.1,20.9
2004-05-17 23:00:00,79.0,80.0,1.3,7.4,20.2
2004-05-18 00:00:00,53.0,65.0,1.0,5.2,20.0
2004-05-18 01:00:00,36.0,59.0,0.4,2.4,20.8
2004-05-18 02:00:00,30.0,50.0,0.3,2.0,20.0
2004-05-18 05:00:00,38.0,37.0,0.5,3.1,17.0
2004-05-18 06:00:00,68.0,54.0,0.9,6.3,17.1
2004-05-18 07:00:00,192.0,94.0,2.7,19.3,17.1
2004-05-18 08:00:00,346.0,139.0,6.5,38.9,18.8
2004-05-18 09:00:00,225.0,115.0,3.2,14.6,20.3
2004-05-18 10:00:00,199.0,119.0,2.4,12.3,25.3
2004-05-18 11:00:00,140.0,103.0,1.9,11.0,27.4
2004-05-18 12:00:00,162.0,123.0,2.7,15.4,30.0
2004-05-18 13:00:00,173.0,126.0,2.9,17.0,30.9
2004-05-18 14:00:00,121.0,106.0,2.0,12.5,30.6
2004-05-18 15:00:00,133.0,127.0,2.3,13.8,32.2
2004-05-18 16:00:00,96.0,105.0,1.9,10.1,31.7
2004-05-18 17:00:00,141.0,130.0,3.0,19.3,30.9
2004-05-18 18:00:00,221.0,160.0,4.4,22.7,27.5
2004-05-18 19:00:00,232.0,162.0,4.7,25.5,25.8
2004-05-18 20:00:00,174.0,135.0,3.4,15.8,23.7
2004-05-18 21:00:00,138.0,122.0,2.4,12.3,22.2
2004-05-18 22:00:00,65.0,75.0,1.2,8.7,21.1
2004-05-18 23:00:00,107.0,96.0,1.7,8.3,20.2
2004-05-19 00:00:00,70.0,84.0,1.2,7.7,19.3
2004-05-19 01:00:00,44.0,68.0,0.7,4.2,19.2
2004-05-19 02:00:00,41.0,65.0,0.5,3.0,18.4
2004-05-19 05:00:00,32.0,46.0,0.3,2.2,17.0
2004-05-19 06:00:00,46.0,54.0,0.7,5.7,16.4
2004-05-19 07:00:00,173.0,94.0,3.1,20.9,16.4
2004-05-19 08:00:00,320.0,155.0,6.2,36.7,18.6
2004-05-19 09:00:00,294.0,165.0,4.6,22.0,21.0
2004-05-19 10:00:00,182.0,134.0,2.6,13.4,26.4
2004-05-19 11:00:00,154.0,122.0,2.1,11.5,27.7
2004-05-19 12:00:00,118.0,113.0,2.0,13.4,30.1
2004-05-19 13:00:00,116.0,115.0,2.2,15.2,31.0
2004-05-19 14:00:00,121.0,118.0,2.1,13.0,31.0
2004-05-19 15:00:00,116.0,125.0,2.3,14.0,31.6
2004-05-19 16:00:00,144.0,135.0,2.5,15.5,30.4
2004-05-19 17:00:00,176.0,149.0,3.4,19.3,28.8
2004-05-19 18:00:00,214.0,162.0,4.3,21.9,26.4
2004-05-19 19:00:00,191.0,151.0,3.8,21.1,24.7
2004-05-19 20:00:00,205.0,154.0,3.8,18.4,22.9
2004-05-19 21:00:00,110.0,118.0,2.0,9.3,20.8
2004-05-19 22:00:00,95.0,103.0,1.7,9.0,19.7
2004-05-19 23:00:00,126.0,122.0,2.0,9.6,18.9
2004-05-20 00:00:00,90.0,102.0,1.5,8.2,18.5
2004-05-20 01:00:00,48.0,73.0,0.8,5.8,18.0
2004-05-20 02:00:00,38.0,59.0,0.5,3.1,18.4
2004-05-20 05:00:00,26.0,35.0,0.3,2.3,17.3
2004-05-20 06:00:00,83.0,68.0,0.9,6.6,15.8
2004-05-20 07:00:00,188.0,97.0,2.8,19.6,16.6
2004-05-20 08:00:00,253.0,146.0,5.4,32.9,18.7
2004-05-20 09:00:00,149.0,83.0,4.0,18.1,20.7
2004-05-20 10:00:00,155.0,117.0,2.2,12.4,26.1
2004-05-20 11:00:00,146.0,117.0,2.2,12.5,28.6
2004-05-20 12:00:00,121.0,108.0,2.0,12.0,30.3
2004-05-20 13:00:00,111.0,107.0,2.0,13.3,31.3
2004-05-20 14:00:00,116.0,120.0,1.9,12.3,31.1
2004-05-20 15:00:00,167.0,150.0,2.7,16.0,32.4
2004-05-20 16:00:00,145.0,138.0,2.2,13.7,32.6
2004-05-20 17:00:00,192.0,148.0,3.5,21.7,31.2
2004-05-20 18:00:00,231.0,168.0,4.1,23.7,27.7
2004-05-20 19:00:00,248.0,172.0,4.4,22.1,25.7
2004-05-20 20:00:00,267.0,179.0,4.5,20.6,24.1
2004-05-20 21:00:00,181.0,143.0,2.9,13.4,22.2
2004-05-20 22:00:00,163.0,137.0,2.6,12.8,20.7
2004-05-20 23:00:00,141.0,117.0,2.1,12.3,20.2
2004-05-21 00:00:00,78.0,93.0,1.2,6.8,20.5
2004-05-21 01:00:00,42.0,64.0,0.6,3.8,20.1
2004-05-21 02:00:00,35.0,58.0,0.3,2.5,20.0
2004-05-21 05:00:00,38.0,47.0,0.3,2.6,16.4
2004-05-21 06:00:00,65.0,62.0,0.7,7.0,14.9
2004-05-21 07:00:00,296.0,113.0,4.2,26.2,16.4
2004-05-21 08:00:00,303.0,126.0,4.8,28.2,18.2
2004-05-21 09:00:00,244.0,139.0,3.4,20.2,20.7
2004-05-21 10:00:00,216.0,148.0,2.8,17.1,26.5
2004-05-21 11:00:00,137.0,117.0,1.8,11.2,28.5
2004-05-21 12:00:00,120.0,106.0,1.9,11.6,29.7
2004-05-21 13:00:00,100.0,98.0,2.0,13.2,31.7
2004-05-21 14:00:00,103.0,98.0,1.9,12.7,31.7
2004-05-21 15:00:00,123.0,110.0,2.0,13.0,32.8
2004-05-21 16:00:00,136.0,114.0,2.3,13.5,32.5
2004-05-21 17:00:00,158.0,122.0,2.7,10.2,30.2
2004-05-21 18:00:00,216.0,155.0,3.6,20.1,27.6
2004-05-21 19:00:00,211.0,145.0,3.8,19.1,25.9
2004-05-21 20:00:00,202.0,146.0,3.5,17.5,23.9
2004-05-21 21:00:00,147.0,130.0,2.5,13.8,22.3
2004-05-21 22:00:00,160.0,126.0,2.5,13.3,20.5
2004-05-21 23:00:00,162.0,127.0,3.0,14.8,19.8
2004-05-22 00:00:00,194.0,126.0,3.7,18.0,19.1
2004-05-22 01:00:00,167.0,124.0,3.3,16.0,17.8
2004-05-22 02:00:00,91.0,93.0,1.5,9.7,17.6
2004-05-22 05:00:00,50.0,59.0,0.5,3.6,15.8
2004-05-22 06:00:00,61.0,66.0,0.5,4.6,16.5
2004-05-22 07:00:00,107.0,80.0,1.2,9.2,17.2
2004-05-22 08:00:00,139.0,94.0,2.2,14.6,19.3
2004-05-22 09:00:00,165.0,102.0,2.2,11.7,20.6
2004-05-22 10:00:00,139.0,96.0,2.1,11.0,23.7
2004-05-22 11:00:00,113.0,91.0,1.8,11.6,25.6
2004-05-22 12:00:00,138.0,104.0,2.2,12.9,27.2
2004-05-22 13:00:00,104.0,84.0,2.0,12.6,27.9
2004-05-22 14:00:00,78.0,76.0,1.4,8.3,28.3
2004-05-22 15:00:00,97.0,87.0,1.8,10.5,29.2
2004-05-22 16:00:00,115.0,101.0,2.1,11.7,28.9
2004-05-22 17:00:00,152.0,115.0,2.8,15.8,25.4
2004-05-22 18:00:00,157.0,110.0,2.8,13.9,25.2
2004-05-22 19:00:00,132.0,103.0,2.7,15.7,24.5
2004-05-22 20:00:00,98.0,90.0,1.8,10.9,22.3
2004-05-22 21:00:00,65.0,68.0,1.2,6.4,21.2
2004-05-22 22:00:00,101.0,85.0,2.6,12.7,20.6
2004-05-22 23:00:00,134.0,100.0,3.1,15.3,20.2
2004-05-23 00:00:00,177.0,114.0,4.1,20.5,19.8
2004-05-23 01:00:00,179.0,108.0,3.6,15.9,19.5
2004-05-23 02:00:00,105.0,78.0,1.9,10.4,19.0
2004-05-23 05:00:00,27.0,37.0,0.3,2.1,17.7
2004-05-23 06:00:00,41.0,53.0,0.4,2.2,17.9
2004-05-23 07:00:00,78.0,79.0,0.8,4.0,18.9
2004-05-23 08:00:00,68.0,65.0,0.8,4.3,20.0
2004-05-23 09:00:00,64.0,64.0,0.8,3.8,20.6
2004-05-23 10:00:00,67.0,66.0,0.8,4.1,23.6
2004-05-23 11:00:00,54.0,53.0,0.9,4.5,26.7
2004-05-23 12:00:00,67.0,69.0,1.2,5.3,26.8
2004-05-23 13:00:00,51.0,57.0,1.0,4.2,27.7
2004-05-23 14:00:00,28.0,36.0,0.8,3.3,28.8
2004-05-23 15:00:00,51.0,57.0,1.1,4.9,26.8
2004-05-23 16:00:00,77.0,73.0,1.5,6.1,25.9
2004-05-23 17:00:00,93.0,81.0,1.5,6.9,25.8
2004-05-23 18:00:00,94.0,91.0,1.4,6.8,24.8
2004-05-23 19:00:00,69.0,65.0,1.1,5.8,25.3
2004-05-23 20:00:00,57.0,56.0,0.9,5.5,23.9
2004-05-23 21:00:00,74.0,69.0,1.0,6.1,21.4
2004-05-23 22:00:00,75.0,73.0,1.1,6.0,20.5
2004-05-23 23:00:00,73.0,76.0,1.0,4.2,19.2
2004-05-24 00:00:00,56.0,67.0,0.7,4.1,19.2
2004-05-24 01:00:00,31.0,44.0,0.5,2.4,17.2
2004-05-24 02:00:00,13.0,21.0,0.2,1.0,15.8
2004-05-24 05:00:00,23.0,29.0,0.1,0.7,16.1
2004-05-24 06:00:00,72.0,69.0,0.5,2.8,16.5
2004-05-24 07:00:00,165.0,111.0,1.6,7.8,17.5
2004-05-24 08:00:00,118.0,81.0,2.0,9.7,18.4
2004-05-24 09:00:00,85.0,56.0,1.3,6.9,19.2
2004-05-24 10:00:00,116.0,90.0,1.0,5.8,21.7
2004-05-24 11:00:00,112.0,85.0,0.9,5.5,22.3
2004-05-24 12:00:00,100.0,83.0,1.2,6.8,22.8
2004-05-24 13:00:00,109.0,85.0,1.3,7.2,23.8
2004-05-24 14:00:00,111.0,85.0,1.1,6.9,25.1
2004-05-24 15:00:00,109.0,81.0,1.2,7.5,25.8
2004-05-24 16:00:00,114.0,92.0,1.4,7.7,25.5
2004-05-24 17:00:00,139.0,108.0,2.0,12.0,24.5
2004-05-24 18:00:00,157.0,106.0,2.4,13.5,22.6
2004-05-24 19:00:00,147.0,114.0,2.1,12.0,21.2
2004-05-24 20:00:00,102.0,96.0,1.2,6.7,19.1
2004-05-24 21:00:00,73.0,77.0,0.7,4.8,18.4
2004-05-24 22:00:00,65.0,73.0,0.7,4.8,17.3
2004-05-24 23:00:00,76.0,86.0,0.8,5.0,16.5
2004-05-25 00:00:00,65.0,84.0,0.5,4.3,16.7
2004-05-25 01:00:00,41.0,56.0,0.2,2.7,15.5
2004-05-25 05:00:00,45.0,51.0,0.1,1.7,11.6
2004-05-25 06:00:00,40.0,45.0,0.2,2.6,13.4
2004-05-25 07:00:00,101.0,82.0,1.1,8.8,15.2
2004-05-25 08:00:00,183.0,100.0,3.0,22.2,16.3
2004-05-25 09:00:00,149.0,91.0,2.1,15.3,19.2
2004-05-25 10:00:00,207.0,130.0,2.6,14.0,24.9
2004-05-25 11:00:00,289.0,155.0,3.2,18.5,28.3
2004-05-25 12:00:00,159.0,114.0,2.1,13.5,29.2
2004-05-25 13:00:00,162.0,127.0,2.2,15.8,31.6
2004-05-25 14:00:00,173.0,138.0,2.4,18.5,32.6
2004-05-26 10:00:00,188.0,136.0,2.2,14.9,26.1
2004-05-26 11:00:00,159.0,135.0,1.8,13.8,28.8
2004-05-26 12:00:00,146.0,115.0,1.6,12.3,29.6
2004-05-26 13:00:00,127.0,112.0,1.8,14.0,31.6
2004-05-26 14:00:00,128.0,112.0,1.6,11.8,32.3
2004-05-26 15:00:00,120.0,109.0,1.6,12.0,31.8
2004-05-26 16:00:00,115.0,112.0,1.3,9.7,31.8
2004-05-28 15:00:00,133.0,115.0,1.7,12.3,29.6
2004-05-28 16:00:00,131.0,117.0,1.7,12.2,28.0
2004-05-28 17:00:00,133.0,105.0,2.1,12.5,23.6
2004-05-28 18:00:00,141.0,114.0,2.2,13.9,21.5
2004-05-28 19:00:00,112.0,103.0,1.8,11.4,22.1
2004-05-28 20:00:00,147.0,119.0,1.8,10.4,20.2
2004-05-28 21:00:00,104.0,102.0,0.9,7.0,20.0
2004-05-28 22:00:00,97.0,96.0,1.0,7.0,19.8
2004-05-28 23:00:00,128.0,109.0,2.0,11.3,19.6
2004-05-29 00:00:00,138.0,119.0,1.8,9.2,19.3
2004-05-29 01:00:00,93.0,103.0,1.1,6.8,18.5
2004-05-29 02:00:00,71.0,84.0,0.6,5.1,18.0
2004-05-29 06:00:00,41.0,45.0,0.1,2.0,17.9
2004-05-29 07:00:00,84.0,80.0,0.5,4.0,18.4
2004-05-29 08:00:00,77.0,77.0,0.6,4.0,18.9
2004-05-29 09:00:00,73.0,68.0,0.5,4.0,19.2
2004-05-29 10:00:00,72.0,66.0,0.7,4.2,20.8
2004-05-29 11:00:00,77.0,70.0,0.7,4.5,21.3
2004-05-29 12:00:00,82.0,74.0,0.9,6.0,21.8
2004-05-29 13:00:00,67.0,64.0,0.7,4.8,22.8
2004-05-29 14:00:00,59.0,60.0,0.4,3.8,22.9
2004-05-29 15:00:00,61.0,63.0,0.5,4.2,22.9
2004-05-29 16:00:00,76.0,75.0,0.6,5.1,23.8
2004-05-29 17:00:00,73.0,79.0,0.6,5.6,23.2
2004-05-29 18:00:00,87.0,83.0,0.8,5.8,22.4
2004-05-29 19:00:00,98.0,93.0,1.0,7.0,21.7
2004-05-29 20:00:00,123.0,112.0,1.2,7.9,20.8
2004-05-29 21:00:00,102.0,103.0,1.0,6.5,20.1
2004-05-29 22:00:00,102.0,93.0,1.3,8.5,19.5
2004-05-29 23:00:00,142.0,112.0,2.7,13.7,19.0
2004-05-30 00:00:00,148.0,125.0,2.7,13.8,18.5
2004-05-30 01:00:00,107.0,107.0,1.6,9.1,17.8
2004-05-30 02:00:00,61.0,76.0,0.6,6.5,19.2
2004-05-30 05:00:00,25.0,37.0,0.1,3.1,17.2
2004-05-30 06:00:00,32.0,45.0,0.1,2.9,17.3
2004-05-30 07:00:00,48.0,61.0,0.2,3.6,18.6
2004-05-30 08:00:00,60.0,67.0,0.3,2.7,20.2
2004-05-30 09:00:00,52.0,60.0,0.3,3.0,22.0
2004-05-30 10:00:00,58.0,64.0,0.4,3.7,25.5
2004-05-30 11:00:00,54.0,64.0,0.3,3.8,27.5
2004-05-30 12:00:00,52.0,59.0,0.3,4.2,28.7
2004-05-30 13:00:00,34.0,41.0,0.1,2.6,29.1
2004-05-30 14:00:00,41.0,46.0,0.1,2.8,29.8
2004-05-30 15:00:00,41.0,46.0,0.2,4.2,32.0
2004-05-30 16:00:00,65.0,77.0,0.6,6.2,30.3
2004-05-30 17:00:00,65.0,83.0,0.5,5.2,31.7
2004-05-30 18:00:00,84.0,90.0,0.9,7.7,29.2
2004-05-30 19:00:00,89.0,95.0,1.1,8.8,27.4
2004-05-30 20:00:00,114.0,113.0,1.3,10.1,25.0
2004-05-30 21:00:00,127.0,128.0,1.5,9.8,23.6
2004-05-30 22:00:00,117.0,117.0,1.2,8.4,22.3
2004-05-30 23:00:00,46.0,64.0,0.4,5.4,21.4
2004-05-31 00:00:00,16.0,28.0,0.2,4.3,20.6
2004-05-31 01:00:00,27.0,46.0,0.3,4.8,19.7
2004-05-31 06:00:00,82.0,60.0,0.5,6.5,16.6
2004-05-31 07:00:00,167.0,83.0,1.6,14.2,17.4
2004-05-31 08:00:00,248.0,129.0,3.6,22.7,19.3
2004-05-31 09:00:00,213.0,137.0,2.2,16.3,20.9
2004-05-31 10:00:00,161.0,121.0,1.6,14.1,25.6
2004-05-31 11:00:00,144.0,123.0,1.4,12.6,28.9
2004-05-31 12:00:00,127.0,120.0,1.4,13.1,30.3
2004-05-31 13:00:00,116.0,119.0,1.5,14.2,30.9
2004-05-31 14:00:00,124.0,121.0,1.3,13.8,30.5
2004-05-31 15:00:00,115.0,111.0,1.2,12.1,30.7
2004-05-31 16:00:00,150.0,128.0,1.8,15.7,28.1
2004-05-31 17:00:00,221.0,159.0,3.0,21.4,26.9
2004-05-31 18:00:00,227.0,161.0,3.5,25.0,26.0
2004-05-31 19:00:00,156.0,116.0,2.4,16.6,24.5
2004-05-31 20:00:00,97.0,96.0,1.1,10.7,21.7
2004-05-31 21:00:00,78.0,69.0,0.8,7.5,19.3
2004-05-31 22:00:00,60.0,58.0,0.4,5.3,17.6
2004-05-31 23:00:00,61.0,59.0,0.6,6.5,17.8
2004-06-01 00:00:00,46.0,45.0,0.3,4.7,18.6
2004-06-01 05:00:00,39.0,41.0,0.1,2.4,16.8
2004-06-01 06:00:00,107.0,65.0,0.3,6.1,17.3
2004-06-01 07:00:00,190.0,94.0,1.4,12.5,16.9
2004-06-01 08:00:00,236.0,100.0,2.7,19.5,17.1
2004-06-01 09:00:00,227.0,103.0,2.3,15.2,18.5
2004-06-01 10:00:00,211.0,89.0,1.8,12.0,19.6
2004-06-01 11:00:00,201.0,86.0,1.6,12.4,20.4
2004-06-01 12:00:00,191.0,89.0,1.9,15.9,21.6
2004-06-01 13:00:00,192.0,88.0,2.5,15.7,24.0
2004-06-01 14:00:00,143.0,73.0,1.6,13.5,25.7
2004-06-01 15:00:00,148.0,78.0,1.5,12.4,24.6
2004-06-01 16:00:00,183.0,95.0,2.5,17.1,24.8
2004-06-01 17:00:00,216.0,109.0,3.6,22.0,23.7
2004-06-01 18:00:00,184.0,95.0,3.5,19.9,23.0
2004-06-01 19:00:00,248.0,101.0,4.8,27.9,21.5
2004-06-01 20:00:00,221.0,88.0,3.7,19.7,21.0
2004-06-01 21:00:00,159.0,77.0,2.1,15.7,20.6
2004-06-01 22:00:00,136.0,75.0,1.6,12.0,20.5
2004-06-01 23:00:00,168.0,81.0,2.2,13.1,20.2
2004-06-02 00:00:00,95.0,57.0,0.8,9.2,19.5
2004-06-05 04:00:00,37.0,63.0,0.7,4.5,19.6
2004-06-05 05:00:00,57.0,71.0,0.7,4.9,19.3
2004-06-05 06:00:00,131.0,91.0,1.2,7.9,19.7
2004-06-05 07:00:00,171.0,95.0,1.5,7.4,19.8
2004-06-05 08:00:00,187.0,96.0,1.5,8.0,20.9
2004-06-05 09:00:00,133.0,81.0,1.6,7.6,22.4
2004-06-05 10:00:00,87.0,68.0,1.1,5.3,24.1
2004-06-05 11:00:00,61.0,57.0,1.1,5.3,25.9
2004-06-05 12:00:00,86.0,68.0,1.4,8.0,30.7
2004-06-05 13:00:00,83.0,72.0,1.4,8.4,30.3
2004-06-05 14:00:00,61.0,62.0,1.0,6.0,30.1
2004-06-05 15:00:00,80.0,75.0,1.3,7.3,27.6
2004-06-05 16:00:00,110.0,92.0,1.9,10.2,26.6
2004-06-05 17:00:00,108.0,89.0,1.7,9.0,30.4
2004-06-05 18:00:00,134.0,105.0,2.3,14.0,27.8
2004-06-05 19:00:00,133.0,111.0,2.4,16.1,26.6
2004-06-05 20:00:00,118.0,102.0,1.8,8.2,23.4
2004-06-05 21:00:00,17.0,30.0,0.6,3.8,23.0
2004-06-05 22:00:00,26.0,43.0,0.8,5.6,22.1
2004-06-05 23:00:00,55.0,67.0,1.7,8.0,21.6
2004-06-06 00:00:00,39.0,58.0,1.1,5.6,21.9
2004-06-06 01:00:00,15.0,24.0,0.6,3.8,21.3
2004-06-06 02:00:00,47.0,58.0,1.1,6.6,17.5
2004-06-06 04:00:00,49.0,62.0,1.0,5.2,17.1
2004-06-06 05:00:00,21.0,34.0,0.5,2.4,16.6
2004-06-06 06:00:00,33.0,46.0,0.7,3.1,16.8
2004-06-06 07:00:00,63.0,62.0,1.0,5.2,18.3
2004-06-06 08:00:00,73.0,70.0,1.2,5.9,20.4
2004-06-06 09:00:00,51.0,54.0,0.7,2.8,21.6
2004-06-06 10:00:00,61.0,61.0,0.9,3.4,23.1
2004-06-06 11:00:00,52.0,53.0,0.8,3.0,25.4
2004-06-06 12:00:00,49.0,49.0,0.8,3.4,26.6
2004-06-06 13:00:00,40.0,48.0,0.5,2.3,25.9
2004-06-06 14:00:00,36.0,45.0,0.5,2.7,27.0
2004-06-06 15:00:00,51.0,60.0,0.7,3.6,23.6
2004-06-06 16:00:00,56.0,59.0,0.9,4.2,25.9
2004-06-06 17:00:00,71.0,67.0,1.0,4.9,26.3
2004-06-06 18:00:00,79.0,72.0,1.2,5.9,23.9
2004-06-06 19:00:00,117.0,88.0,1.3,6.6,23.7
2004-06-06 20:00:00,127.0,94.0,1.6,7.6,22.5
2004-06-06 21:00:00,118.0,89.0,1.4,7.0,21.8
2004-06-06 22:00:00,130.0,96.0,1.7,7.5,20.9
2004-06-06 23:00:00,131.0,98.0,1.7,8.4,20.0
2004-06-07 00:00:00,102.0,95.0,1.4,7.0,19.3
2004-06-07 01:00:00,48.0,64.0,0.8,3.9,18.7
2004-06-07 02:00:00,22.0,38.0,0.4,2.6,17.8
2004-06-07 05:00:00,44.0,40.0,0.5,2.4,18.2
2004-06-07 06:00:00,167.0,76.0,1.5,9.6,17.3
2004-06-07 07:00:00,220.0,90.0,2.6,15.4,19.9
2004-06-07 08:00:00,285.0,118.0,4.3,25.0,21.7
2004-06-07 09:00:00,272.0,118.0,3.1,15.1,23.5
2004-06-07 10:00:00,238.0,122.0,2.9,17.4,28.4
2004-06-07 11:00:00,207.0,120.0,2.5,14.1,31.6
2004-06-07 12:00:00,152.0,132.0,1.9,11.8,31.3
2004-06-07 13:00:00,185.0,115.0,2.5,14.9,34.4
2004-06-07 14:00:00,184.0,127.0,2.5,16.0,33.7
2004-06-07 15:00:00,205.0,126.0,2.8,16.5,35.9
2004-06-07 16:00:00,172.0,113.0,2.3,15.2,34.3
2004-06-07 17:00:00,227.0,124.0,3.3,18.9,33.5
2004-06-07 18:00:00,187.0,108.0,2.8,19.0,30.5
2004-06-07 19:00:00,290.0,142.0,4.8,28.9,30.3
2004-06-07 20:00:00,155.0,125.0,2.5,13.4,27.0
2004-06-07 21:00:00,108.0,116.0,2.0,10.9,24.6
2004-06-07 22:00:00,94.0,101.0,1.8,8.9,23.3
2004-06-07 23:00:00,103.0,101.0,1.7,8.5,22.4
2004-06-08 00:00:00,78.0,92.0,1.3,6.7,21.7
2004-06-08 01:00:00,38.0,55.0,0.7,4.2,21.0
2004-06-08 02:00:00,26.0,42.0,0.5,2.5,20.5
2004-06-08 04:00:00,19.0,30.0,0.3,1.4,21.0
2004-06-08 05:00:00,35.0,40.0,0.5,2.8,19.6
2004-06-08 06:00:00,126.0,69.0,1.4,8.8,18.2
2004-06-08 07:00:00,309.0,100.0,3.3,19.4,19.5
2004-06-08 08:00:00,376.0,125.0,5.8,36.1,21.6
2004-06-08 09:00:00,441.0,174.0,5.0,27.1,23.9
2004-06-08 10:00:00,309.0,171.0,3.5,19.0,28.1
2004-06-08 11:00:00,220.0,149.0,2.9,16.9,31.4
2004-06-08 12:00:00,168.0,124.0,2.5,15.7,33.7
2004-06-08 13:00:00,149.0,119.0,2.3,14.1,35.9
2004-06-08 14:00:00,160.0,130.0,2.4,16.5,37.5
2004-06-08 15:00:00,177.0,143.0,2.6,14.8,37.7
2004-06-08 17:00:00,176.0,183.0,3.5,21.4,36.6
2004-06-08 18:00:00,202.0,161.0,3.9,23.6,32.5
2004-06-08 19:00:00,255.0,170.0,4.5,25.0,30.8
2004-06-08 20:00:00,210.0,143.0,3.8,21.6,28.8
2004-06-08 21:00:00,157.0,123.0,2.8,15.7,26.7
2004-06-08 22:00:00,96.0,89.0,1.7,10.9,25.3
2004-06-08 23:00:00,59.0,67.0,1.2,8.1,24.9
2004-06-09 00:00:00,81.0,81.0,1.6,10.2,23.7
2004-06-09 01:00:00,40.0,54.0,1.0,7.5,22.5
2004-06-09 02:00:00,42.0,57.0,0.9,5.8,22.3
2004-06-09 04:00:00,31.0,51.0,0.5,3.3,20.8
2004-06-09 05:00:00,54.0,58.0,0.5,4.0,20.3
2004-06-09 06:00:00,88.0,69.0,1.0,8.1,20.5
2004-06-09 07:00:00,261.0,107.0,3.5,22.3,21.7
2004-06-09 08:00:00,357.0,151.0,6.4,36.9,23.4
2004-06-09 09:00:00,265.0,146.0,2.9,17.5,25.1
2004-06-09 10:00:00,247.0,165.0,3.4,19.3,30.1
2004-06-09 11:00:00,189.0,159.0,2.8,17.6,34.7
2004-06-09 12:00:00,168.0,174.0,2.8,18.6,37.2
2004-06-09 13:00:00,183.0,167.0,2.8,18.0,39.5
2004-06-09 14:00:00,157.0,137.0,2.3,14.0,40.6
2004-06-09 15:00:00,113.0,116.0,1.8,10.9,40.3
2004-06-09 16:00:00,140.0,125.0,2.0,11.1,40.3
2004-06-09 17:00:00,230.0,194.0,3.5,21.6,39.6
2004-06-09 18:00:00,277.0,222.0,4.9,27.6,37.3
2004-06-09 19:00:00,295.0,206.0,4.6,25.6,33.7
2004-06-09 20:00:00,212.0,162.0,3.4,18.6,30.7
2004-06-09 21:00:00,151.0,132.0,2.7,15.2,28.4
2004-06-09 22:00:00,110.0,107.0,1.9,11.7,26.5
2004-06-09 23:00:00,83.0,84.0,1.5,8.7,25.4
2004-06-10 00:00:00,48.0,61.0,1.0,7.6,24.1
2004-06-10 01:00:00,27.0,42.0,0.7,5.2,23.9
2004-06-10 02:00:00,48.0,66.0,1.0,5.9,22.0
2004-06-10 05:00:00,75.0,76.0,0.9,5.4,19.5
2004-06-10 06:00:00,101.0,78.0,1.2,8.7,20.0
2004-06-10 07:00:00,214.0,104.0,2.9,19.9,21.7
2004-06-10 08:00:00,290.0,139.0,4.8,30.4,23.7
2004-06-10 09:00:00,311.0,166.0,4.3,24.6,25.9
2004-06-10 10:00:00,234.0,151.0,3.1,16.9,30.1
2004-06-10 11:00:00,157.0,134.0,2.4,13.6,33.5
2004-06-10 12:00:00,165.0,148.0,2.8,15.3,35.4
2004-06-10 13:00:00,137.0,126.0,2.5,14.1,37.9
2004-06-10 14:00:00,149.0,144.0,2.6,17.0,39.7
2004-06-10 15:00:00,140.0,133.0,2.3,13.8,40.4
2004-06-10 16:00:00,139.0,139.0,2.4,13.6,40.0
2004-06-10 17:00:00,221.0,178.0,3.5,21.2,38.9
2004-06-10 18:00:00,318.0,206.0,4.8,25.9,35.8
2004-06-10 19:00:00,363.0,211.0,5.1,25.4,33.1
2004-06-10 20:00:00,341.0,180.0,4.7,23.6,30.9
2004-06-10 21:00:00,163.0,116.0,2.4,12.0,27.5
2004-06-10 22:00:00,157.0,118.0,2.5,14.2,26.3
2004-06-10 23:00:00,202.0,115.0,2.7,14.2,25.5
2004-06-11 00:00:00,102.0,96.0,1.5,10.4,24.7
2004-06-11 01:00:00,70.0,86.0,1.1,7.5,24.2
2004-06-11 02:00:00,41.0,65.0,0.6,3.5,24.8
2004-06-11 04:00:00,36.0,53.0,0.4,2.6,22.0
2004-06-11 05:00:00,68.0,74.0,0.6,4.0,19.3
2004-06-11 06:00:00,92.0,69.0,1.0,7.0,19.8
2004-06-11 07:00:00,332.0,131.0,4.6,24.8,20.5
2004-06-11 08:00:00,333.0,134.0,4.8,28.9,22.8
2004-06-11 09:00:00,298.0,148.0,4.0,21.5,25.6
2004-06-11 12:00:00,120.0,111.0,2.0,13.1,35.9
2004-06-11 13:00:00,108.0,110.0,2.0,13.3,37.2
2004-06-11 14:00:00,109.0,110.0,1.9,12.5,37.3
2004-06-11 15:00:00,124.0,116.0,1.9,13.0,37.4
2004-06-11 16:00:00,127.0,120.0,1.9,12.3,36.4
2004-06-11 17:00:00,185.0,142.0,2.6,15.2,35.4
2004-06-11 18:00:00,230.0,146.0,3.2,19.1,34.2
2004-06-11 19:00:00,265.0,153.0,3.4,19.7,31.1
2004-06-11 20:00:00,261.0,158.0,3.4,18.6,29.1
2004-06-11 21:00:00,219.0,140.0,2.9,16.1,27.2
2004-06-11 22:00:00,180.0,127.0,2.7,15.0,25.3
2004-06-11 23:00:00,108.0,97.0,1.3,7.3,24.9
2004-06-12 00:00:00,98.0,91.0,1.3,8.9,23.5
2004-06-12 01:00:00,57.0,68.0,0.9,6.6,23.5
2004-06-12 02:00:00,36.0,52.0,0.6,4.3,24.1
2004-06-12 04:00:00,45.0,58.0,0.5,4.1,20.8
2004-06-12 05:00:00,87.0,78.0,0.9,6.0,18.8
2004-06-12 06:00:00,62.0,61.0,0.7,5.6,19.8
2004-06-12 07:00:00,65.0,64.0,0.6,4.8,21.3
2004-06-12 08:00:00,125.0,81.0,1.3,8.9,21.3
2004-06-12 09:00:00,157.0,92.0,1.9,13.1,24.0
2004-06-12 10:00:00,171.0,101.0,2.1,14.1,27.2
2004-06-12 11:00:00,119.0,96.0,1.8,11.2,32.3
2004-06-12 12:00:00,110.0,101.0,1.8,10.0,31.9
2004-06-12 13:00:00,95.0,91.0,1.6,9.6,35.1
2004-06-12 14:00:00,58.0,68.0,1.2,7.2,36.0
2004-06-12 15:00:00,69.0,76.0,1.2,8.6,37.0
2004-06-12 16:00:00,76.0,84.0,1.4,9.0,36.4
2004-06-12 17:00:00,63.0,76.0,1.3,7.9,35.2
2004-06-12 18:00:00,51.0,61.0,1.1,6.2,32.5
2004-06-12 19:00:00,46.0,52.0,1.1,6.3,29.1
2004-06-12 20:00:00,52.0,59.0,1.1,6.3,26.9
2004-06-12 21:00:00,84.0,89.0,1.8,11.2,26.1
2004-06-12 22:00:00,130.0,113.0,2.3,12.8,25.5
2004-06-12 23:00:00,147.0,112.0,2.6,13.2,24.9
2004-06-13 00:00:00,126.0,89.0,2.0,9.2,25.2
2004-06-13 01:00:00,47.0,53.0,1.0,5.8,25.4
2004-06-13 02:00:00,24.0,36.0,0.6,3.4,26.2
2004-06-13 04:00:00,25.0,39.0,0.5,3.1,24.4
2004-06-13 05:00:00,21.0,33.0,0.4,2.2,23.3
2004-06-13 06:00:00,25.0,37.0,0.4,1.5,21.6
2004-06-13 07:00:00,25.0,36.0,0.4,1.3,21.4
2004-06-13 08:00:00,30.0,42.0,0.4,1.2,20.5
2004-06-13 09:00:00,42.0,52.0,0.5,1.7,20.8
2004-06-13 10:00:00,52.0,60.0,0.6,2.5,22.3
2004-06-13 11:00:00,62.0,74.0,0.7,2.5,21.7
2004-06-13 12:00:00,67.0,65.0,0.7,2.7,24.4
2004-06-13 13:00:00,47.0,52.0,0.6,1.9,23.4
2004-06-13 14:00:00,35.0,40.0,0.5,1.8,23.5
2004-06-13 15:00:00,45.0,49.0,0.6,2.4,22.4
2004-06-13 16:00:00,53.0,56.0,0.8,2.6,22.0
2004-06-13 17:00:00,57.0,59.0,0.8,3.0,21.7
2004-06-13 18:00:00,71.0,68.0,1.0,2.9,20.7
2004-06-13 19:00:00,67.0,72.0,1.0,3.5,20.3
2004-06-13 20:00:00,75.0,78.0,1.0,3.6,20.3
2004-06-13 21:00:00,65.0,71.0,0.9,3.6,20.1
2004-06-13 22:00:00,45.0,54.0,0.7,2.3,19.8
2004-06-13 23:00:00,46.0,57.0,0.8,2.6,19.6
2004-06-14 00:00:00,33.0,45.0,0.7,2.0,19.4
2004-06-14 01:00:00,19.0,30.0,0.5,1.2,19.7
2004-06-14 02:00:00,9.0,16.0,0.3,0.7,19.5
2004-06-14 05:00:00,21.0,28.0,0.3,0.8,19.1
2004-06-14 06:00:00,66.0,62.0,0.7,3.5,20.3
2004-06-14 07:00:00,137.0,92.0,1.5,7.0,21.1
2004-06-14 08:00:00,151.0,96.0,1.8,8.7,21.5
2004-06-14 09:00:00,115.0,87.0,1.4,6.3,22.4
2004-06-14 10:00:00,118.0,84.0,1.5,7.0,24.8
2004-06-14 11:00:00,95.0,73.0,1.2,5.5,23.9
2004-06-14 12:00:00,86.0,72.0,1.2,5.3,25.5
2004-06-14 13:00:00,85.0,68.0,1.3,5.5,25.4
2004-06-14 14:00:00,66.0,62.0,1.0,3.8,25.6
2004-06-14 15:00:00,74.0,70.0,1.4,5.4,24.5
2004-06-14 16:00:00,108.0,83.0,1.6,6.7,23.9
2004-06-14 17:00:00,150.0,92.0,2.7,12.2,24.2
2004-06-14 18:00:00,157.0,103.0,2.3,10.2,23.5
2004-06-14 19:00:00,93.0,82.0,1.5,6.7,22.3
2004-06-14 20:00:00,76.0,74.0,1.4,5.7,21.7
2004-06-14 21:00:00,57.0,67.0,1.0,4.1,22.0
2004-06-14 22:00:00,64.0,74.0,1.1,4.7,22.2
2004-06-14 23:00:00,59.0,72.0,1.2,5.2,21.8
2004-06-15 00:00:00,68.0,79.0,1.2,5.1,21.6
2004-06-15 01:00:00,31.0,43.0,0.7,2.8,21.6
2004-06-15 02:00:00,21.0,33.0,0.5,1.4,20.7
2004-06-15 04:00:00,24.0,38.0,0.4,2.0,20.8
2004-06-15 05:00:00,38.0,51.0,0.5,3.0,20.8
2004-06-15 06:00:00,92.0,69.0,1.0,7.5,19.9
2004-06-15 07:00:00,311.0,116.0,4.4,24.7,20.9
2004-06-15 08:00:00,260.0,119.0,4.0,24.8,23.7
2004-06-15 09:00:00,181.0,96.0,2.4,10.9,25.3
2004-06-15 10:00:00,177.0,109.0,2.1,11.9,28.8
2004-06-15 11:00:00,180.0,115.0,2.7,16.0,30.3
2004-06-15 12:00:00,174.0,118.0,2.8,15.7,32.8
2004-06-15 13:00:00,140.0,118.0,2.3,13.1,33.9
2004-06-15 14:00:00,122.0,112.0,2.0,12.2,35.3
2004-06-15 15:00:00,189.0,140.0,2.6,15.8,34.0
2004-06-15 16:00:00,169.0,137.0,2.7,16.6,35.3
2004-06-15 17:00:00,172.0,143.0,3.1,18.4,32.6
2004-06-15 18:00:00,154.0,148.0,3.1,16.7,30.8
2004-06-15 19:00:00,192.0,158.0,3.6,20.8,28.7
2004-06-15 20:00:00,160.0,127.0,2.9,15.3,26.8
2004-06-15 21:00:00,110.0,109.0,2.2,11.5,25.3
2004-06-15 22:00:00,97.0,101.0,2.0,10.1,23.9
2004-06-15 23:00:00,124.0,114.0,2.1,10.4,23.0
2004-06-16 00:00:00,108.0,104.0,1.9,9.4,22.2
2004-06-16 01:00:00,61.0,81.0,1.4,6.9,20.9
2004-06-16 02:00:00,34.0,51.0,0.8,4.0,21.3
2004-06-16 04:00:00,24.0,40.0,0.6,2.6,20.3
2004-06-16 05:00:00,27.0,34.0,0.5,2.4,21.3
2004-06-16 06:00:00,70.0,61.0,1.0,6.8,20.6
2004-06-16 07:00:00,176.0,95.0,2.7,18.9,21.3
2004-06-16 08:00:00,310.0,142.0,5.0,30.2,22.9
2004-06-16 09:00:00,221.0,128.0,3.3,14.9,24.1
2004-06-16 10:00:00,168.0,115.0,2.4,12.2,27.1
2004-06-16 11:00:00,109.0,84.0,1.7,8.3,28.4
2004-06-16 12:00:00,102.0,85.0,1.7,9.0,30.1
2004-06-16 13:00:00,129.0,110.0,2.4,13.7,32.7
2004-06-16 14:00:00,117.0,107.0,2.2,14.1,32.4
2004-06-16 15:00:00,112.0,107.0,2.2,12.0,33.6
2004-06-16 16:00:00,122.0,113.0,2.3,12.2,33.0
2004-06-16 17:00:00,114.0,107.0,2.6,13.1,33.2
2004-06-16 18:00:00,111.0,106.0,2.3,12.6,31.3
2004-06-16 19:00:00,158.0,125.0,3.3,18.3,28.3
2004-06-16 20:00:00,202.0,139.0,3.5,17.2,26.5
2004-06-16 21:00:00,166.0,117.0,2.5,12.9,24.4
2004-06-16 22:00:00,143.0,107.0,2.5,13.7,23.3
2004-06-16 23:00:00,122.0,98.0,2.4,13.4,22.5
2004-06-17 00:00:00,113.0,97.0,2.5,13.5,21.8
2004-06-17 01:00:00,109.0,95.0,2.1,9.9,20.9
2004-06-17 02:00:00,53.0,68.0,1.0,4.4,20.8
2004-06-17 05:00:00,35.0,44.0,0.5,3.4,20.2
2004-06-17 06:00:00,123.0,77.0,1.3,9.3,18.3
2004-06-17 07:00:00,254.0,100.0,3.6,23.4,20.2
2004-06-17 08:00:00,300.0,125.0,4.8,27.7,21.9
2004-06-17 09:00:00,281.0,154.0,3.7,22.1,25.2
2004-06-17 10:00:00,169.0,125.0,1.9,10.0,28.0
2004-06-17 11:00:00,152.0,117.0,1.7,8.9,27.1
2004-06-17 12:00:00,127.0,105.0,1.9,9.8,27.4
2004-06-17 13:00:00,118.0,103.0,1.8,9.4,29.4
2004-06-17 14:00:00,120.0,106.0,1.7,9.8,31.3
2004-06-17 15:00:00,125.0,107.0,1.8,9.5,31.5
2004-06-17 16:00:00,117.0,102.0,1.7,9.5,30.9
2004-06-17 17:00:00,166.0,124.0,2.8,15.4,31.4
2004-06-17 18:00:00,180.0,133.0,3.6,19.4,30.7
2004-06-17 19:00:00,172.0,125.0,3.3,16.5,29.0
2004-06-17 20:00:00,160.0,124.0,2.9,14.3,27.3
2004-06-17 21:00:00,103.0,97.0,1.7,8.2,25.8
2004-06-17 22:00:00,87.0,94.0,1.7,8.7,25.2
2004-06-17 23:00:00,147.0,120.0,2.8,15.2,24.6
2004-06-18 00:00:00,120.0,105.0,1.8,10.6,24.0
2004-06-18 01:00:00,63.0,81.0,1.0,6.0,23.5
2004-06-18 02:00:00,30.0,43.0,0.5,3.1,24.0
2004-06-18 04:00:00,19.0,32.0,0.3,1.8,22.8
2004-06-18 05:00:00,27.0,36.0,0.4,2.6,21.9
2004-06-18 06:00:00,65.0,59.0,0.8,6.5,20.4
2004-06-18 07:00:00,169.0,92.0,2.2,14.5,20.8
2004-06-18 08:00:00,244.0,121.0,4.4,28.8,22.8
2004-06-18 09:00:00,274.0,151.0,3.7,21.3,25.2
2004-06-18 10:00:00,202.0,142.0,2.5,14.9,29.3
2004-06-18 11:00:00,186.0,141.0,2.5,15.6,33.3
2004-06-18 12:00:00,153.0,129.0,2.3,14.3,34.9
2004-06-18 13:00:00,112.0,106.0,2.0,12.6,36.1
2004-06-18 14:00:00,117.0,125.0,2.0,13.4,37.6
2004-06-18 15:00:00,109.0,126.0,2.1,12.6,37.3
2004-06-18 16:00:00,133.0,147.0,2.4,14.8,37.2
2004-06-18 17:00:00,185.0,180.0,3.1,18.6,35.6
2004-06-18 18:00:00,167.0,164.0,2.9,16.7,33.1
2004-06-18 19:00:00,218.0,180.0,3.5,20.8,30.5
2004-06-18 20:00:00,171.0,153.0,2.9,16.0,28.7
2004-06-18 21:00:00,78.0,105.0,1.5,7.6,26.6
2004-06-18 22:00:00,84.0,98.0,1.7,10.2,25.2
2004-06-18 23:00:00,110.0,107.0,2.2,13.8,24.7
2004-06-19 00:00:00,87.0,87.0,1.6,10.4,24.4
2004-06-19 01:00:00,58.0,80.0,1.0,6.5,23.3
2004-06-19 02:00:00,39.0,62.0,0.6,4.3,23.8
2004-06-19 04:00:00,38.0,54.0,0.6,3.9,21.2
2004-06-19 05:00:00,41.0,56.0,0.5,3.0,21.7
2004-06-19 06:00:00,47.0,62.0,0.5,3.2,22.8
2004-06-19 07:00:00,72.0,72.0,0.9,5.6,23.5
2004-06-19 08:00:00,100.0,86.0,1.4,9.1,24.6
2004-06-19 09:00:00,104.0,99.0,1.6,9.7,27.0
2004-06-19 10:00:00,109.0,98.0,1.6,8.6,29.3
2004-06-19 11:00:00,103.0,102.0,1.7,9.6,31.2
2004-06-19 12:00:00,75.0,84.0,1.7,9.8,34.4
2004-06-19 13:00:00,72.0,83.0,1.5,10.3,36.1
2004-06-21 04:00:00,15.0,24.0,0.3,1.5,18.9
2004-06-21 05:00:00,52.0,43.0,0.5,3.5,18.2
2004-06-21 06:00:00,85.0,64.0,1.3,8.3,18.6
2004-06-21 07:00:00,177.0,91.0,2.5,17.3,20.8
2004-06-21 08:00:00,232.0,109.0,3.7,23.3,23.3
2004-06-21 09:00:00,201.0,110.0,2.5,13.8,25.1
2004-06-21 10:00:00,134.0,111.0,1.8,10.2,27.8
2004-06-21 11:00:00,104.0,106.0,1.5,7.9,29.6
2004-06-21 12:00:00,89.0,104.0,1.5,8.8,30.2
2004-06-21 13:00:00,66.0,76.0,1.2,7.2,30.1
2004-06-21 14:00:00,85.0,84.0,1.4,8.3,29.5
2004-06-21 15:00:00,105.0,102.0,1.6,9.6,31.1
2004-06-21 16:00:00,99.0,102.0,1.6,9.0,30.3
2004-06-21 17:00:00,132.0,124.0,2.2,12.4,30.1
2004-06-21 18:00:00,186.0,147.0,3.0,15.3,28.6
2004-06-21 19:00:00,174.0,138.0,3.0,16.1,26.1
2004-06-21 20:00:00,149.0,126.0,2.7,14.1,24.5
2004-06-21 21:00:00,114.0,112.0,2.1,11.4,23.1
2004-06-21 22:00:00,92.0,95.0,1.6,9.5,21.8
2004-06-21 23:00:00,75.0,80.0,1.3,7.4,20.9
2004-06-22 00:00:00,74.0,79.0,1.1,6.4,20.5
2004-06-22 01:00:00,35.0,49.0,0.7,4.1,20.0
2004-06-22 02:00:00,22.0,36.0,0.4,1.9,22.1
2004-06-22 04:00:00,24.0,40.0,0.2,1.2,19.8
2004-06-22 05:00:00,30.0,37.0,0.3,2.2,19.0
2004-06-22 06:00:00,93.0,67.0,0.9,6.4,17.8
2004-06-22 07:00:00,332.0,106.0,3.1,18.5,18.2
2004-06-22 08:00:00,387.0,134.0,5.0,30.2,20.6
2004-06-22 09:00:00,267.0,123.0,2.8,14.2,22.8
2004-06-22 10:00:00,269.0,136.0,2.8,14.3,27.1
2004-06-22 11:00:00,193.0,109.0,2.1,12.6,30.4
2004-06-22 12:00:00,239.0,144.0,3.1,18.0,31.1
2004-06-22 13:00:00,232.0,154.0,3.0,17.1,31.4
2004-06-22 14:00:00,152.0,126.0,2.1,13.0,30.8
2004-06-22 15:00:00,115.0,98.0,1.7,11.2,31.8
2004-06-22 16:00:00,169.0,120.0,2.2,13.6,33.5
2004-06-22 17:00:00,226.0,145.0,3.5,20.5,33.1
2004-06-22 18:00:00,218.0,139.0,3.6,20.2,31.7
2004-06-22 19:00:00,245.0,148.0,4.1,23.1,29.0
2004-06-22 20:00:00,236.0,139.0,4.0,20.3,27.4
2004-06-22 21:00:00,104.0,93.0,1.8,9.3,25.2
2004-06-22 22:00:00,104.0,96.0,1.7,10.5,24.0
2004-06-22 23:00:00,144.0,104.0,2.4,13.6,23.8
2004-06-23 00:00:00,79.0,83.0,1.2,8.0,22.9
2004-06-23 01:00:00,51.0,66.0,0.8,4.6,22.8
2004-06-23 02:00:00,38.0,55.0,0.5,3.2,21.8
2004-06-23 05:00:00,30.0,40.0,0.4,2.2,21.7
2004-06-23 06:00:00,73.0,51.0,1.0,6.7,20.3
2004-06-23 07:00:00,305.0,117.0,3.8,23.1,20.5
2004-06-23 08:00:00,295.0,110.0,3.2,19.0,21.7
2004-06-23 09:00:00,331.0,136.0,3.5,20.1,24.0
2004-06-23 10:00:00,304.0,152.0,3.2,16.4,28.5
2004-06-23 11:00:00,210.0,119.0,2.3,13.0,32.2
2004-06-23 12:00:00,163.0,106.0,2.2,13.1,34.9
2004-06-23 13:00:00,132.0,101.0,2.1,11.8,35.4
2004-06-23 14:00:00,126.0,110.0,1.9,12.7,34.4
2004-06-23 15:00:00,150.0,124.0,2.4,14.1,34.8
2004-06-23 16:00:00,171.0,137.0,2.5,14.4,34.3
2004-06-23 17:00:00,234.0,159.0,3.6,20.7,32.5
2004-06-23 18:00:00,251.0,152.0,3.9,21.6,31.3
2004-06-23 19:00:00,294.0,166.0,4.4,24.2,30.2
2004-06-23 20:00:00,300.0,163.0,4.8,21.8,28.5
2004-06-23 21:00:00,159.0,121.0,2.5,13.0,27.3
2004-06-23 22:00:00,176.0,125.0,2.8,15.1,26.1
2004-06-23 23:00:00,192.0,120.0,3.2,16.6,24.7
2004-06-24 00:00:00,152.0,103.0,2.6,12.7,23.6
2004-06-24 01:00:00,63.0,64.0,1.5,8.6,23.3
2004-06-24 02:00:00,35.0,44.0,1.0,5.3,23.3
2004-06-24 04:00:00,21.0,35.0,0.6,2.8,23.7
2004-06-24 05:00:00,41.0,46.0,0.6,3.1,21.2
2004-06-24 06:00:00,48.0,54.0,0.7,3.7,22.1
2004-06-24 07:00:00,102.0,68.0,1.2,6.9,21.9
2004-06-24 08:00:00,111.0,77.0,1.5,8.6,24.7
2004-06-24 09:00:00,93.0,74.0,1.3,7.1,27.0
2004-06-24 10:00:00,118.0,92.0,1.6,6.6,29.1
2004-06-24 11:00:00,93.0,83.0,1.5,7.2,31.1
2004-06-24 12:00:00,56.0,58.0,1.2,5.0,31.9
2004-06-24 13:00:00,51.0,55.0,1.1,5.7,32.8
2004-06-24 14:00:00,52.0,61.0,1.2,6.0,33.4
2004-06-24 15:00:00,59.0,65.0,1.3,6.1,35.3
2004-06-24 16:00:00,62.0,74.0,1.4,8.0,35.8
2004-06-24 17:00:00,85.0,89.0,1.6,7.8,35.3
2004-06-24 18:00:00,109.0,103.0,2.1,11.1,33.3
2004-06-24 19:00:00,168.0,128.0,3.0,15.9,30.3
2004-06-24 20:00:00,166.0,122.0,2.8,13.7,28.3
2004-06-24 21:00:00,149.0,125.0,3.8,21.6,27.1
2004-06-24 22:00:00,118.0,119.0,3.2,16.8,25.4
2004-06-24 23:00:00,160.0,126.0,4.1,20.5,24.6
2004-06-25 00:00:00,124.0,100.0,2.6,14.1,23.7
2004-06-25 01:00:00,95.0,94.0,2.0,10.9,23.0
2004-06-25 02:00:00,34.0,52.0,0.9,3.6,24.8
2004-06-25 04:00:00,45.0,64.0,0.6,2.4,21.7
2004-06-25 05:00:00,35.0,46.0,0.6,3.0,21.9
2004-06-25 06:00:00,141.0,88.0,1.6,8.9,20.1
2004-06-25 07:00:00,199.0,104.0,2.6,14.8,21.5
2004-06-25 08:00:00,224.0,125.0,2.9,16.2,22.9
2004-06-25 09:00:00,245.0,151.0,2.8,14.6,25.7
2004-06-25 10:00:00,153.0,113.0,1.9,8.0,29.9
2004-06-25 11:00:00,145.0,102.0,1.9,9.1,32.9
2004-06-25 12:00:00,130.0,108.0,2.1,10.0,34.0
2004-06-25 13:00:00,95.0,93.0,1.9,9.8,34.7
2004-06-25 14:00:00,88.0,89.0,1.6,8.3,35.5
2004-06-25 15:00:00,89.0,84.0,1.6,7.5,35.9
2004-06-25 16:00:00,127.0,111.0,2.1,11.7,36.2
2004-06-25 17:00:00,149.0,115.0,2.4,13.3,35.4
2004-06-25 18:00:00,170.0,127.0,2.8,14.4,32.9
2004-06-25 19:00:00,210.0,129.0,3.4,17.9,29.9
2004-06-25 20:00:00,230.0,140.0,3.4,15.9,28.1
2004-06-25 21:00:00,203.0,137.0,2.7,14.2,26.1
2004-06-25 22:00:00,174.0,130.0,2.6,13.8,25.0
2004-06-25 23:00:00,164.0,121.0,2.3,11.7,24.3
2004-06-26 00:00:00,76.0,79.0,1.2,6.2,24.0
2004-06-26 01:00:00,52.0,69.0,1.0,5.1,22.4
2004-06-26 02:00:00,47.0,61.0,0.9,4.5,21.2
2004-06-26 05:00:00,41.0,58.0,0.4,2.3,19.5
2004-06-26 06:00:00,74.0,70.0,0.9,5.5,18.6
2004-06-26 07:00:00,168.0,104.0,1.8,10.4,19.7
2004-06-26 08:00:00,176.0,109.0,2.2,12.4,21.9
2004-06-26 09:00:00,184.0,129.0,2.4,14.0,24.5
2004-06-26 10:00:00,187.0,144.0,2.3,12.7,30.0
2004-06-26 11:00:00,118.0,101.0,1.6,9.0,34.5
2004-06-26 12:00:00,89.0,90.0,1.4,8.5,36.3
2004-06-26 13:00:00,70.0,86.0,1.4,8.2,37.7
2004-06-26 14:00:00,51.0,69.0,1.0,5.9,38.3
2004-06-26 15:00:00,52.0,65.0,1.0,5.6,38.4
2004-06-26 16:00:00,70.0,73.0,1.2,6.7,37.2
2004-06-26 17:00:00,80.0,73.0,1.3,6.1,34.0
2004-06-26 18:00:00,90.0,78.0,1.5,6.7,32.3
2004-06-26 19:00:00,111.0,98.0,1.9,9.2,30.5
2004-06-26 20:00:00,107.0,99.0,1.8,8.2,29.2
2004-06-26 21:00:00,73.0,83.0,1.4,7.0,28.4
2004-06-26 22:00:00,75.0,88.0,1.7,9.5,27.7
2004-06-26 23:00:00,144.0,117.0,2.7,15.1,27.2
2004-06-27 00:00:00,120.0,97.0,2.1,11.7,26.5
2004-06-27 01:00:00,71.0,75.0,1.4,9.3,25.5
2004-06-27 02:00:00,40.0,53.0,1.0,6.4,25.2
2004-06-27 04:00:00,34.0,45.0,0.8,4.2,23.2
2004-06-27 05:00:00,27.0,42.0,0.5,2.6,24.0
2004-06-27 06:00:00,30.0,44.0,0.6,2.8,23.5
2004-06-27 07:00:00,40.0,50.0,0.6,3.1,23.5
2004-06-27 08:00:00,56.0,60.0,1.0,6.2,24.7
2004-06-27 09:00:00,104.0,100.0,1.6,7.9,27.2
2004-06-27 10:00:00,121.0,111.0,1.9,10.5,31.0
2004-06-27 11:00:00,100.0,110.0,1.7,9.0,35.2
2004-06-27 12:00:00,59.0,74.0,1.1,6.3,37.8
2004-06-27 13:00:00,42.0,56.0,0.8,3.5,39.0
2004-06-27 14:00:00,38.0,50.0,0.7,4.0,41.3
2004-06-27 15:00:00,40.0,54.0,0.7,4.2,41.8
2004-06-27 16:00:00,70.0,90.0,1.2,6.9,42.2
2004-06-27 17:00:00,95.0,109.0,1.6,7.9,41.4
2004-06-27 18:00:00,90.0,110.0,1.6,7.9,38.9
2004-06-27 19:00:00,90.0,103.0,1.7,10.3,34.3
2004-06-27 20:00:00,111.0,120.0,2.0,10.5,32.7
2004-06-27 21:00:00,135.0,134.0,2.3,12.7,30.5
2004-06-27 22:00:00,146.0,137.0,2.4,11.9,29.0
2004-06-27 23:00:00,100.0,99.0,1.7,9.3,28.2
2004-06-28 00:00:00,69.0,78.0,1.2,7.9,27.2
2004-06-28 01:00:00,47.0,63.0,1.0,5.0,26.7
2004-06-28 02:00:00,26.0,41.0,0.6,3.4,26.0
2004-06-28 04:00:00,24.0,39.0,0.4,2.7,24.0
2004-06-28 05:00:00,55.0,60.0,0.5,3.1,24.0
2004-06-28 06:00:00,47.0,54.0,0.7,5.0,23.7
2004-06-28 07:00:00,209.0,119.0,3.2,20.7,23.6
2004-06-28 08:00:00,348.0,159.0,5.6,32.4,25.5
2004-06-28 09:00:00,337.0,182.0,4.6,24.2,28.5
2004-06-28 10:00:00,280.0,183.0,3.3,16.6,32.6
2004-06-28 11:00:00,169.0,144.0,2.1,13.2,36.3
2004-06-28 12:00:00,126.0,118.0,1.9,12.3,37.5
2004-06-28 13:00:00,108.0,106.0,1.9,12.1,39.6
2004-06-28 14:00:00,93.0,97.0,1.6,11.1,40.1
2004-06-28 15:00:00,112.0,129.0,2.0,13.1,40.4
2004-06-28 16:00:00,110.0,130.0,1.8,11.6,39.9
2004-06-28 17:00:00,188.0,163.0,2.9,17.7,39.1
2004-06-28 18:00:00,203.0,160.0,3.4,19.5,37.0
2004-06-28 19:00:00,167.0,140.0,3.1,19.7,33.9
2004-06-28 20:00:00,116.0,115.0,2.5,15.1,31.9
2004-06-28 21:00:00,89.0,92.0,1.8,11.1,29.7
2004-06-28 22:00:00,103.0,99.0,1.8,11.7,28.6
2004-06-28 23:00:00,100.0,96.0,2.0,11.7,27.8
2004-06-29 00:00:00,86.0,80.0,1.5,9.7,27.8
2004-06-29 01:00:00,52.0,65.0,0.8,6.0,27.5
2004-06-29 02:00:00,27.0,46.0,0.4,3.9,27.3
2004-06-29 05:00:00,42.0,54.0,0.5,3.0,25.9
2004-06-29 06:00:00,57.0,62.0,0.7,5.4,25.3
2004-06-29 07:00:00,228.0,102.0,3.4,23.5,24.7
2004-06-29 08:00:00,350.0,140.0,5.7,33.5,27.1
2004-06-29 09:00:00,232.0,121.0,3.2,15.5,28.3
2004-06-29 10:00:00,206.0,132.0,2.7,15.3,32.4
2004-06-29 11:00:00,159.0,122.0,2.1,12.8,35.4
2004-06-29 12:00:00,184.0,148.0,2.8,15.2,35.5
2004-06-29 13:00:00,136.0,133.0,2.5,15.7,37.8
2004-06-29 14:00:00,124.0,130.0,2.1,12.3,37.2
2004-06-29 15:00:00,133.0,141.0,2.5,15.3,37.2
2004-06-29 16:00:00,156.0,172.0,2.7,17.6,38.0
2004-06-29 17:00:00,200.0,198.0,3.7,21.5,37.1
2004-06-29 18:00:00,202.0,181.0,3.7,23.2,36.9
2004-06-29 19:00:00,286.0,202.0,4.6,25.6,34.7
2004-06-29 20:00:00,141.0,120.0,2.6,14.3,31.9
2004-06-29 21:00:00,117.0,115.0,2.5,14.4,30.5
2004-06-29 22:00:00,110.0,112.0,2.3,12.6,29.3
2004-06-29 23:00:00,100.0,97.0,2.2,13.7,28.2
2004-06-30 00:00:00,112.0,100.0,2.5,13.1,27.3
2004-06-30 01:00:00,35.0,47.0,0.9,6.1,26.8
2004-06-30 02:00:00,33.0,44.0,0.8,5.8,26.0
2004-06-30 04:00:00,28.0,42.0,0.5,2.6,26.9
2004-06-30 05:00:00,49.0,57.0,0.7,4.6,24.6
2004-06-30 06:00:00,81.0,61.0,0.9,7.4,26.4
2004-06-30 07:00:00,178.0,106.0,2.2,15.2,27.3
2004-06-30 08:00:00,223.0,136.0,2.8,16.7,28.4
2004-06-30 09:00:00,290.0,157.0,2.9,17.0,30.8
2004-06-30 10:00:00,274.0,171.0,2.9,18.0,34.2
2004-06-30 11:00:00,278.0,190.0,3.0,16.1,37.0
2004-06-30 12:00:00,152.0,155.0,2.5,13.4,36.6
2004-06-30 13:00:00,118.0,139.0,2.3,14.0,36.9
2004-06-30 14:00:00,141.0,152.0,2.1,13.4,39.3
2004-06-30 15:00:00,131.0,143.0,1.9,10.4,38.5
2004-06-30 16:00:00,171.0,168.0,2.3,12.7,39.7
2004-06-30 17:00:00,287.0,226.0,4.2,24.5,38.8
2004-06-30 18:00:00,267.0,207.0,4.9,27.8,33.5
2004-06-30 19:00:00,280.0,197.0,4.9,23.3,34.0
2004-06-30 20:00:00,224.0,158.0,3.5,17.6,31.9
2004-06-30 21:00:00,137.0,124.0,2.5,14.5,30.2
2004-06-30 22:00:00,118.0,110.0,2.5,14.4,28.9
2004-06-30 23:00:00,128.0,112.0,2.6,14.2,27.8
2004-07-01 00:00:00,111.0,102.0,2.3,12.9,27.1
2004-07-01 01:00:00,66.0,77.0,1.5,9.9,26.2
2004-07-01 02:00:00,36.0,50.0,0.9,5.1,26.9
2004-07-01 04:00:00,31.0,40.0,0.6,3.2,24.9
2004-07-01 05:00:00,75.0,66.0,0.8,5.4,23.4
2004-07-01 06:00:00,66.0,60.0,0.9,6.4,24.4
2004-07-01 07:00:00,154.0,85.0,2.4,17.1,25.1
2004-07-01 08:00:00,239.0,120.0,3.9,22.3,26.6
2004-07-01 09:00:00,246.0,134.0,2.9,14.6,28.2
2004-07-01 10:00:00,261.0,149.0,2.7,13.3,31.6
2004-07-01 11:00:00,179.0,125.0,2.0,10.5,34.2
2004-07-01 12:00:00,159.0,132.0,2.4,14.2,36.6
2004-07-01 13:00:00,111.0,114.0,2.0,12.2,37.6
2004-07-01 14:00:00,101.0,110.0,1.8,10.1,38.1
2004-07-01 15:00:00,118.0,121.0,1.9,11.7,37.8
2004-07-01 16:00:00,120.0,127.0,1.8,10.9,37.8
2004-07-01 17:00:00,177.0,157.0,2.9,17.3,36.9
2004-07-01 18:00:00,186.0,169.0,3.3,18.0,34.5
2004-07-01 19:00:00,235.0,179.0,4.4,22.9,32.5
2004-07-01 20:00:00,195.0,149.0,3.4,16.5,30.9
2004-07-01 21:00:00,106.0,111.0,1.9,10.2,28.7
2004-07-01 22:00:00,107.0,112.0,2.1,11.6,27.7
2004-07-01 23:00:00,134.0,120.0,2.5,14.3,26.8
2004-07-02 00:00:00,117.0,105.0,2.3,13.3,26.1
2004-07-02 01:00:00,83.0,90.0,1.7,10.0,25.9
2004-07-02 02:00:00,77.0,87.0,1.5,7.6,25.3
2004-07-02 05:00:00,50.0,61.0,0.5,2.9,25.1
2004-07-02 06:00:00,60.0,63.0,0.8,5.6,24.8
2004-07-02 07:00:00,179.0,102.0,2.6,17.5,25.7
2004-07-02 08:00:00,300.0,149.0,4.9,29.0,27.4
2004-07-02 09:00:00,263.0,147.0,2.9,17.0,29.3
2004-07-02 10:00:00,265.0,158.0,2.8,15.6,33.6
2004-07-02 11:00:00,164.0,112.0,1.8,10.1,34.6
2004-07-02 12:00:00,122.0,108.0,1.8,11.7,35.6
2004-07-02 13:00:00,125.0,120.0,1.9,12.0,36.9
2004-07-02 14:00:00,125.0,117.0,1.7,11.0,38.8
2004-07-02 15:00:00,115.0,119.0,1.7,11.2,38.1
2004-07-02 16:00:00,162.0,149.0,1.9,10.5,37.1
2004-07-02 17:00:00,149.0,174.0,2.1,11.8,34.8
2004-07-02 18:00:00,161.0,163.0,2.4,13.8,33.6
2004-07-02 19:00:00,201.0,161.0,3.0,17.3,31.4
2004-07-02 20:00:00,209.0,154.0,2.8,14.2,29.5
2004-07-02 21:00:00,133.0,124.0,1.9,10.7,27.4
2004-07-02 22:00:00,133.0,122.0,2.1,12.7,26.1
2004-07-02 23:00:00,134.0,119.0,1.8,10.1,25.5
2004-07-03 00:00:00,164.0,131.0,2.5,13.1,24.0
2004-07-03 01:00:00,72.0,84.0,1.1,7.4,24.2
2004-07-03 02:00:00,50.0,77.0,0.7,4.6,23.4
2004-07-03 04:00:00,27.0,41.0,0.4,2.8,22.6
2004-07-03 05:00:00,74.0,68.0,0.7,4.5,20.2
2004-07-03 06:00:00,69.0,69.0,0.7,5.9,20.5
2004-07-03 07:00:00,162.0,101.0,1.8,11.1,21.4
2004-07-03 08:00:00,208.0,120.0,2.3,14.4,23.2
2004-07-03 09:00:00,168.0,124.0,1.9,11.1,25.3
2004-07-03 10:00:00,139.0,113.0,1.7,9.9,29.9
2004-07-03 11:00:00,104.0,97.0,1.3,8.8,33.9
2004-07-03 12:00:00,99.0,94.0,1.5,9.9,36.3
2004-07-03 13:00:00,89.0,86.0,1.3,7.4,36.6
2004-07-03 14:00:00,57.0,70.0,0.8,6.1,37.4
2004-07-03 15:00:00,64.0,70.0,0.8,6.2,37.9
2004-07-03 16:00:00,65.0,82.0,1.1,7.1,38.0
2004-07-03 17:00:00,79.0,93.0,1.2,8.0,36.9
2004-07-03 18:00:00,80.0,89.0,1.2,7.3,35.3
2004-07-03 19:00:00,81.0,90.0,1.4,8.7,31.9
2004-07-03 20:00:00,59.0,67.0,1.1,7.5,29.1
2004-07-03 21:00:00,90.0,94.0,1.5,9.0,27.4
2004-07-03 22:00:00,122.0,109.0,2.0,11.6,26.7
2004-07-03 23:00:00,120.0,103.0,1.9,10.2,25.2
2004-07-04 00:00:00,126.0,101.0,2.2,12.3,24.0
2004-07-04 01:00:00,68.0,71.0,1.1,6.4,24.5
2004-07-04 02:00:00,65.0,71.0,1.1,7.2,22.6
2004-07-04 04:00:00,38.0,49.0,0.6,4.3,21.2
2004-07-04 05:00:00,31.0,43.0,0.6,3.8,20.3
2004-07-04 06:00:00,40.0,44.0,0.6,4.0,21.3
2004-07-04 07:00:00,36.0,42.0,0.6,4.2,23.0
2004-07-04 08:00:00,64.0,69.0,1.1,6.1,23.7
2004-07-04 09:00:00,56.0,65.0,1.0,6.0,25.4
2004-07-04 10:00:00,56.0,68.0,1.0,5.9,29.6
2004-07-04 11:00:00,43.0,58.0,1.0,5.4,33.9
2004-07-04 12:00:00,40.0,52.0,0.8,4.9,35.8
2004-07-04 13:00:00,34.0,46.0,0.7,3.9,37.9
2004-07-04 14:00:00,28.0,40.0,0.4,3.2,38.5
2004-07-04 15:00:00,32.0,47.0,0.5,4.1,39.3
2004-07-04 16:00:00,39.0,56.0,0.6,4.0,38.9
2004-07-04 17:00:00,52.0,64.0,0.7,4.8,37.9
2004-07-04 18:00:00,60.0,71.0,0.9,5.5,35.8
2004-07-04 19:00:00,104.0,103.0,1.6,9.1,32.3
2004-07-04 20:00:00,102.0,97.0,1.6,9.1,30.1
2004-07-04 21:00:00,120.0,108.0,1.7,10.1,28.2
2004-07-04 22:00:00,89.0,87.0,1.3,7.4,26.0
2004-07-04 23:00:00,121.0,104.0,1.9,9.9,25.3
2004-07-05 00:00:00,107.0,93.0,1.5,9.0,24.7
2004-07-05 01:00:00,41.0,55.0,0.6,3.7,25.5
2004-07-05 02:00:00,34.0,49.0,0.4,3.0,22.5
2004-07-05 05:00:00,38.0,43.0,0.4,2.4,21.6
2004-07-05 06:00:00,59.0,57.0,0.7,5.6,21.1
2004-07-05 07:00:00,165.0,80.0,2.0,14.3,21.6
2004-07-05 08:00:00,287.0,134.0,3.9,27.7,23.7
2004-07-05 09:00:00,317.0,157.0,3.6,19.1,26.0
2004-07-05 10:00:00,330.0,175.0,3.2,15.9,30.6
2004-07-05 11:00:00,204.0,147.0,2.2,12.3,34.1
2004-07-05 12:00:00,189.0,140.0,2.2,12.2,36.2
2004-07-05 13:00:00,165.0,137.0,2.1,11.7,37.4
2004-07-05 14:00:00,139.0,123.0,1.8,10.4,39.5
2004-07-05 15:00:00,156.0,138.0,2.0,12.7,40.4
2004-07-05 16:00:00,130.0,132.0,1.8,11.1,40.1
2004-07-05 17:00:00,173.0,174.0,3.0,19.0,39.3
2004-07-05 18:00:00,302.0,203.0,4.3,24.1,37.3
2004-07-05 19:00:00,239.0,176.0,3.5,19.1,33.6
2004-07-05 20:00:00,139.0,125.0,2.5,13.6,30.7
2004-07-05 21:00:00,92.0,98.0,1.8,10.7,28.8
2004-07-05 22:00:00,104.0,103.0,1.9,11.3,27.3
2004-07-05 23:00:00,108.0,104.0,1.9,9.6,26.2
2004-07-06 00:00:00,107.0,105.0,1.9,9.8,25.4
2004-07-06 01:00:00,55.0,75.0,0.9,4.9,25.8
2004-07-06 02:00:00,43.0,60.0,0.7,4.1,23.3
2004-07-06 04:00:00,23.0,36.0,0.4,2.2,23.5
2004-07-06 05:00:00,65.0,66.0,0.7,4.6,21.8
2004-07-06 06:00:00,165.0,97.0,1.6,10.2,21.8
2004-07-06 07:00:00,274.0,115.0,3.8,23.3,22.9
2004-07-06 08:00:00,369.0,145.0,5.1,31.0,24.9
2004-07-06 09:00:00,308.0,162.0,3.4,17.6,26.7
2004-07-06 10:00:00,227.0,147.0,2.6,14.3,30.5
2004-07-06 11:00:00,178.0,132.0,2.2,13.7,34.2
2004-07-06 12:00:00,267.0,179.0,3.4,19.3,38.2
2004-07-06 13:00:00,278.0,174.0,3.4,19.3,39.6
2004-07-06 14:00:00,165.0,132.0,1.8,11.3,39.9
2004-07-06 15:00:00,172.0,151.0,2.0,12.7,40.2
2004-07-06 16:00:00,216.0,168.0,2.4,15.3,39.6
2004-07-06 17:00:00,306.0,192.0,3.8,22.5,39.5
2004-07-06 18:00:00,317.0,194.0,4.4,25.0,37.9
2004-07-06 19:00:00,251.0,155.0,3.9,21.1,34.2
2004-07-06 20:00:00,230.0,159.0,4.0,23.8,32.6
2004-07-06 21:00:00,154.0,125.0,2.5,14.9,30.4
2004-07-06 22:00:00,137.0,108.0,2.1,12.8,28.8
2004-07-06 23:00:00,133.0,110.0,2.4,14.3,27.8
2004-07-07 00:00:00,117.0,99.0,2.1,14.3,26.9
2004-07-07 01:00:00,106.0,95.0,1.6,9.2,26.3
2004-07-07 02:00:00,55.0,69.0,0.8,5.1,25.7
2004-07-07 04:00:00,27.0,45.0,0.4,2.6,25.5
2004-07-07 05:00:00,46.0,53.0,0.5,4.0,24.0
2004-07-07 06:00:00,144.0,88.0,1.3,9.9,23.9
2004-07-07 07:00:00,392.0,136.0,4.1,27.3,24.8
2004-07-07 08:00:00,358.0,141.0,4.1,27.9,26.9
2004-07-07 09:00:00,381.0,189.0,4.0,24.5,29.6
2004-07-07 10:00:00,261.0,166.0,2.2,14.2,34.6
2004-07-07 11:00:00,207.0,154.0,2.0,11.9,38.3
2004-07-07 12:00:00,155.0,149.0,2.0,13.1,40.4
2004-07-07 13:00:00,193.0,142.0,2.2,15.1,42.6
2004-07-07 14:00:00,195.0,130.0,2.2,14.1,42.5
2004-07-07 15:00:00,159.0,121.0,1.8,11.3,41.0
2004-07-07 16:00:00,120.0,116.0,1.8,10.8,41.3
2004-07-07 17:00:00,228.0,177.0,3.3,21.5,39.2
2004-07-07 18:00:00,348.0,233.0,4.3,21.8,36.9
2004-07-07 19:00:00,337.0,223.0,5.3,29.8,35.6
2004-07-07 20:00:00,282.0,184.0,4.3,22.5,33.7
2004-07-07 21:00:00,228.0,165.0,3.6,21.8,31.5
2004-07-07 22:00:00,168.0,132.0,2.4,17.1,31.1
2004-07-07 23:00:00,173.0,122.0,2.1,15.4,30.2
2004-07-08 00:00:00,87.0,88.0,1.2,10.2,29.8
2004-07-08 01:00:00,65.0,79.0,0.9,7.2,28.4
2004-07-08 02:00:00,43.0,60.0,0.6,5.8,27.5
2004-07-08 05:00:00,66.0,74.0,0.6,5.4,25.6
2004-07-08 06:00:00,57.0,62.0,0.6,6.2,27.5
2004-07-08 07:00:00,231.0,115.0,2.2,16.9,25.9
2004-07-08 08:00:00,219.0,119.0,3.2,23.2,28.5
2004-07-08 09:00:00,288.0,155.0,3.0,18.0,29.5
2004-07-08 10:00:00,312.0,162.0,2.7,17.6,29.8
2004-07-08 11:00:00,361.0,189.0,3.2,20.3,33.4
2004-07-08 12:00:00,147.0,115.0,1.4,10.6,40.3
2004-07-08 13:00:00,111.0,109.0,1.3,9.9,41.8
2004-07-08 14:00:00,98.0,108.0,1.4,10.7,41.1
2004-07-08 15:00:00,156.0,145.0,2.1,16.5,41.9
2004-07-08 16:00:00,213.0,167.0,2.4,16.9,40.9
2004-07-08 17:00:00,250.0,200.0,3.1,20.5,39.1
2004-07-08 18:00:00,253.0,178.0,3.5,19.4,36.4
2004-07-08 19:00:00,317.0,206.0,5.1,30.0,34.9
2004-07-08 20:00:00,309.0,192.0,4.5,24.6,33.6
2004-07-08 21:00:00,201.0,137.0,2.9,16.9,32.2
2004-07-08 22:00:00,173.0,128.0,2.6,15.8,30.5
2004-07-08 23:00:00,156.0,121.0,2.7,16.6,29.4
2004-07-09 00:00:00,190.0,136.0,3.2,19.5,29.1
2004-07-09 01:00:00,129.0,109.0,2.3,16.6,27.7
2004-07-09 02:00:00,65.0,74.0,1.0,6.2,27.9
2004-07-09 04:00:00,29.0,40.0,0.4,2.3,27.4
2004-07-09 05:00:00,58.0,61.0,0.6,3.9,26.6
2004-07-09 06:00:00,92.0,83.0,1.0,7.2,26.9
2004-07-09 07:00:00,228.0,129.0,2.9,18.1,27.0
2004-07-09 09:00:00,154.0,115.0,1.8,9.7,27.4
2004-07-09 10:00:00,166.0,130.0,1.8,9.4,30.5
2004-07-09 11:00:00,149.0,137.0,1.7,9.6,32.9
2004-07-09 12:00:00,111.0,116.0,1.5,9.5,33.9
2004-07-09 13:00:00,145.0,129.0,1.7,9.6,34.4
2004-07-09 14:00:00,105.0,117.0,1.3,9.6,34.2
2004-07-09 15:00:00,113.0,138.0,1.5,10.3,33.2
2004-07-09 16:00:00,115.0,139.0,1.5,10.2,32.4
2004-07-09 17:00:00,202.0,180.0,2.3,14.0,32.2
2004-07-09 18:00:00,180.0,162.0,2.2,14.0,31.0
2004-07-09 19:00:00,190.0,158.0,2.8,16.6,28.3
2004-07-09 20:00:00,207.0,162.0,2.7,13.6,26.6
2004-07-09 21:00:00,113.0,112.0,1.7,10.2,24.8
2004-07-09 22:00:00,98.0,104.0,1.5,9.5,23.7
2004-07-09 23:00:00,152.0,125.0,2.3,11.8,23.0
2004-07-10 00:00:00,161.0,127.0,2.3,13.0,22.7
2004-07-10 01:00:00,91.0,95.0,1.5,9.6,22.2
2004-07-10 02:00:00,57.0,70.0,1.0,6.7,21.6
2004-07-10 04:00:00,22.0,33.0,0.3,2.6,22.4
2004-07-10 05:00:00,41.0,45.0,0.4,4.0,21.7
2004-07-10 06:00:00,53.0,56.0,0.5,4.3,21.1
2004-07-10 07:00:00,92.0,74.0,0.9,5.9,22.0
2004-07-10 08:00:00,91.0,84.0,1.1,6.8,25.0
2004-07-10 09:00:00,89.0,93.0,1.4,8.8,26.7
2004-07-10 10:00:00,81.0,97.0,1.1,6.7,29.1
2004-07-10 11:00:00,66.0,83.0,0.9,6.4,31.2
2004-07-10 12:00:00,53.0,71.0,0.8,6.0,32.4
2004-07-10 13:00:00,61.0,78.0,0.8,6.0,33.3
2004-07-10 14:00:00,48.0,62.0,0.6,5.0,33.1
2004-07-10 15:00:00,39.0,54.0,0.6,4.4,33.1
2004-07-10 16:00:00,41.0,59.0,0.5,4.4,32.4
2004-07-10 17:00:00,48.0,69.0,0.7,5.5,31.8
2004-07-10 18:00:00,50.0,67.0,0.8,5.8,30.3
2004-07-10 19:00:00,51.0,58.0,0.9,5.3,27.2
2004-07-10 20:00:00,70.0,77.0,1.3,8.0,26.1
2004-07-10 21:00:00,89.0,94.0,1.3,7.2,24.7
2004-07-10 22:00:00,100.0,97.0,1.4,8.0,23.4
2004-07-10 23:00:00,139.0,110.0,1.9,10.4,23.1
2004-07-11 00:00:00,176.0,116.0,2.3,11.6,22.7
2004-07-11 01:00:00,71.0,74.0,1.0,6.4,21.6
2004-07-11 02:00:00,37.0,51.0,0.5,4.1,22.0
2004-07-11 04:00:00,30.0,40.0,0.4,2.7,20.6
2004-07-11 05:00:00,29.0,36.0,0.3,2.6,20.6
2004-07-11 06:00:00,25.0,35.0,0.2,2.3,21.3
2004-07-11 07:00:00,40.0,48.0,0.4,3.1,20.4
2004-07-11 08:00:00,32.0,38.0,0.3,3.1,23.5
2004-07-11 09:00:00,43.0,54.0,0.6,4.0,25.7
2004-07-11 10:00:00,44.0,57.0,0.6,4.6,27.9
2004-07-11 11:00:00,35.0,54.0,0.6,3.9,29.0
2004-07-11 12:00:00,32.0,46.0,0.5,3.8,29.5
2004-07-11 13:00:00,21.0,36.0,0.4,2.8,31.8
2004-07-11 14:00:00,10.0,19.0,0.2,2.5,32.2
2004-07-11 15:00:00,22.0,34.0,0.4,3.0,32.4
2004-07-11 16:00:00,46.0,63.0,0.6,4.7,33.0
2004-07-11 17:00:00,66.0,86.0,0.9,5.0,32.0
2004-07-11 18:00:00,49.0,65.0,0.7,4.5,29.6
2004-07-11 19:00:00,86.0,101.0,1.2,7.7,26.9
2004-07-11 20:00:00,111.0,116.0,1.6,9.7,25.3
2004-07-11 21:00:00,143.0,124.0,1.8,11.0,24.2
2004-07-11 22:00:00,184.0,136.0,2.4,11.8,23.2
2004-07-11 23:00:00,134.0,108.0,1.5,8.7,22.7
2004-07-12 00:00:00,78.0,82.0,0.9,7.5,21.6
2004-07-12 01:00:00,50.0,68.0,0.8,5.7,20.7
2004-07-12 02:00:00,13.0,22.0,0.2,2.0,21.2
2004-07-12 05:00:00,43.0,43.0,0.5,3.3,20.0
2004-07-12 06:00:00,146.0,84.0,1.4,9.4,18.5
2004-07-12 07:00:00,333.0,108.0,3.3,21.1,19.6
2004-07-12 08:00:00,298.0,112.0,3.6,17.2,21.3
2004-07-12 09:00:00,178.0,104.0,1.7,8.5,21.7
2004-07-12 10:00:00,177.0,107.0,1.5,6.8,23.4
2004-07-12 11:00:00,172.0,102.0,1.6,7.4,25.7
2004-07-12 12:00:00,183.0,104.0,2.1,12.1,28.5
2004-07-12 13:00:00,164.0,96.0,2.1,9.6,27.0
2004-07-12 14:00:00,122.0,80.0,1.6,7.4,24.2
2004-07-12 15:00:00,105.0,72.0,1.3,6.4,26.0
2004-07-12 16:00:00,144.0,106.0,1.6,8.3,24.8
2004-07-12 17:00:00,220.0,119.0,3.1,14.0,24.0
2004-07-12 18:00:00,207.0,119.0,3.3,15.3,23.6
2004-07-12 19:00:00,210.0,128.0,3.4,15.4,23.6
2004-07-12 20:00:00,175.0,112.0,2.8,10.9,23.3
2004-07-12 21:00:00,117.0,95.0,1.5,7.5,22.5
2004-07-12 22:00:00,93.0,85.0,1.3,5.2,21.3
2004-07-12 23:00:00,118.0,101.0,1.6,7.1,20.9
2004-07-13 00:00:00,132.0,94.0,1.5,7.6,19.8
2004-07-13 01:00:00,88.0,76.0,1.0,5.0,19.3
2004-07-13 02:00:00,43.0,50.0,0.5,2.0,18.4
2004-07-13 04:00:00,44.0,51.0,0.6,2.5,16.3
2004-07-13 05:00:00,50.0,42.0,0.7,3.3,16.6
2004-07-13 06:00:00,101.0,62.0,1.3,7.3,16.2
2004-07-13 07:00:00,339.0,111.0,4.0,23.8,17.3
2004-07-13 08:00:00,379.0,129.0,5.0,27.6,19.2
2004-07-13 09:00:00,321.0,135.0,3.6,16.7,21.7
2004-07-13 10:00:00,272.0,139.0,2.8,14.3,26.4
2004-07-13 11:00:00,278.0,134.0,2.6,13.3,31.3
2004-07-13 12:00:00,253.0,141.0,2.7,14.5,33.7
2004-07-13 13:00:00,187.0,112.0,2.3,11.5,34.5
2004-07-13 14:00:00,149.0,105.0,2.0,10.8,33.8
2004-07-13 15:00:00,89.0,72.0,1.3,6.4,30.1
2004-07-13 16:00:00,124.0,90.0,1.7,8.8,28.3
2004-07-13 17:00:00,206.0,126.0,2.8,14.3,31.9
2004-07-13 18:00:00,241.0,154.0,3.8,19.4,32.0
2004-07-13 19:00:00,303.0,173.0,4.9,27.1,28.9
2004-07-13 20:00:00,294.0,162.0,4.3,19.7,27.3
2004-07-13 21:00:00,203.0,128.0,2.6,13.6,26.0
2004-07-13 22:00:00,176.0,120.0,2.4,12.1,25.2
2004-07-13 23:00:00,155.0,111.0,1.9,11.0,24.3
2004-07-14 00:00:00,108.0,89.0,1.4,8.8,23.6
2004-07-14 01:00:00,72.0,69.0,1.1,6.7,23.0
2004-07-14 02:00:00,65.0,70.0,0.9,6.3,22.2
2004-07-14 04:00:00,39.0,59.0,0.5,2.9,20.5
2004-07-14 05:00:00,79.0,73.0,0.8,5.0,18.8
2004-07-14 06:00:00,140.0,89.0,1.3,9.9,18.8
2004-07-14 07:00:00,427.0,142.0,4.7,27.5,19.9
2004-07-14 08:00:00,366.0,145.0,4.6,30.4,22.1
2004-07-14 09:00:00,311.0,156.0,3.7,19.8,24.0
2004-07-14 10:00:00,275.0,148.0,2.8,15.7,30.2
2004-07-14 11:00:00,195.0,122.0,1.8,11.3,33.4
2004-07-14 12:00:00,144.0,106.0,1.9,12.6,35.1
2004-07-14 13:00:00,162.0,106.0,2.0,11.9,34.1
2004-07-14 14:00:00,200.0,127.0,2.0,14.4,35.7
2004-07-14 15:00:00,176.0,113.0,2.1,12.4,35.3
2004-07-14 16:00:00,203.0,136.0,2.1,11.7,32.3
2004-07-14 17:00:00,237.0,153.0,3.2,18.4,36.0
2004-07-14 18:00:00,263.0,172.0,4.0,22.9,35.8
2004-07-14 19:00:00,300.0,190.0,4.6,25.0,32.3
2004-07-14 20:00:00,189.0,160.0,3.0,15.5,29.7
2004-07-14 21:00:00,185.0,159.0,2.9,16.7,27.8
2004-07-14 22:00:00,134.0,123.0,1.9,11.2,26.3
2004-07-14 23:00:00,96.0,101.0,1.4,9.0,25.3
2004-07-15 00:00:00,122.0,116.0,2.1,12.1,24.0
2004-07-15 01:00:00,64.0,80.0,1.2,8.9,23.4
2004-07-15 02:00:00,30.0,51.0,0.6,3.7,23.5
2004-07-15 05:00:00,36.0,46.0,0.4,3.1,21.4
2004-07-15 06:00:00,58.0,64.0,0.7,5.7,21.1
2004-07-15 07:00:00,168.0,108.0,2.3,15.6,21.3
2004-07-15 08:00:00,306.0,151.0,4.0,25.2,22.9
2004-07-15 09:00:00,231.0,153.0,2.8,15.4,24.4
2004-07-15 10:00:00,157.0,116.0,1.6,8.4,27.6
2004-07-15 11:00:00,132.0,116.0,1.6,8.0,31.1
2004-07-15 12:00:00,136.0,130.0,2.0,12.1,33.4
2004-07-15 13:00:00,127.0,131.0,2.0,12.6,35.7
2004-07-15 14:00:00,125.0,131.0,1.7,10.6,36.2
2004-07-15 15:00:00,138.0,135.0,2.0,12.6,37.1
2004-07-15 16:00:00,163.0,152.0,2.2,14.3,36.5
2004-07-15 17:00:00,259.0,198.0,3.2,20.3,35.5
2004-07-15 18:00:00,236.0,183.0,3.6,20.5,33.7
2004-07-15 19:00:00,245.0,175.0,3.8,22.1,30.5
2004-07-15 20:00:00,344.0,193.0,4.8,23.8,28.7
2004-07-15 21:00:00,188.0,140.0,2.8,14.7,26.7
2004-07-15 22:00:00,149.0,128.0,2.6,15.1,25.7
2004-07-15 23:00:00,102.0,100.0,1.9,10.8,24.5
2004-07-16 00:00:00,99.0,97.0,1.7,10.2,24.3
2004-07-16 01:00:00,48.0,67.0,1.0,6.5,23.8
2004-07-16 02:00:00,36.0,58.0,0.7,3.9,23.7
2004-07-16 04:00:00,30.0,45.0,0.4,2.1,21.6
2004-07-16 05:00:00,56.0,62.0,0.6,3.4,20.3
2004-07-16 06:00:00,51.0,59.0,0.7,4.7,20.7
2004-07-16 07:00:00,172.0,102.0,2.4,15.8,20.5
2004-07-16 08:00:00,316.0,154.0,4.4,26.6,22.4
2004-07-16 09:00:00,269.0,157.0,3.1,14.8,24.2
2004-07-16 10:00:00,196.0,138.0,2.0,9.3,28.8
2004-07-16 11:00:00,206.0,142.0,2.1,12.0,32.8
2004-07-16 12:00:00,156.0,125.0,2.1,10.9,34.4
2004-07-16 13:00:00,120.0,120.0,2.1,11.9,36.5
2004-07-16 14:00:00,161.0,150.0,2.2,13.2,37.5
2004-07-16 15:00:00,114.0,120.0,1.6,8.9,38.0
2004-07-16 16:00:00,191.0,173.0,2.4,13.0,38.1
2004-07-16 17:00:00,236.0,187.0,3.3,18.2,37.3
2004-07-16 18:00:00,287.0,206.0,4.0,23.7,35.9
2004-07-16 19:00:00,266.0,187.0,4.1,21.6,32.4
2004-07-16 20:00:00,274.0,170.0,4.2,21.6,30.3
2004-07-16 21:00:00,196.0,149.0,2.9,16.5,28.5
2004-07-16 22:00:00,144.0,124.0,2.3,12.3,26.9
2004-07-16 23:00:00,142.0,119.0,2.2,13.6,25.7
2004-07-17 00:00:00,124.0,108.0,2.1,12.8,24.7
2004-07-17 01:00:00,93.0,93.0,1.6,9.4,23.6
2004-07-17 02:00:00,71.0,77.0,1.2,8.3,22.2
2004-07-17 04:00:00,56.0,76.0,0.9,4.6,21.3
2004-07-17 05:00:00,46.0,58.0,0.6,3.6,21.6
2004-07-17 06:00:00,51.0,63.0,0.7,5.0,21.3
2004-07-17 07:00:00,83.0,75.0,1.3,8.2,21.1
2004-07-17 08:00:00,175.0,111.0,2.0,10.7,22.8
2004-07-17 09:00:00,148.0,116.0,1.9,10.3,25.0
2004-07-17 10:00:00,167.0,138.0,2.2,12.9,30.9
2004-07-17 11:00:00,120.0,117.0,1.9,11.0,35.1
2004-07-17 12:00:00,78.0,94.0,1.5,8.3,36.9
2004-07-17 13:00:00,76.0,91.0,1.4,8.2,39.3
2004-07-17 14:00:00,45.0,60.0,1.0,5.2,40.3
2004-07-17 15:00:00,54.0,66.0,1.0,4.6,39.7
2004-07-17 16:00:00,70.0,87.0,1.4,7.2,41.1
2004-07-17 17:00:00,87.0,106.0,1.6,9.4,40.1
2004-07-17 18:00:00,69.0,94.0,1.6,8.0,37.4
2004-07-17 19:00:00,95.0,112.0,2.1,10.7,34.0
2004-07-17 20:00:00,107.0,120.0,2.0,9.6,31.7
2004-07-17 21:00:00,88.0,106.0,1.9,8.7,29.7
2004-07-17 22:00:00,100.0,112.0,2.3,11.6,27.9
2004-07-17 23:00:00,125.0,120.0,2.4,11.8,26.8
2004-07-18 00:00:00,132.0,114.0,2.2,10.5,25.8
2004-07-18 01:00:00,57.0,70.0,1.2,5.5,26.3
2004-07-18 02:00:00,46.0,64.0,1.1,5.5,24.3
2004-07-18 05:00:00,33.0,50.0,0.6,3.4,21.1
2004-07-18 06:00:00,50.0,62.0,0.7,4.1,20.2
2004-07-18 07:00:00,39.0,53.0,0.4,4.1,21.3
2004-07-18 08:00:00,84.0,85.0,0.6,4.7,22.6
2004-07-18 09:00:00,93.0,102.0,0.9,7.1,25.7
2004-07-18 10:00:00,82.0,97.0,0.9,7.4,31.6
2004-07-18 11:00:00,73.0,91.0,0.8,7.3,36.3
2004-07-18 12:00:00,43.0,62.0,0.4,4.2,37.9
2004-07-18 13:00:00,39.0,57.0,0.3,4.1,39.4
2004-07-18 14:00:00,27.0,40.0,0.1,3.8,40.2
2004-07-18 15:00:00,46.0,60.0,0.5,5.8,41.3
2004-07-18 16:00:00,53.0,70.0,0.4,5.6,41.4
2004-07-18 17:00:00,38.0,53.0,0.3,4.8,40.1
2004-07-18 18:00:00,39.0,54.0,0.4,5.3,37.6
2004-07-18 19:00:00,49.0,58.0,0.6,6.1,33.9
2004-07-18 20:00:00,68.0,73.0,0.8,7.4,31.6
2004-07-18 21:00:00,102.0,99.0,1.2,9.0,29.7
2004-07-18 22:00:00,123.0,102.0,1.6,11.7,29.0
2004-07-18 23:00:00,106.0,101.0,1.2,11.0,27.9
2004-07-19 00:00:00,66.0,77.0,0.5,6.0,28.0
2004-07-19 01:00:00,43.0,55.0,0.3,4.3,26.8
2004-07-19 02:00:00,33.0,51.0,0.1,2.8,26.6
2004-07-19 04:00:00,33.0,50.0,0.1,2.9,22.2
2004-07-19 05:00:00,75.0,75.0,0.3,4.1,21.2
2004-07-19 06:00:00,111.0,89.0,0.8,8.3,21.4
2004-07-19 07:00:00,250.0,112.0,2.3,16.6,22.9
2004-07-19 08:00:00,313.0,142.0,3.4,25.6,25.2
2004-07-19 09:00:00,263.0,145.0,2.5,17.7,27.1
2004-07-19 10:00:00,282.0,165.0,2.4,16.2,32.4
2004-07-19 11:00:00,226.0,159.0,2.1,15.1,36.8
2004-07-21 18:00:00,124.0,140.0,4.1,17.0,39.6
2004-07-21 19:00:00,165.0,163.0,3.8,21.5,36.1
2004-07-21 20:00:00,164.0,144.0,3.4,18.6,33.3
2004-07-21 21:00:00,122.0,120.0,2.9,15.3,31.2
2004-07-21 22:00:00,134.0,120.0,3.1,17.0,30.1
2004-07-21 23:00:00,121.0,106.0,3.5,14.4,28.9
2004-07-22 00:00:00,112.0,95.0,2.4,13.6,27.8
2004-07-22 01:00:00,62.0,70.0,1.6,9.6,26.9
2004-07-22 02:00:00,50.0,67.0,1.3,6.4,26.4
2004-07-22 04:00:00,72.0,70.0,1.0,5.4,23.8
2004-07-22 05:00:00,48.0,50.0,0.8,4.1,24.9
2004-07-22 06:00:00,58.0,60.0,1.1,6.3,25.0
2004-07-22 07:00:00,306.0,127.0,4.4,26.9,24.7
2004-07-22 10:00:00,266.0,190.0,3.3,19.9,34.0
2004-07-22 11:00:00,159.0,127.0,2.1,12.6,37.3
2004-07-22 12:00:00,144.0,130.0,2.1,14.0,40.1
2004-07-22 13:00:00,117.0,125.0,2.0,12.2,42.0
2004-07-22 14:00:00,108.0,113.0,1.5,11.1,42.8
2004-07-22 15:00:00,153.0,143.0,2.1,14.3,44.3
2004-07-22 16:00:00,166.0,157.0,2.3,15.1,44.6
2004-07-22 17:00:00,179.0,170.0,2.8,18.6,43.4
2004-07-22 18:00:00,225.0,187.0,3.6,22.0,40.6
2004-07-22 19:00:00,261.0,181.0,4.0,23.0,37.1
2004-07-22 20:00:00,228.0,158.0,3.7,21.1,34.5
2004-07-22 21:00:00,137.0,112.0,2.5,15.0,32.2
2004-07-22 22:00:00,116.0,100.0,2.3,13.6,30.4
2004-07-22 23:00:00,143.0,105.0,2.5,14.6,29.4
2004-07-23 00:00:00,157.0,107.0,2.7,16.3,28.6
2004-07-23 01:00:00,72.0,72.0,1.3,8.8,27.7
2004-07-23 02:00:00,42.0,59.0,0.8,6.0,28.0
2004-07-23 04:00:00,34.0,55.0,0.5,3.9,25.6
2004-07-23 05:00:00,74.0,70.0,0.8,5.8,23.6
2004-07-23 06:00:00,75.0,59.0,1.0,8.2,25.1
2004-07-23 07:00:00,199.0,95.0,2.9,20.1,24.5
2004-07-23 08:00:00,262.0,120.0,3.8,25.5,26.6
2004-07-23 09:00:00,236.0,133.0,3.5,21.6,29.0
2004-07-23 10:00:00,186.0,133.0,2.4,15.5,34.2
2004-07-23 11:00:00,132.0,120.0,1.8,11.2,37.3
2004-07-23 12:00:00,140.0,132.0,2.1,15.4,40.1
2004-07-23 13:00:00,143.0,135.0,2.1,14.6,42.2
2004-07-23 14:00:00,99.0,121.0,1.5,12.5,41.9
2004-07-23 15:00:00,107.0,123.0,1.5,12.3,43.1
2004-07-23 16:00:00,130.0,129.0,1.8,13.2,42.8
2004-07-23 17:00:00,133.0,129.0,2.1,14.7,41.1
2004-07-23 18:00:00,188.0,156.0,3.0,19.9,38.7
2004-07-23 19:00:00,155.0,131.0,2.8,19.1,35.8
2004-07-23 20:00:00,154.0,115.0,2.5,14.8,33.1
2004-07-23 21:00:00,95.0,79.0,1.4,8.6,30.1
2004-07-23 22:00:00,110.0,86.0,1.7,11.0,29.0
2004-07-23 23:00:00,116.0,91.0,1.8,13.0,28.5
2004-07-24 00:00:00,153.0,99.0,2.4,15.2,27.8
2004-07-24 01:00:00,111.0,83.0,1.9,12.1,27.0
2004-07-24 02:00:00,79.0,74.0,1.4,9.9,26.4
2004-07-24 04:00:00,47.0,64.0,0.7,6.3,25.1
2004-07-24 05:00:00,61.0,61.0,0.8,5.5,24.6
2004-07-24 06:00:00,56.0,62.0,0.7,5.8,24.4
2004-07-24 07:00:00,69.0,65.0,1.0,8.1,25.2
2004-07-24 08:00:00,109.0,79.0,1.7,10.0,26.6
2004-07-24 09:00:00,111.0,90.0,1.9,9.9,28.0
2004-07-24 10:00:00,150.0,116.0,2.3,13.1,32.7
2004-07-24 11:00:00,87.0,89.0,1.7,9.2,36.6
2004-07-24 12:00:00,64.0,68.0,1.3,6.7,37.8
2004-07-24 13:00:00,47.0,53.0,1.2,6.5,38.3
2004-07-24 14:00:00,34.0,34.0,0.8,3.4,35.4
2004-07-24 15:00:00,37.0,38.0,0.9,3.8,37.3
2004-07-24 16:00:00,49.0,53.0,1.1,5.2,36.6
2004-07-24 17:00:00,54.0,62.0,1.2,6.0,35.1
2004-07-24 18:00:00,70.0,82.0,1.3,6.0,32.3
2004-07-24 19:00:00,76.0,88.0,1.4,5.6,29.9
2004-07-24 20:00:00,59.0,70.0,1.2,4.4,28.2
2004-07-24 21:00:00,44.0,53.0,0.9,3.7,27.2
2004-07-24 22:00:00,47.0,57.0,1.1,5.0,27.3
2004-07-24 23:00:00,71.0,73.0,1.5,7.1,27.0
2004-07-25 00:00:00,90.0,83.0,1.7,7.9,23.7
2004-07-25 01:00:00,45.0,52.0,0.9,3.7,23.8
2004-07-25 02:00:00,44.0,52.0,0.7,3.6,24.7
2004-07-25 05:00:00,10.0,17.0,0.3,1.3,22.5
2004-07-25 06:00:00,19.0,28.0,0.4,1.7,23.4
2004-07-25 07:00:00,20.0,29.0,0.4,1.5,24.4
2004-07-25 08:00:00,30.0,37.0,0.5,1.6,24.5
2004-07-25 09:00:00,24.0,31.0,0.5,1.7,24.9
2004-07-25 10:00:00,35.0,46.0,0.7,2.7,27.0
2004-07-25 11:00:00,48.0,66.0,0.9,3.6,27.6
2004-07-25 12:00:00,41.0,54.0,0.8,3.0,28.2
2004-07-25 13:00:00,37.0,50.0,0.8,2.9,29.1
2004-07-25 14:00:00,32.0,44.0,0.7,2.5,29.8
2004-07-25 15:00:00,43.0,52.0,0.8,3.1,31.5
2004-07-25 16:00:00,28.0,37.0,0.7,2.3,31.2
2004-07-25 17:00:00,38.0,51.0,0.8,3.0,30.0
2004-07-25 18:00:00,72.0,78.0,1.2,4.0,27.6
2004-07-25 19:00:00,89.0,90.0,1.6,6.3,28.8
2004-07-25 20:00:00,103.0,110.0,1.6,6.6,28.5
2004-07-25 21:00:00,77.0,86.0,1.5,7.3,27.7
2004-07-25 22:00:00,84.0,88.0,1.5,6.8,27.3
2004-07-25 23:00:00,82.0,91.0,1.5,6.3,26.9
2004-07-26 00:00:00,81.0,93.0,1.5,5.9,26.6
2004-07-26 01:00:00,50.0,68.0,1.2,4.8,26.0
2004-07-26 02:00:00,30.0,48.0,0.8,2.9,26.2
2004-07-31 05:00:00,40.0,49.0,0.8,4.7,23.7
2004-07-31 06:00:00,72.0,71.0,1.2,7.3,22.6
2004-07-31 07:00:00,68.0,71.0,1.0,6.4,24.0
2004-07-31 08:00:00,89.0,86.0,1.5,9.2,25.2
2004-07-31 09:00:00,151.0,125.0,2.8,12.5,27.3
2004-07-31 10:00:00,215.0,160.0,3.4,15.7,32.8
2004-07-31 11:00:00,196.0,174.0,3.3,15.9,36.0
2004-07-31 12:00:00,161.0,146.0,2.9,14.6,38.5
2004-07-31 13:00:00,120.0,127.0,2.2,11.7,39.8
2004-07-31 14:00:00,88.0,114.0,1.6,7.4,38.1
2004-07-31 15:00:00,38.0,65.0,0.9,6.1,40.0
2004-07-31 16:00:00,47.0,77.0,1.1,6.9,40.4
2004-07-31 17:00:00,40.0,68.0,1.0,6.2,39.1
2004-07-31 18:00:00,58.0,92.0,1.3,8.1,37.3
2004-07-31 19:00:00,71.0,104.0,1.6,10.2,34.0
2004-07-31 20:00:00,90.0,114.0,1.8,10.7,31.8
2004-07-31 21:00:00,95.0,105.0,2.2,13.0,30.1
2004-07-31 22:00:00,85.0,85.0,1.8,11.4,28.6
2004-07-31 23:00:00,119.0,92.0,2.3,13.3,27.7
2004-08-01 00:00:00,106.0,82.0,2.0,11.2,26.6
2004-08-01 01:00:00,77.0,70.0,1.8,9.8,25.7
2004-08-01 02:00:00,28.0,40.0,0.9,6.2,25.1
2004-08-01 04:00:00,21.0,26.0,0.6,4.0,23.5
2004-08-01 05:00:00,17.0,21.0,0.4,2.6,24.3
2004-08-01 06:00:00,24.0,30.0,0.4,2.6,23.3
2004-08-01 07:00:00,19.0,21.0,0.4,2.9,24.1
2004-08-01 08:00:00,39.0,35.0,0.8,4.2,25.0
2004-08-01 09:00:00,46.0,36.0,0.8,5.5,27.3
2004-08-01 10:00:00,53.0,48.0,0.9,5.8,32.4
2004-08-01 11:00:00,32.0,39.0,0.7,4.5,35.4
2004-08-01 12:00:00,30.0,34.0,0.6,4.3,37.4
2004-08-01 13:00:00,24.0,33.0,0.5,3.5,39.2
2004-08-01 14:00:00,34.0,42.0,0.6,3.5,38.1
2004-08-01 15:00:00,63.0,85.0,0.7,3.9,40.2
2004-08-01 16:00:00,69.0,92.0,0.9,4.7,39.7
2004-08-01 17:00:00,61.0,84.0,0.9,5.3,38.5
2004-08-01 18:00:00,73.0,100.0,1.2,6.4,36.6
2004-08-01 19:00:00,75.0,95.0,1.4,8.0,33.1
2004-08-01 20:00:00,69.0,77.0,1.5,9.2,30.7
2004-08-01 21:00:00,71.0,85.0,1.7,9.1,29.5
2004-08-01 22:00:00,73.0,83.0,1.7,9.1,27.8
2004-08-01 23:00:00,86.0,88.0,1.7,9.5,27.4
2004-08-02 00:00:00,65.0,68.0,1.9,9.1,27.3
2004-08-02 01:00:00,74.0,97.0,1.2,5.0,26.7
2004-08-02 02:00:00,45.0,51.0,0.7,3.7,26.2
2004-08-02 04:00:00,2.0,5.0,0.2,1.6,25.5
2004-08-02 05:00:00,29.0,35.0,0.4,2.7,25.1
2004-08-02 06:00:00,42.0,56.0,0.8,5.6,24.6
2004-08-02 07:00:00,146.0,110.0,1.9,13.0,25.7
2004-08-02 09:00:00,163.0,124.0,1.9,11.5,28.4
2004-08-02 10:00:00,144.0,115.0,1.9,11.1,32.7
2004-08-02 11:00:00,125.0,119.0,1.9,11.0,34.0
2004-08-02 12:00:00,90.0,107.0,1.7,10.7,35.6
2004-08-02 13:00:00,76.0,99.0,1.4,8.5,37.1
2004-08-02 14:00:00,73.0,95.0,1.2,8.7,36.1
2004-08-02 15:00:00,73.0,105.0,1.4,9.4,37.9
2004-08-02 16:00:00,80.0,117.0,1.4,9.5,38.0
2004-08-02 17:00:00,121.0,157.0,1.9,12.9,36.9
2004-08-02 18:00:00,129.0,173.0,2.2,13.7,35.5
2004-08-02 19:00:00,103.0,139.0,1.9,12.2,32.8
2004-08-02 20:00:00,87.0,116.0,1.7,11.8,30.5
2004-08-02 21:00:00,58.0,91.0,1.2,9.9,28.8
2004-08-02 22:00:00,64.0,98.0,0.3,10.7,28.0
2004-08-02 23:00:00,58.0,93.0,0.1,9.4,27.1
2004-08-03 00:00:00,44.0,74.0,0.1,8.1,26.4
2004-08-06 05:00:00,65.0,57.0,0.7,4.4,21.4
2004-08-06 06:00:00,94.0,56.0,1.2,7.7,21.9
2004-08-06 07:00:00,205.0,72.0,2.3,13.6,22.0
2004-08-06 08:00:00,240.0,84.0,3.0,19.1,22.5
2004-08-06 09:00:00,237.0,97.0,2.9,16.3,24.5
2004-08-06 10:00:00,245.0,107.0,2.6,14.2,25.6
2004-08-06 11:00:00,206.0,117.0,2.6,15.6,29.3
2004-08-06 12:00:00,156.0,120.0,2.6,14.4,33.5
2004-08-06 13:00:00,126.0,110.0,2.1,10.5,35.6
2004-08-06 14:00:00,108.0,104.0,1.7,10.2,33.7
2004-08-06 15:00:00,102.0,110.0,1.9,10.7,34.1
2004-08-06 16:00:00,110.0,111.0,2.5,11.6,31.5
2004-08-06 17:00:00,57.0,64.0,1.1,7.9,32.5
2004-08-06 18:00:00,109.0,92.0,2.1,11.7,29.8
2004-08-06 19:00:00,151.0,114.0,2.6,14.6,27.7
2004-08-06 20:00:00,153.0,116.0,2.6,13.2,26.4
2004-08-06 21:00:00,103.0,94.0,1.7,9.8,25.5
2004-08-06 22:00:00,76.0,77.0,1.5,8.8,25.1
2004-08-06 23:00:00,93.0,74.0,1.8,10.4,24.1
2004-08-07 00:00:00,75.0,62.0,1.4,8.5,23.8
2004-08-07 01:00:00,57.0,57.0,1.2,6.4,23.4
2004-08-07 02:00:00,32.0,45.0,0.7,3.4,24.4
2004-08-07 04:00:00,42.0,49.0,0.7,2.9,21.9
2004-08-07 05:00:00,37.0,45.0,0.5,2.3,23.6
2004-08-07 06:00:00,44.0,44.0,0.6,3.3,22.6
2004-08-07 07:00:00,51.0,43.0,0.9,5.1,22.9
2004-08-07 08:00:00,74.0,51.0,1.2,7.7,23.3
2004-08-07 09:00:00,115.0,84.0,2.0,10.5,25.4
2004-08-07 10:00:00,109.0,96.0,1.9,10.9,30.6
2004-08-07 11:00:00,80.0,88.0,1.7,8.4,33.5
2004-08-07 12:00:00,57.0,67.0,1.2,6.0,35.5
2004-08-07 13:00:00,56.0,64.0,1.1,6.0,37.5
2004-08-07 14:00:00,43.0,54.0,1.0,4.7,35.1
2004-08-07 15:00:00,43.0,56.0,1.0,5.3,38.1
2004-08-07 16:00:00,51.0,68.0,1.0,5.8,38.5
2004-08-07 17:00:00,46.0,67.0,1.2,6.5,36.8
2004-08-07 18:00:00,71.0,95.0,1.6,8.4,34.9
2004-08-07 19:00:00,65.0,86.0,1.6,8.3,32.2
2004-08-07 20:00:00,78.0,93.0,1.6,8.4,29.7
2004-08-07 21:00:00,51.0,68.0,1.3,6.4,27.7
2004-08-07 22:00:00,84.0,95.0,1.9,10.3,27.3
2004-08-07 23:00:00,89.0,93.0,1.9,10.9,26.3
2004-08-08 00:00:00,65.0,69.0,1.5,7.4,25.7
2004-08-08 01:00:00,43.0,55.0,1.1,5.8,25.4
2004-08-08 02:00:00,32.0,39.0,0.8,4.5,24.9
2004-08-08 04:00:00,22.0,33.0,0.6,2.4,23.9
2004-08-08 05:00:00,21.0,29.0,0.6,2.4,23.8
2004-08-08 06:00:00,27.0,36.0,0.7,2.6,23.4
2004-08-08 07:00:00,31.0,38.0,0.6,2.8,24.3
2004-08-08 08:00:00,46.0,47.0,1.0,4.5,25.1
2004-08-08 09:00:00,62.0,64.0,1.2,5.2,27.3
2004-08-08 10:00:00,43.0,49.0,1.0,4.2,29.5
2004-08-08 11:00:00,53.0,64.0,1.3,4.8,27.6
2004-08-08 12:00:00,87.0,79.0,1.4,4.6,25.4
2004-08-08 13:00:00,36.0,45.0,0.8,3.6,32.2
2004-08-08 14:00:00,21.0,30.0,0.6,2.6,31.6
2004-08-08 15:00:00,27.0,35.0,0.7,3.0,33.0
2004-08-08 16:00:00,29.0,37.0,0.8,3.6,35.1
2004-08-08 17:00:00,38.0,46.0,0.9,4.1,35.0
2004-08-08 18:00:00,41.0,54.0,1.0,5.0,33.8
2004-08-08 19:00:00,66.0,79.0,1.5,6.5,31.1
2004-08-08 20:00:00,63.0,79.0,1.5,7.3,29.0
2004-08-08 21:00:00,88.0,98.0,1.7,8.1,28.1
2004-08-08 22:00:00,87.0,93.0,1.9,10.4,27.1
2004-08-08 23:00:00,86.0,89.0,1.7,9.0,26.6
2004-08-09 00:00:00,49.0,57.0,1.2,6.5,25.8
2004-08-09 01:00:00,40.0,51.0,1.1,6.3,25.5
2004-08-09 02:00:00,27.0,39.0,0.8,4.4,24.9
2004-08-09 05:00:00,58.0,46.0,0.7,3.7,23.2
2004-08-09 06:00:00,87.0,55.0,1.2,7.4,23.2
2004-08-09 07:00:00,143.0,63.0,2.3,15.1,24.3
2004-08-09 08:00:00,96.0,42.0,2.5,15.1,25.5
2004-08-09 09:00:00,16.0,5.0,2.4,14.7,27.7
2004-08-09 10:00:00,54.0,39.0,1.4,9.8,31.8
2004-08-09 11:00:00,42.0,39.0,1.2,8.0,32.7
2004-08-09 12:00:00,72.0,71.0,1.6,8.3,34.3
2004-08-09 13:00:00,54.0,65.0,1.4,7.7,34.2
2004-08-09 14:00:00,52.0,71.0,1.2,6.7,33.9
2004-08-09 15:00:00,64.0,72.0,1.5,7.5,34.4
2004-08-09 20:00:00,81.0,95.0,1.9,8.6,29.8
2004-08-09 21:00:00,59.0,74.0,1.6,9.7,28.8
2004-08-09 22:00:00,69.0,76.0,1.5,9.1,28.2
2004-08-09 23:00:00,58.0,66.0,1.4,9.1,27.5
2004-08-10 00:00:00,33.0,49.0,1.0,7.0,27.4
2004-08-10 01:00:00,17.0,29.0,0.7,4.9,28.1
2004-08-10 02:00:00,6.0,11.0,0.5,3.5,26.3
2004-08-10 04:00:00,20.0,25.0,0.5,3.2,24.4
2004-08-10 05:00:00,58.0,34.0,0.7,4.7,23.5
2004-08-10 06:00:00,106.0,42.0,1.2,7.6,23.4
2004-08-10 07:00:00,143.0,47.0,2.2,14.7,24.5
2004-08-10 08:00:00,167.0,62.0,2.9,18.7,26.0
2004-08-10 09:00:00,188.0,81.0,2.6,14.8,28.5
2004-08-10 10:00:00,164.0,90.0,2.6,14.5,33.6
2004-08-10 11:00:00,128.0,95.0,2.2,12.7,36.5
2004-08-10 12:00:00,88.0,86.0,1.5,9.2,39.0
2004-08-10 13:00:00,51.0,64.0,0.9,4.8,38.8
2004-08-10 14:00:00,52.0,62.0,1.0,5.4,38.0
2004-08-10 15:00:00,59.0,75.0,1.1,7.2,40.5
2004-08-10 16:00:00,67.0,88.0,1.2,6.7,39.8
2004-08-10 17:00:00,105.0,126.0,1.8,9.7,39.6
2004-08-10 18:00:00,91.0,96.0,1.8,10.9,38.8
2004-08-10 19:00:00,69.0,79.0,1.7,10.6,34.7
2004-08-10 20:00:00,65.0,67.0,1.7,9.7,32.3
2004-08-10 21:00:00,58.0,62.0,1.6,8.6,30.7
2004-08-10 22:00:00,67.0,64.0,1.7,10.2,29.5
2004-08-10 23:00:00,64.0,63.0,1.8,10.5,28.8
2004-08-11 00:00:00,65.0,60.0,1.5,8.8,28.2
2004-08-11 01:00:00,47.0,49.0,1.2,6.6,27.2
2004-08-11 02:00:00,29.0,36.0,0.8,5.3,26.7
2004-08-11 04:00:00,16.0,24.0,0.5,3.2,26.4
2004-08-11 05:00:00,50.0,32.0,0.7,3.5,25.9
2004-08-11 06:00:00,78.0,42.0,1.1,7.2,26.1
2004-08-11 07:00:00,89.0,42.0,1.4,9.5,26.8
2004-08-11 08:00:00,97.0,51.0,1.7,11.1,27.9
2004-08-11 09:00:00,93.0,58.0,1.8,9.7,29.8
2004-08-11 10:00:00,105.0,67.0,1.8,9.5,33.6
2004-08-11 11:00:00,89.0,68.0,1.7,8.3,35.1
2004-08-11 12:00:00,63.0,56.0,1.3,6.0,36.2
2004-08-11 13:00:00,52.0,47.0,1.3,5.8,38.0
2004-08-11 14:00:00,48.0,46.0,1.0,5.1,36.6
2004-08-11 15:00:00,50.0,50.0,1.0,4.5,38.8
2004-08-11 16:00:00,80.0,65.0,1.4,6.6,38.7
2004-08-11 17:00:00,78.0,69.0,1.6,8.0,37.4
2004-08-11 18:00:00,64.0,63.0,1.4,7.6,36.2
2004-08-11 19:00:00,84.0,69.0,1.7,10.1,33.8
2004-08-11 20:00:00,72.0,57.0,1.4,7.8,31.4
2004-08-11 21:00:00,70.0,59.0,1.5,8.4,30.8
2004-08-11 22:00:00,59.0,54.0,1.4,7.7,29.4
2004-08-11 23:00:00,63.0,57.0,1.5,7.6,28.1
2004-08-12 00:00:00,58.0,46.0,1.6,7.9,27.3
2004-08-12 01:00:00,68.0,65.0,1.2,6.3,26.7
2004-08-12 02:00:00,57.0,62.0,0.9,3.8,25.9
2004-08-12 05:00:00,47.0,37.0,0.7,4.2,25.8
2004-08-12 06:00:00,39.0,41.0,0.7,4.5,26.5
2004-08-12 07:00:00,87.0,60.0,1.7,11.0,26.4
2004-08-12 08:00:00,122.0,65.0,2.2,14.1,27.5
2004-08-12 09:00:00,122.0,71.0,1.9,9.5,29.4
2004-08-12 10:00:00,101.0,61.0,1.5,6.9,33.4
2004-08-12 11:00:00,92.0,65.0,1.6,7.2,33.2
2004-08-12 12:00:00,70.0,54.0,1.3,5.5,34.5
2004-08-12 13:00:00,58.0,58.0,1.1,5.1,37.1
2004-08-12 14:00:00,44.0,56.0,1.0,5.0,35.9
2004-08-12 15:00:00,44.0,60.0,1.0,5.6,37.3
2004-08-12 16:00:00,52.0,69.0,1.1,5.7,38.1
2004-08-12 17:00:00,53.0,67.0,1.3,7.0,37.1
2004-08-12 18:00:00,65.0,79.0,1.5,8.1,35.2
2004-08-12 19:00:00,67.0,86.0,1.6,8.7,32.1
2004-08-12 20:00:00,67.0,79.0,1.5,7.9,30.3
2004-08-12 21:00:00,53.0,67.0,1.3,7.5,29.3
2004-08-12 22:00:00,53.0,65.0,1.2,6.0,28.6
2004-08-12 23:00:00,60.0,67.0,1.6,8.5,27.8
2004-08-13 00:00:00,60.0,62.0,1.4,7.0,27.4
2004-08-13 01:00:00,39.0,48.0,1.1,5.6,27.2
2004-08-13 02:00:00,22.0,33.0,0.7,2.6,26.7
2004-08-13 04:00:00,7.0,11.0,0.5,1.7,25.4
2004-08-13 05:00:00,25.0,34.0,0.5,2.0,26.1
2004-08-13 06:00:00,47.0,52.0,0.8,4.0,25.2
2004-08-13 07:00:00,101.0,80.0,1.6,8.6,26.0
2004-08-13 08:00:00,100.0,86.0,1.6,10.1,27.0
2004-08-13 09:00:00,79.0,77.0,1.4,8.7,30.5
2004-08-13 10:00:00,91.0,93.0,1.5,7.9,33.4
2004-08-13 11:00:00,83.0,109.0,1.2,5.8,35.7
2004-08-13 12:00:00,65.0,89.0,1.1,5.3,35.8
2004-08-13 13:00:00,55.0,71.0,0.8,4.2,36.3
2004-08-13 14:00:00,40.0,56.0,0.7,3.3,33.6
2004-08-13 15:00:00,48.0,68.0,0.7,4.0,35.2
2004-08-13 16:00:00,46.0,61.0,0.7,4.3,35.0
2004-08-13 17:00:00,54.0,70.0,1.0,4.6,34.0
2004-08-13 18:00:00,55.0,76.0,1.0,5.1,32.0
2004-08-13 19:00:00,60.0,78.0,1.2,5.9,29.4
2004-08-13 20:00:00,62.0,80.0,1.1,5.7,28.1
2004-08-13 21:00:00,51.0,71.0,1.0,4.7,26.9
2004-08-13 22:00:00,57.0,74.0,1.2,5.1,26.6
2004-08-13 23:00:00,72.0,90.0,1.4,5.9,25.9
2004-08-14 00:00:00,63.0,78.0,1.3,5.6,25.4
2004-08-14 01:00:00,49.0,63.0,1.0,4.5,25.1
2004-08-14 02:00:00,30.0,42.0,0.6,2.5,25.1
2004-08-14 04:00:00,18.0,27.0,0.4,1.8,25.2
2004-08-14 05:00:00,22.0,29.0,0.4,1.9,25.6
2004-08-14 06:00:00,39.0,41.0,0.5,2.6,24.7
2004-08-14 07:00:00,68.0,61.0,1.1,6.3,24.0
2004-08-14 08:00:00,84.0,68.0,1.2,6.8,25.0
2004-08-14 09:00:00,54.0,58.0,0.9,4.7,28.0
2004-08-14 10:00:00,51.0,52.0,0.9,4.7,31.6
2004-08-14 11:00:00,52.0,57.0,1.0,4.0,35.0
2004-08-14 12:00:00,44.0,51.0,0.8,4.3,35.3
2004-08-14 13:00:00,47.0,53.0,0.8,3.8,36.2
2004-08-14 14:00:00,37.0,49.0,0.7,3.4,34.8
2004-08-14 15:00:00,33.0,44.0,0.7,3.6,38.2
2004-08-14 16:00:00,36.0,48.0,0.7,3.6,38.9
2004-08-14 17:00:00,33.0,46.0,0.7,3.6,36.9
2004-08-14 18:00:00,40.0,56.0,0.9,5.1,35.2
2004-08-14 19:00:00,56.0,73.0,1.2,6.6,32.0
2004-08-14 20:00:00,71.0,85.0,1.4,7.3,29.8
2004-08-14 21:00:00,57.0,72.0,1.2,6.1,28.2
2004-08-14 22:00:00,43.0,53.0,1.0,5.2,27.1
2004-08-14 23:00:00,40.0,47.0,0.9,4.9,26.7
2004-08-15 00:00:00,26.0,37.0,0.7,3.5,26.1
2004-08-15 01:00:00,24.0,34.0,0.5,3.0,25.7
2004-08-15 02:00:00,24.0,33.0,0.5,2.7,24.8
2004-08-15 05:00:00,18.0,27.0,0.4,2.4,22.5
2004-08-15 06:00:00,19.0,27.0,0.4,2.0,22.7
2004-08-15 07:00:00,22.0,28.0,0.5,2.5,23.0
2004-08-15 08:00:00,34.0,36.0,0.7,3.5,23.9
2004-08-15 09:00:00,61.0,59.0,1.1,6.0,26.3
2004-08-15 10:00:00,46.0,56.0,1.0,5.3,32.1
2004-08-15 11:00:00,56.0,70.0,1.2,6.3,35.8
2004-08-15 12:00:00,31.0,36.0,1.1,4.8,38.3
2004-08-15 13:00:00,11.0,17.0,0.6,3.2,37.3
2004-08-15 14:00:00,8.0,14.0,0.4,2.6,36.3
2004-08-15 15:00:00,14.0,24.0,0.4,2.4,36.8
2004-08-15 16:00:00,21.0,36.0,0.5,3.0,37.9
2004-08-15 17:00:00,26.0,43.0,0.6,3.1,36.7
2004-08-15 18:00:00,37.0,60.0,0.8,3.4,33.8
2004-08-15 19:00:00,53.0,81.0,1.0,4.6,32.6
2004-08-15 20:00:00,56.0,87.0,1.1,4.4,30.6
2004-08-15 21:00:00,51.0,85.0,1.1,5.5,29.4
2004-08-15 22:00:00,79.0,91.0,1.6,8.2,28.4
2004-08-15 23:00:00,38.0,55.0,0.9,5.0,28.3
2004-08-16 00:00:00,25.0,42.0,0.7,4.0,27.8
2004-08-16 01:00:00,24.0,43.0,0.7,3.7,25.3
2004-08-16 02:00:00,11.0,20.0,0.5,3.1,24.5
2004-08-16 04:00:00,16.0,23.0,0.3,1.5,23.3
2004-08-16 05:00:00,43.0,43.0,0.4,2.4,21.5
2004-08-16 06:00:00,86.0,68.0,0.9,5.4,21.3
2004-08-16 07:00:00,92.0,62.0,1.3,8.5,22.2
2004-08-16 08:00:00,102.0,65.0,1.6,10.9,23.6
2004-08-16 09:00:00,171.0,93.0,2.1,12.0,27.1
2004-08-16 10:00:00,148.0,110.0,2.0,10.6,33.4
2004-08-16 11:00:00,119.0,106.0,1.4,7.4,35.3
2004-08-16 12:00:00,71.0,77.0,1.4,7.3,37.4
2004-08-16 13:00:00,53.0,60.0,0.9,4.6,38.6
2004-08-16 14:00:00,61.0,67.0,0.8,4.0,35.8
2004-08-16 15:00:00,53.0,57.0,0.8,3.8,38.4
2004-08-16 16:00:00,61.0,60.0,1.0,5.0,39.7
2004-08-16 17:00:00,72.0,69.0,1.3,6.9,38.8
2004-08-16 18:00:00,67.0,77.0,1.3,7.0,35.2
2004-08-16 19:00:00,70.0,77.0,1.3,6.8,31.7
2004-08-16 20:00:00,81.0,87.0,1.6,8.5,30.4
2004-08-16 21:00:00,79.0,88.0,1.4,8.0,29.5
2004-08-16 22:00:00,73.0,84.0,1.3,5.7,28.0
2004-08-16 23:00:00,57.0,65.0,1.0,5.1,28.2
2004-08-17 00:00:00,45.0,54.0,0.9,5.5,26.5
2004-08-17 01:00:00,25.0,37.0,0.6,3.1,28.3
2004-08-17 02:00:00,23.0,36.0,0.5,2.9,25.7
2004-08-17 04:00:00,18.0,29.0,0.4,2.2,24.3
2004-08-17 05:00:00,23.0,25.0,0.4,2.5,23.6
2004-08-17 06:00:00,59.0,41.0,1.0,5.6,22.2
2004-08-17 07:00:00,135.0,68.0,2.2,12.9,22.5
2004-08-17 08:00:00,167.0,82.0,2.5,16.0,24.3
2004-08-17 09:00:00,190.0,137.0,2.3,12.2,27.3
2004-08-17 10:00:00,142.0,119.0,2.0,10.0,33.3
2004-08-18 16:00:00,83.0,71.0,1.4,7.4,36.4
2004-08-18 17:00:00,94.0,78.0,1.7,9.1,36.8
2004-08-18 18:00:00,84.0,72.0,1.5,8.9,36.4
2004-08-18 19:00:00,90.0,74.0,1.7,9.2,33.3
2004-08-18 20:00:00,91.0,70.0,1.6,8.5,31.3
2004-08-18 21:00:00,70.0,55.0,1.4,7.9,29.9
2004-08-18 22:00:00,75.0,54.0,1.4,6.1,29.1
2004-08-18 23:00:00,72.0,53.0,1.4,6.4,28.0
2004-08-19 00:00:00,59.0,46.0,1.2,5.7,27.7
2004-08-19 01:00:00,48.0,38.0,0.9,4.4,27.7
2004-08-19 02:00:00,41.0,30.0,0.6,2.3,28.3
2004-08-19 04:00:00,11.0,16.0,0.5,1.9,27.7
2004-08-19 05:00:00,11.0,12.0,0.5,2.4,27.5
2004-08-19 06:00:00,37.0,38.0,0.8,4.7,27.1
2004-08-19 07:00:00,72.0,56.0,1.4,7.8,27.6
2004-08-19 08:00:00,53.0,57.0,1.2,7.8,29.0
2004-08-19 09:00:00,31.0,39.0,1.0,6.3,31.0
2004-08-19 10:00:00,47.0,47.0,1.2,6.5,32.5
2004-08-19 11:00:00,33.0,35.0,1.1,6.1,36.9
2004-08-19 12:00:00,35.0,44.0,1.2,6.3,36.2
2004-08-19 13:00:00,32.0,43.0,1.1,5.6,37.7
2004-08-19 14:00:00,23.0,34.0,1.0,5.8,37.1
2004-08-19 15:00:00,27.0,36.0,1.0,5.4,39.5
2004-08-19 16:00:00,32.0,44.0,1.2,6.8,39.9
2004-08-19 17:00:00,51.0,63.0,1.7,9.3,39.6
2004-08-19 18:00:00,46.0,60.0,1.7,8.5,37.2
2004-08-19 19:00:00,62.0,66.0,1.7,9.3,33.9
2004-08-19 20:00:00,65.0,68.0,1.7,7.4,31.6
2004-08-23 11:00:00,86.0,83.0,1.6,8.2,32.9
2004-08-23 12:00:00,57.0,64.0,1.3,5.9,34.4
2004-08-23 13:00:00,39.0,50.0,1.0,4.7,34.3
2004-08-23 14:00:00,41.0,53.0,0.9,4.1,33.4
2004-08-23 15:00:00,47.0,57.0,1.0,4.9,36.1
2004-08-23 16:00:00,45.0,55.0,1.1,5.2,37.3
2004-08-23 17:00:00,60.0,70.0,1.5,7.5,36.8
2004-08-23 18:00:00,51.0,68.0,1.5,7.4,34.9
2004-08-23 19:00:00,53.0,73.0,1.6,7.8,30.8
2004-08-23 20:00:00,72.0,92.0,1.7,8.6,28.9
2004-08-23 21:00:00,62.0,80.0,1.4,6.5,27.0
2004-08-23 22:00:00,41.0,60.0,1.2,6.8,26.6
2004-08-23 23:00:00,32.0,49.0,1.1,5.7,26.0
2004-08-24 00:00:00,44.0,53.0,1.1,5.8,24.1
2004-08-24 01:00:00,29.0,50.0,1.2,5.7,22.2
2004-08-24 02:00:00,18.0,34.0,0.7,3.2,22.8
2004-08-24 04:00:00,12.0,21.0,0.4,1.7,21.7
2004-08-24 05:00:00,39.0,48.0,0.7,2.8,20.2
2004-08-24 06:00:00,83.0,71.0,1.1,5.7,20.1
2004-08-24 07:00:00,149.0,94.0,1.6,10.0,20.6
2004-08-24 08:00:00,216.0,118.0,2.3,14.5,22.4
2004-08-24 09:00:00,153.0,105.0,1.6,9.9,25.0
2004-08-24 10:00:00,177.0,122.0,2.0,11.2,29.9
2004-08-24 11:00:00,126.0,121.0,1.6,8.3,32.9
2004-08-24 12:00:00,96.0,115.0,1.6,9.5,35.0
2004-08-24 13:00:00,92.0,107.0,1.3,7.1,34.6
2004-08-24 14:00:00,75.0,86.0,1.0,6.0,33.8
2004-08-24 15:00:00,109.0,118.0,1.6,9.1,36.3
2004-08-24 16:00:00,133.0,129.0,2.0,10.4,38.3
2004-08-24 17:00:00,87.0,90.0,1.7,8.7,36.9
2004-08-24 18:00:00,80.0,87.0,1.7,9.0,33.9
2004-08-24 19:00:00,70.0,65.0,1.4,6.8,29.8
2004-08-24 20:00:00,67.0,61.0,1.3,5.2,27.5
2004-08-24 21:00:00,66.0,62.0,1.3,5.7,27.5
2004-08-24 22:00:00,97.0,85.0,1.6,6.9,28.1
2004-08-24 23:00:00,90.0,83.0,1.8,7.8,26.9
2004-08-25 00:00:00,99.0,84.0,1.5,6.8,26.0
2004-08-25 01:00:00,71.0,71.0,1.3,6.3,24.9
2004-08-25 02:00:00,59.0,62.0,1.1,4.7,23.7
2004-08-25 04:00:00,26.0,40.0,0.6,3.6,22.9
2004-08-25 05:00:00,47.0,50.0,0.7,4.4,23.3
2004-08-25 06:00:00,108.0,78.0,1.1,6.4,23.6
2004-08-25 07:00:00,160.0,89.0,1.9,11.9,24.9
2004-08-25 08:00:00,204.0,106.0,3.5,21.0,26.4
2004-08-25 09:00:00,193.0,107.0,2.9,15.6,28.1
2004-08-25 10:00:00,146.0,93.0,2.2,12.1,30.2
2004-08-25 11:00:00,126.0,95.0,2.0,9.3,31.2
2004-08-25 12:00:00,90.0,78.0,1.7,8.7,33.9
2004-08-25 13:00:00,84.0,76.0,1.6,7.9,33.9
2004-08-25 14:00:00,60.0,66.0,1.3,6.2,34.4
2004-08-25 15:00:00,66.0,71.0,1.3,6.3,35.3
2004-08-25 16:00:00,57.0,61.0,1.3,6.0,36.3
2004-08-25 17:00:00,71.0,73.0,1.6,7.9,35.3
2004-08-25 18:00:00,51.0,54.0,1.3,5.8,32.5
2004-08-25 19:00:00,49.0,53.0,1.4,6.3,29.1
2004-08-25 20:00:00,59.0,69.0,1.4,6.0,27.8
2004-08-25 21:00:00,66.0,77.0,1.3,6.3,27.0
2004-08-25 22:00:00,72.0,83.0,1.4,6.8,26.3
2004-08-25 23:00:00,89.0,94.0,1.5,7.0,25.2
2004-08-26 00:00:00,75.0,84.0,1.5,7.0,24.3
2004-08-26 01:00:00,38.0,55.0,0.9,5.0,23.3
2004-08-26 02:00:00,24.0,35.0,0.6,2.8,24.1
2004-08-26 05:00:00,40.0,45.0,0.5,2.8,23.7
2004-08-28 04:00:00,40.0,56.0,0.6,2.5,20.0
2004-08-28 05:00:00,25.0,33.0,0.4,1.7,22.5
2004-08-28 06:00:00,38.0,39.0,0.5,3.4,19.5
2004-08-28 07:00:00,38.0,43.0,0.7,4.3,19.6
2004-08-28 08:00:00,75.0,62.0,1.2,7.1,20.7
2004-08-28 09:00:00,104.0,81.0,1.7,8.3,24.7
2004-08-28 10:00:00,134.0,102.0,1.8,9.1,29.9
2004-08-28 11:00:00,85.0,86.0,1.5,7.7,32.3
2004-08-28 12:00:00,30.0,37.0,1.2,7.2,34.3
2004-08-28 13:00:00,49.0,64.0,1.1,5.8,33.4
2004-08-31 15:00:00,209.0,101.0,1.9,11.0,33.8
2004-08-31 16:00:00,132.0,71.0,1.4,7.6,34.5
2004-08-31 17:00:00,166.0,82.0,2.0,10.1,32.7
2004-08-31 18:00:00,243.0,104.0,2.7,14.1,31.4
2004-08-31 19:00:00,247.0,105.0,2.8,14.1,27.7
2004-08-31 20:00:00,165.0,87.0,2.0,10.3,26.2
2004-08-31 21:00:00,187.0,98.0,2.1,11.5,25.7
2004-08-31 22:00:00,206.0,105.0,2.0,10.9,25.2
2004-08-31 23:00:00,200.0,104.0,1.8,10.4,24.4
2004-09-01 00:00:00,189.0,96.0,1.9,9.5,23.7
2004-09-01 01:00:00,136.0,79.0,1.3,7.0,22.8
2004-09-01 02:00:00,83.0,61.0,0.7,3.3,22.8
2004-09-01 04:00:00,72.0,48.0,0.5,2.8,20.8
2004-09-01 05:00:00,121.0,63.0,0.6,4.3,19.7
2004-09-01 06:00:00,268.0,92.0,1.3,8.5,19.8
2004-09-01 07:00:00,451.0,99.0,3.6,20.9,20.6
2004-09-01 08:00:00,458.0,117.0,4.9,35.2,23.2
2004-09-01 09:00:00,487.0,142.0,3.9,18.7,26.3
2004-09-01 10:00:00,319.0,121.0,2.2,12.8,29.1
2004-09-01 11:00:00,269.0,122.0,1.9,11.2,30.0
2004-09-01 12:00:00,224.0,108.0,2.2,13.3,32.4
2004-09-01 13:00:00,162.0,80.0,2.0,11.3,31.3
2004-09-01 14:00:00,189.0,93.0,1.7,10.4,31.1
2004-09-01 15:00:00,213.0,108.0,2.0,12.3,33.3
2004-09-01 16:00:00,245.0,118.0,2.1,12.3,35.5
2004-09-01 17:00:00,341.0,149.0,3.2,19.4,34.6
2004-09-01 18:00:00,382.0,171.0,4.0,21.5,33.3
2004-09-01 19:00:00,358.0,154.0,4.4,25.7,30.0
2004-09-01 20:00:00,288.0,122.0,3.0,14.5,28.0
2004-09-01 21:00:00,252.0,126.0,2.2,11.4,27.2
2004-09-01 22:00:00,201.0,121.0,1.7,9.5,26.6
2004-09-01 23:00:00,225.0,125.0,1.9,11.6,25.3
2004-09-02 00:00:00,242.0,126.0,2.0,11.4,24.3
2004-09-02 01:00:00,167.0,96.0,1.5,7.5,24.4
2004-09-02 02:00:00,99.0,73.0,0.8,5.3,23.1
2004-09-02 04:00:00,87.0,65.0,0.6,4.0,21.8
2004-09-02 05:00:00,164.0,90.0,0.7,4.6,21.0
2004-09-02 06:00:00,87.0,58.0,0.8,5.8,21.8
2004-09-02 07:00:00,93.0,27.0,2.9,20.0,21.6
2004-09-02 08:00:00,417.0,67.0,5.2,30.0,22.8
2004-09-02 09:00:00,406.0,96.0,3.3,18.7,26.2
2004-09-07 06:00:00,169.0,64.0,1.3,7.7,23.1
2004-09-07 07:00:00,231.0,72.0,2.5,13.9,23.7
2004-09-07 08:00:00,232.0,73.0,3.4,22.0,25.8
2004-09-07 09:00:00,145.0,64.0,2.1,10.2,27.3
2004-09-07 10:00:00,170.0,74.0,2.2,10.4,31.0
2004-09-07 11:00:00,214.0,89.0,1.7,8.0,31.6
2004-09-08 18:00:00,477.0,188.0,4.0,18.9,32.4
2004-09-08 19:00:00,502.0,176.0,4.7,24.1,29.9
2004-09-08 20:00:00,420.0,163.0,3.8,18.1,28.2
2004-09-08 21:00:00,344.0,155.0,2.8,15.8,26.8
2004-09-08 22:00:00,307.0,146.0,2.6,14.6,25.1
2004-09-08 23:00:00,251.0,131.0,2.0,10.6,25.4
2004-09-09 00:00:00,180.0,119.0,1.4,7.5,24.9
2004-09-09 01:00:00,141.0,98.0,1.2,7.4,23.2
2004-09-09 02:00:00,105.0,89.0,0.6,3.8,22.3
2004-09-09 04:00:00,74.0,68.0,0.2,2.3,21.4
2004-09-09 05:00:00,91.0,65.0,0.4,2.7,21.7
2004-09-09 06:00:00,143.0,81.0,0.6,4.9,20.3
2004-09-09 07:00:00,553.0,136.0,3.0,18.2,19.7
2004-09-09 08:00:00,542.0,130.0,3.2,21.4,21.0
2004-09-09 09:00:00,590.0,157.0,3.5,21.3,25.0
2004-09-09 10:00:00,590.0,171.0,3.1,19.9,31.0
2004-09-09 11:00:00,387.0,143.0,2.2,14.8,34.9
2004-09-09 12:00:00,252.0,116.0,1.7,12.6,37.1
2004-09-09 13:00:00,310.0,129.0,2.0,13.0,35.0
2004-09-09 14:00:00,396.0,168.0,2.5,16.2,35.1
2004-09-09 15:00:00,329.0,152.0,2.4,15.0,35.4
2004-09-09 16:00:00,393.0,175.0,2.9,16.2,38.4
2004-09-09 17:00:00,522.0,212.0,4.2,22.7,37.6
2004-09-09 18:00:00,631.0,220.0,5.4,32.3,35.2
2004-09-09 19:00:00,435.0,175.0,4.3,22.3,31.2
2004-09-09 20:00:00,407.0,165.0,3.6,16.6,29.3
2004-09-09 21:00:00,255.0,136.0,2.0,11.0,28.3
2004-09-09 22:00:00,180.0,111.0,1.5,11.3,27.4
2004-09-09 23:00:00,186.0,114.0,1.5,9.3,26.2
2004-09-10 00:00:00,147.0,96.0,1.2,7.3,25.2
2004-09-10 01:00:00,101.0,75.0,1.0,5.5,24.4
2004-09-10 02:00:00,69.0,58.0,0.5,3.5,23.7
2004-09-10 04:00:00,49.0,41.0,0.4,2.9,24.5
2004-09-10 05:00:00,91.0,55.0,0.5,3.6,22.4
2004-09-10 06:00:00,144.0,73.0,0.7,5.5,22.3
2004-09-10 07:00:00,430.0,108.0,2.4,15.5,21.4
2004-09-10 08:00:00,606.0,147.0,4.1,28.3,22.9
2004-09-10 09:00:00,519.0,150.0,3.0,17.8,26.6
2004-09-10 10:00:00,353.0,131.0,2.0,12.8,30.3
2004-09-10 11:00:00,429.0,144.0,2.5,15.7,32.8
2004-09-10 12:00:00,345.0,151.0,2.4,15.4,34.3
2004-09-10 13:00:00,417.0,165.0,2.6,15.6,33.3
2004-09-10 14:00:00,276.0,135.0,1.9,12.6,33.0
2004-09-10 15:00:00,280.0,143.0,2.1,12.2,33.6
2004-09-10 16:00:00,365.0,153.0,2.5,13.4,34.9
2004-09-10 17:00:00,363.0,149.0,2.7,14.3,33.4
2004-09-10 18:00:00,393.0,164.0,3.3,16.5,31.6
2004-09-10 19:00:00,385.0,180.0,3.2,17.4,29.2
2004-09-10 20:00:00,307.0,159.0,2.6,12.9,27.7
2004-09-10 21:00:00,194.0,119.0,1.4,8.2,27.1
2004-09-10 22:00:00,205.0,127.0,1.6,9.2,26.0
2004-09-10 23:00:00,223.0,131.0,1.7,9.3,25.1
2004-09-11 00:00:00,176.0,101.0,1.6,10.4,24.3
2004-09-13 10:00:00,475.0,138.0,3.1,18.4,25.4
2004-09-13 11:00:00,395.0,138.0,2.9,16.3,30.0
2004-09-13 12:00:00,353.0,138.0,3.0,18.2,32.6
2004-09-13 13:00:00,397.0,137.0,3.0,17.9,32.2
2004-09-13 14:00:00,274.0,120.0,2.2,12.6,32.1
2004-09-13 15:00:00,505.0,208.0,2.0,11.3,32.6
2004-09-13 16:00:00,275.0,128.0,2.3,14.9,35.2
2004-09-13 17:00:00,360.0,145.0,3.1,18.5,34.3
2004-09-13 19:00:00,597.0,168.0,6.2,35.9,29.0
2004-09-13 20:00:00,728.0,177.0,4.7,26.7,27.1
2004-09-13 21:00:00,891.0,172.0,3.0,19.9,26.1
2004-09-13 22:00:00,346.0,112.0,2.1,14.6,25.1
2004-09-13 23:00:00,98.0,39.0,1.0,6.9,26.0
2004-09-14 00:00:00,144.0,68.0,0.8,5.6,24.7
2004-09-14 01:00:00,110.0,51.0,0.7,3.9,24.8
2004-09-15 17:00:00,341.0,112.0,3.3,17.3,26.9
2004-09-15 18:00:00,622.0,170.0,6.1,28.6,26.5
2004-09-15 19:00:00,615.0,173.0,6.7,31.8,25.1
2004-09-15 20:00:00,443.0,135.0,4.4,20.1,23.9
2004-09-15 21:00:00,219.0,93.0,1.9,9.2,23.1
2004-09-15 22:00:00,203.0,74.0,1.8,10.3,22.1
2004-09-15 23:00:00,165.0,69.0,1.5,8.6,22.1
2004-09-16 00:00:00,339.0,109.0,1.6,8.6,21.1
2004-09-16 01:00:00,103.0,55.0,0.8,4.8,21.9
2004-09-16 02:00:00,74.0,49.0,0.5,2.6,21.7
2004-09-16 04:00:00,72.0,42.0,0.6,4.5,19.1
2004-09-16 05:00:00,180.0,50.0,0.9,6.6,19.4
2004-09-16 06:00:00,239.0,53.0,1.4,10.1,19.7
2004-09-16 07:00:00,664.0,86.0,4.2,23.4,19.9
2004-09-16 08:00:00,525.0,81.0,4.1,25.0,20.4
2004-09-16 09:00:00,543.0,96.0,3.6,21.6,21.6
2004-09-16 10:00:00,390.0,96.0,2.5,13.0,22.9
2004-09-16 11:00:00,217.0,79.0,1.3,6.8,18.7
2004-09-16 12:00:00,248.0,95.0,1.7,10.0,21.1
2004-09-16 13:00:00,333.0,127.0,2.1,11.7,23.3
2004-09-16 14:00:00,279.0,102.0,1.7,9.8,22.9
2004-09-16 15:00:00,339.0,107.0,1.9,10.2,23.3
2004-09-16 16:00:00,315.0,110.0,2.3,12.0,23.7
2004-09-16 17:00:00,365.0,124.0,3.3,17.7,23.8
2004-09-16 18:00:00,338.0,113.0,3.5,18.8,23.0
2004-09-16 19:00:00,318.0,104.0,3.6,17.6,21.9
2004-09-16 20:00:00,302.0,117.0,2.9,13.8,21.3
2004-09-16 21:00:00,214.0,94.0,2.0,9.4,21.2
2004-09-17 00:00:00,363.0,109.0,1.1,10.7,21.3
2004-09-17 01:00:00,178.0,72.0,0.8,6.1,21.4
2004-09-17 02:00:00,55.0,40.0,0.5,3.2,20.6
2004-09-17 04:00:00,32.0,23.0,0.3,1.2,19.7
2004-09-17 05:00:00,35.0,24.0,0.3,1.3,19.6
2004-09-17 06:00:00,84.0,41.0,0.5,2.2,19.8
2004-09-17 07:00:00,456.0,99.0,2.4,14.6,20.2
2004-09-17 08:00:00,342.0,91.0,2.2,9.7,19.7
2004-09-17 09:00:00,239.0,81.0,1.4,6.7,20.2
2004-09-17 10:00:00,337.0,95.0,1.6,7.6,22.0
2004-09-17 11:00:00,351.0,113.0,1.6,8.6,23.5
2004-09-17 12:00:00,209.0,89.0,1.6,9.0,22.8
2004-09-17 13:00:00,257.0,88.0,2.1,10.7,23.4
2004-09-17 14:00:00,169.0,81.0,1.1,6.3,23.2
2004-09-17 15:00:00,216.0,82.0,1.6,9.4,23.6
2004-09-17 16:00:00,303.0,115.0,2.4,12.5,23.9
2004-09-17 17:00:00,320.0,112.0,2.9,15.2,23.6
2004-09-17 18:00:00,310.0,116.0,2.7,14.8,23.2
2004-09-17 19:00:00,341.0,129.0,3.1,15.9,22.8
2004-09-17 20:00:00,272.0,110.0,2.2,10.0,22.3
2004-09-17 21:00:00,229.0,105.0,1.5,6.9,22.1
2004-09-17 22:00:00,168.0,90.0,1.2,5.5,22.2
2004-09-17 23:00:00,173.0,94.0,1.3,6.3,22.1
2004-09-18 00:00:00,186.0,96.0,1.4,6.7,22.1
2004-09-18 01:00:00,112.0,70.0,0.9,3.7,21.5
2004-09-18 02:00:00,79.0,57.0,0.7,3.2,21.1
2004-09-18 05:00:00,58.0,42.0,0.5,2.3,20.2
2004-09-18 06:00:00,122.0,71.0,0.8,3.6,20.1
2004-09-18 07:00:00,173.0,82.0,1.2,6.4,20.0
2004-09-18 08:00:00,176.0,81.0,1.1,5.0,20.7
2004-09-18 09:00:00,233.0,89.0,1.6,7.9,24.3
2004-09-18 10:00:00,210.0,83.0,1.4,6.6,25.4
2004-09-18 11:00:00,178.0,82.0,1.2,5.2,26.6
2004-09-18 12:00:00,189.0,78.0,1.4,6.6,27.7
2004-09-18 13:00:00,210.0,79.0,1.6,7.6,27.6
2004-09-18 14:00:00,162.0,78.0,1.1,5.0,27.6
2004-09-18 15:00:00,137.0,73.0,1.1,5.3,28.1
2004-09-18 16:00:00,165.0,73.0,1.3,5.3,29.1
2004-09-18 17:00:00,204.0,100.0,1.5,6.5,28.4
2004-09-18 18:00:00,266.0,122.0,2.0,9.2,26.6
2004-09-18 19:00:00,299.0,132.0,2.4,11.6,25.3
2004-09-18 20:00:00,234.0,116.0,2.0,9.2,24.7
2004-09-18 21:00:00,181.0,109.0,1.5,7.5,23.5
2004-09-18 22:00:00,210.0,109.0,1.7,9.0,22.8
2004-09-18 23:00:00,304.0,116.0,2.5,12.1,22.2
2004-09-19 00:00:00,255.0,104.0,2.2,10.5,21.3
2004-09-19 01:00:00,149.0,81.0,1.4,7.1,20.6
2004-09-19 02:00:00,112.0,64.0,1.2,6.2,19.6
2004-09-19 04:00:00,90.0,54.0,0.9,3.8,18.8
2004-09-19 05:00:00,46.0,35.0,0.5,2.3,19.3
2004-09-19 06:00:00,76.0,44.0,0.6,2.9,18.2
2004-09-19 07:00:00,139.0,62.0,1.0,4.8,16.8
2004-09-19 08:00:00,179.0,68.0,1.3,7.7,18.6
2004-09-19 09:00:00,224.0,85.0,1.7,8.8,22.2
2004-09-19 10:00:00,272.0,110.0,2.2,10.6,26.5
2004-09-19 11:00:00,251.0,115.0,2.1,10.2,30.0
2004-09-19 12:00:00,250.0,129.0,2.2,11.0,32.2
2004-09-19 13:00:00,178.0,106.0,2.0,11.9,29.6
2004-09-19 14:00:00,137.0,87.0,2.0,10.8,29.8
2004-09-19 15:00:00,119.0,70.0,1.2,5.1,31.1
2004-09-19 16:00:00,193.0,106.0,1.8,8.3,34.6
2004-09-19 17:00:00,329.0,151.0,4.3,20.7,33.2
2004-09-19 18:00:00,413.0,179.0,3.8,16.8,30.0
2004-09-19 19:00:00,489.0,188.0,4.4,20.4,27.5
2004-09-19 20:00:00,470.0,187.0,3.8,15.3,26.2
2004-09-19 21:00:00,228.0,121.0,1.9,8.8,24.7
2004-09-19 22:00:00,169.0,99.0,1.7,8.5,23.6
2004-09-19 23:00:00,189.0,100.0,1.8,8.7,22.7
2004-09-20 00:00:00,100.0,79.0,1.1,5.7,22.7
2004-09-20 01:00:00,71.0,57.0,0.8,4.0,22.8
2004-09-20 02:00:00,52.0,43.0,0.7,3.0,21.4
2004-09-20 04:00:00,57.0,50.0,0.5,2.2,19.5
2004-09-20 05:00:00,69.0,47.0,0.5,2.7,20.2
2004-09-20 06:00:00,126.0,60.0,0.9,4.7,19.4
2004-09-20 07:00:00,376.0,91.0,3.5,21.7,18.7
2004-09-20 09:00:00,737.0,159.0,5.7,27.5,23.5
2004-09-20 10:00:00,481.0,173.0,3.5,18.1,26.4
2004-09-20 11:00:00,425.0,174.0,3.7,18.6,29.9
2004-09-20 12:00:00,330.0,165.0,3.1,17.6,31.5
2004-09-20 13:00:00,303.0,136.0,3.0,16.3,30.2
2004-09-20 14:00:00,283.0,125.0,2.6,11.8,30.5
2004-09-20 15:00:00,264.0,122.0,2.4,11.9,31.8
2004-09-20 16:00:00,280.0,124.0,2.6,15.5,34.3
2004-09-20 17:00:00,505.0,184.0,5.0,28.8,34.1
2004-09-20 18:00:00,566.0,200.0,5.6,31.1,30.5
2004-09-20 19:00:00,681.0,225.0,6.5,34.9,28.1
2004-09-20 20:00:00,448.0,168.0,4.1,19.5,26.5
2004-09-20 21:00:00,231.0,118.0,2.1,11.7,24.8
2004-09-20 22:00:00,230.0,115.0,2.0,9.9,23.9
2004-09-20 23:00:00,146.0,94.0,1.4,7.7,23.0
2004-09-21 00:00:00,77.0,62.0,0.8,4.4,23.5
2004-09-21 01:00:00,82.0,68.0,0.8,4.1,22.3
2004-09-21 02:00:00,55.0,50.0,0.6,3.1,22.1
2004-09-21 04:00:00,42.0,36.0,0.4,2.1,20.8
2004-09-21 05:00:00,102.0,53.0,0.6,3.3,18.8
2004-09-21 06:00:00,231.0,79.0,1.4,8.1,18.3
2004-09-21 07:00:00,699.0,133.0,5.6,31.4,18.2
2004-09-21 08:00:00,738.0,148.0,7.3,41.2,19.6
2004-09-21 09:00:00,665.0,161.0,5.3,27.3,22.6
2004-09-21 10:00:00,598.0,191.0,4.4,24.2,25.8
2004-09-21 11:00:00,340.0,158.0,3.1,17.0,28.5
2004-09-21 12:00:00,374.0,157.0,3.3,17.7,30.1
2004-09-21 13:00:00,401.0,188.0,3.8,19.3,29.4
2004-09-21 14:00:00,275.0,143.0,2.3,12.7,29.2
2004-09-21 15:00:00,278.0,152.0,2.6,14.6,30.5
2004-09-21 16:00:00,342.0,168.0,3.2,17.8,31.5
2004-09-21 17:00:00,479.0,205.0,5.0,26.6,31.2
2004-09-21 18:00:00,553.0,204.0,5.6,30.3,28.5
2004-09-21 19:00:00,531.0,210.0,5.4,28.7,26.7
2004-09-21 20:00:00,428.0,173.0,4.4,20.0,24.8
2004-09-21 21:00:00,229.0,123.0,2.4,11.9,23.6
2004-09-21 22:00:00,145.0,92.0,1.5,8.1,23.0
2004-09-21 23:00:00,112.0,77.0,1.3,7.7,22.1
2004-09-22 00:00:00,99.0,74.0,1.1,5.9,22.6
2004-09-22 01:00:00,98.0,74.0,1.0,5.1,21.0
2004-09-22 02:00:00,54.0,47.0,0.6,2.4,23.0
2004-09-22 04:00:00,59.0,44.0,0.6,3.8,18.3
2004-09-22 05:00:00,162.0,69.0,0.8,5.0,18.1
2004-09-22 06:00:00,268.0,79.0,1.5,9.7,18.3
2004-09-22 07:00:00,531.0,108.0,4.1,25.9,18.5
2004-09-22 08:00:00,517.0,119.0,5.5,34.3,20.1
2004-09-22 09:00:00,701.0,165.0,5.5,29.0,23.5
2004-09-22 10:00:00,510.0,172.0,3.7,20.0,26.8
2004-09-22 11:00:00,415.0,180.0,3.3,18.3,29.1
2004-09-22 12:00:00,243.0,130.0,2.5,13.4,30.8
2004-09-22 13:00:00,267.0,120.0,2.6,14.0,27.9
2004-09-22 14:00:00,233.0,117.0,2.2,12.1,28.5
2004-09-22 15:00:00,295.0,141.0,2.6,15.3,30.2
2004-09-22 16:00:00,309.0,151.0,2.9,16.1,32.9
2004-09-22 17:00:00,506.0,218.0,5.0,27.3,32.2
2004-09-22 18:00:00,479.0,213.0,5.1,26.2,28.8
2004-09-22 19:00:00,460.0,194.0,5.2,26.7,26.7
2004-09-22 20:00:00,363.0,167.0,3.8,18.3,24.6
2004-09-22 21:00:00,213.0,115.0,2.2,11.9,23.4
2004-09-22 22:00:00,183.0,98.0,2.1,11.5,22.5
2004-09-22 23:00:00,163.0,93.0,1.8,9.6,22.9
2004-09-23 00:00:00,152.0,87.0,1.6,8.0,22.2
2004-09-23 01:00:00,104.0,71.0,1.4,6.9,21.4
2004-09-23 02:00:00,61.0,49.0,0.8,3.7,22.2
2004-09-23 05:00:00,84.0,58.0,0.5,2.5,22.9
2004-09-23 06:00:00,132.0,66.0,0.9,6.3,21.3
2004-09-23 07:00:00,422.0,112.0,3.2,21.6,21.3
2004-09-23 08:00:00,282.0,104.0,2.8,18.8,23.7
2004-09-23 09:00:00,293.0,103.0,2.7,18.1,25.0
2004-09-23 10:00:00,334.0,118.0,2.4,14.8,26.3
2004-09-23 11:00:00,324.0,129.0,2.7,15.9,26.4
2004-09-23 12:00:00,294.0,127.0,2.8,16.1,29.3
2004-09-23 13:00:00,273.0,130.0,2.9,17.2,29.0
2004-09-23 14:00:00,275.0,130.0,2.6,15.8,29.8
2004-09-23 15:00:00,282.0,118.0,2.6,15.1,30.4
2004-09-23 16:00:00,323.0,146.0,3.2,18.9,31.5
2004-09-23 17:00:00,442.0,190.0,4.6,25.2,31.6
2004-09-23 18:00:00,431.0,189.0,4.9,26.1,29.0
2004-09-23 19:00:00,402.0,173.0,4.7,25.6,27.2
2004-09-23 20:00:00,313.0,148.0,3.3,16.9,26.2
2004-09-23 21:00:00,228.0,116.0,2.3,12.6,25.1
2004-09-23 22:00:00,218.0,109.0,2.1,10.3,24.1
2004-09-23 23:00:00,179.0,94.0,1.7,8.9,22.5
2004-09-24 00:00:00,97.0,64.0,1.0,6.5,22.7
2004-09-24 01:00:00,83.0,59.0,0.9,5.3,21.5
2004-09-24 02:00:00,80.0,64.0,0.7,4.6,22.3
2004-09-24 04:00:00,66.0,52.0,0.4,2.5,21.1
2004-09-24 05:00:00,109.0,55.0,0.5,2.8,20.4
2004-09-24 06:00:00,232.0,83.0,1.3,8.4,20.8
2004-09-24 07:00:00,535.0,114.0,3.5,21.1,21.3
2004-09-24 08:00:00,684.0,137.0,5.5,34.0,21.9
2004-09-24 09:00:00,803.0,160.0,5.6,29.4,23.0
2004-09-24 10:00:00,539.0,138.0,3.4,20.3,25.1
2004-09-24 11:00:00,364.0,134.0,3.2,18.4,26.6
2004-09-24 12:00:00,422.0,143.0,3.7,22.3,26.2
2004-09-24 13:00:00,483.0,153.0,4.6,26.9,25.4
2004-09-24 14:00:00,496.0,145.0,4.2,24.0,25.6
2004-09-24 15:00:00,403.0,123.0,3.3,19.3,25.7
2004-09-24 16:00:00,282.0,96.0,2.7,14.5,24.9
2004-09-24 17:00:00,268.0,107.0,2.2,11.1,18.3
2004-09-24 18:00:00,306.0,119.0,2.8,10.4,16.3
2004-09-24 19:00:00,293.0,109.0,2.9,10.5,15.6
2004-09-24 20:00:00,240.0,107.0,2.0,5.8,15.4
2004-09-24 21:00:00,93.0,57.0,0.7,2.2,14.0
2004-09-24 22:00:00,99.0,60.0,0.6,2.0,14.9
2004-09-24 23:00:00,55.0,22.0,1.2,3.8,15.5
2004-09-25 00:00:00,19.0,2.0,1.2,3.9,15.6
2004-09-25 01:00:00,26.0,7.0,1.1,3.7,15.4
2004-09-25 02:00:00,26.0,8.0,0.6,1.7,15.4
2004-09-25 04:00:00,42.0,27.0,0.3,1.0,15.3
2004-09-25 05:00:00,32.0,14.0,0.3,0.9,15.4
2004-09-25 06:00:00,25.0,3.0,0.4,1.3,15.5
2004-09-25 07:00:00,28.0,9.0,0.6,2.1,15.4
2004-09-25 08:00:00,41.0,14.0,0.7,2.5,15.7
2004-09-25 09:00:00,130.0,52.0,1.0,4.6,16.9
2004-09-25 10:00:00,173.0,64.0,1.1,4.3,18.2
2004-09-25 11:00:00,168.0,66.0,1.5,6.5,19.1
2004-09-25 12:00:00,51.0,14.0,1.4,6.0,19.3
2004-09-25 13:00:00,31.0,9.0,1.4,6.0,19.8
2004-09-25 14:00:00,41.0,12.0,1.0,4.5,19.8
2004-09-25 15:00:00,41.0,14.0,0.9,3.9,20.2
2004-09-25 16:00:00,54.0,21.0,1.1,4.6,22.1
2004-09-25 17:00:00,112.0,43.0,1.3,6.7,21.1
2004-09-25 18:00:00,178.0,62.0,1.8,8.9,20.1
2004-09-25 19:00:00,218.0,68.0,2.4,9.8,19.5
2004-09-25 20:00:00,241.0,81.0,2.7,10.8,19.3
2004-09-25 21:00:00,223.0,88.0,1.7,7.4,18.4
2004-09-25 22:00:00,279.0,99.0,2.2,10.3,17.8
2004-09-25 23:00:00,330.0,98.0,2.8,13.8,17.8
2004-09-26 00:00:00,330.0,97.0,2.4,10.9,17.0
2004-09-26 01:00:00,341.0,101.0,2.5,11.7,15.5
2004-09-26 02:00:00,205.0,90.0,1.4,7.8,15.6
2004-09-26 05:00:00,102.0,55.0,0.9,4.5,12.5
2004-09-26 06:00:00,79.0,46.0,0.6,3.3,13.6
2004-09-26 07:00:00,148.0,56.0,1.0,5.4,12.2
2004-09-26 08:00:00,261.0,83.0,1.6,8.2,14.6
2004-09-26 09:00:00,107.0,55.0,0.9,3.0,19.8
2004-09-26 10:00:00,103.0,47.0,0.9,3.0,21.6
2004-09-26 11:00:00,122.0,61.0,1.0,3.5,22.0
2004-09-26 12:00:00,127.0,58.0,1.0,3.6,22.7
2004-09-26 13:00:00,110.0,59.0,0.9,4.0,22.3
2004-09-26 14:00:00,98.0,54.0,0.9,4.2,22.1
2004-09-26 15:00:00,146.0,69.0,0.9,3.1,22.1
2004-09-26 16:00:00,119.0,54.0,0.9,3.5,23.4
2004-09-26 17:00:00,234.0,95.0,2.7,10.3,23.1
2004-09-26 18:00:00,261.0,99.0,2.2,7.8,21.5
2004-09-26 19:00:00,371.0,127.0,3.3,10.7,20.3
2004-09-26 20:00:00,266.0,98.0,2.1,7.3,19.6
2004-09-26 21:00:00,268.0,112.0,1.8,7.7,18.7
2004-09-26 22:00:00,294.0,115.0,1.9,8.6,18.0
2004-09-26 23:00:00,303.0,114.0,2.3,10.0,17.1
2004-09-27 00:00:00,241.0,103.0,1.9,8.5,16.6
2004-09-27 01:00:00,142.0,81.0,1.3,5.8,15.9
2004-09-27 02:00:00,110.0,75.0,1.0,5.0,14.9
2004-09-27 04:00:00,104.0,64.0,0.6,3.4,14.0
2004-09-27 05:00:00,179.0,71.0,0.9,5.6,14.1
2004-09-27 06:00:00,361.0,99.0,1.5,9.0,14.4
2004-09-27 07:00:00,799.0,132.0,5.5,26.9,15.0
2004-09-27 08:00:00,614.0,135.0,4.0,18.8,16.9
2004-09-27 09:00:00,275.0,94.0,1.8,8.2,19.7
2004-09-27 10:00:00,325.0,103.0,1.9,9.1,22.2
2004-09-27 11:00:00,327.0,123.0,1.7,9.2,23.7
2004-09-27 12:00:00,252.0,95.0,1.6,8.3,21.9
2004-09-27 13:00:00,226.0,90.0,1.9,9.1,22.3
2004-09-27 14:00:00,230.0,99.0,1.6,9.2,23.8
2004-09-27 15:00:00,244.0,107.0,1.8,9.6,23.3
2004-09-27 16:00:00,251.0,112.0,2.0,11.8,24.2
2004-09-27 17:00:00,346.0,132.0,3.1,17.3,25.1
2004-09-27 18:00:00,407.0,148.0,3.9,17.8,22.3
2004-09-27 19:00:00,490.0,158.0,4.3,20.9,20.8
2004-09-27 20:00:00,434.0,145.0,3.5,14.9,19.1
2004-09-27 21:00:00,345.0,128.0,2.4,11.3,18.1
2004-09-27 22:00:00,192.0,105.0,1.5,8.4,17.4
2004-09-27 23:00:00,157.0,90.0,1.3,6.8,16.7
2004-09-28 00:00:00,148.0,85.0,1.0,4.9,17.1
2004-09-28 01:00:00,105.0,73.0,0.8,3.5,15.3
2004-09-28 02:00:00,141.0,74.0,0.5,2.8,15.0
2004-09-28 04:00:00,107.0,61.0,0.5,2.2,12.8
2004-09-28 05:00:00,166.0,69.0,0.7,3.9,11.9
2004-09-28 06:00:00,241.0,82.0,1.2,7.3,12.1
2004-09-28 07:00:00,368.0,120.0,2.4,15.5,13.5
2004-09-28 08:00:00,498.0,135.0,4.3,27.1,14.4
2004-09-28 09:00:00,641.0,152.0,4.1,21.3,17.8
2004-09-28 10:00:00,667.0,177.0,3.7,19.9,21.0
2004-09-28 11:00:00,550.0,181.0,3.4,19.4,24.5
2004-09-28 12:00:00,483.0,176.0,3.8,21.8,26.4
2004-09-28 13:00:00,524.0,163.0,4.1,21.7,25.2
2004-09-28 14:00:00,481.0,174.0,3.4,18.9,26.1
2004-09-28 15:00:00,305.0,117.0,2.3,13.0,26.2
2004-09-28 16:00:00,396.0,145.0,3.2,18.8,28.9
2004-09-28 17:00:00,501.0,173.0,4.8,26.8,28.0
2004-09-28 18:00:00,702.0,204.0,6.7,36.9,24.7
2004-09-28 19:00:00,755.0,209.0,7.5,39.3,23.0
2004-09-28 20:00:00,524.0,175.0,4.5,23.1,20.9
2004-09-28 21:00:00,247.0,129.0,2.1,11.6,19.8
2004-09-28 22:00:00,196.0,111.0,1.5,8.3,19.8
2004-09-28 23:00:00,135.0,85.0,1.1,5.7,18.6
2004-09-29 00:00:00,146.0,86.0,1.1,5.9,17.2
2004-09-29 01:00:00,106.0,71.0,0.9,4.1,16.3
2004-09-29 02:00:00,70.0,60.0,0.5,2.2,17.4
2004-09-29 05:00:00,60.0,45.0,0.4,2.0,17.1
2004-09-29 06:00:00,92.0,53.0,0.7,4.0,15.2
2004-09-29 07:00:00,277.0,94.0,2.0,13.4,14.9
2004-09-29 08:00:00,600.0,122.0,4.2,28.0,15.1
2004-09-29 09:00:00,693.0,170.0,5.2,28.6,19.0
2004-09-29 10:00:00,617.0,174.0,3.8,21.4,22.4
2004-09-29 11:00:00,569.0,191.0,3.7,19.1,25.4
2004-09-29 12:00:00,409.0,179.0,3.4,19.6,27.2
2004-09-29 13:00:00,335.0,148.0,3.1,15.8,25.5
2004-09-29 14:00:00,290.0,129.0,2.4,13.5,26.4
2004-09-29 15:00:00,312.0,148.0,2.8,15.9,27.7
2004-09-29 16:00:00,440.0,184.0,3.6,19.9,28.6
2004-09-29 17:00:00,450.0,188.0,4.0,21.6,27.2
2004-09-29 18:00:00,578.0,204.0,5.6,31.0,25.3
2004-09-29 19:00:00,615.0,201.0,6.3,34.1,23.2
2004-09-29 20:00:00,536.0,165.0,4.7,22.8,21.6
2004-09-29 21:00:00,238.0,133.0,1.9,12.3,21.1
2004-09-29 22:00:00,249.0,125.0,1.9,10.9,19.7
2004-09-29 23:00:00,150.0,101.0,1.2,7.1,20.3
2004-09-30 00:00:00,108.0,79.0,0.9,5.7,19.4
2004-09-30 13:00:00,223.0,101.0,1.7,11.2,24.6
2004-09-30 14:00:00,267.0,113.0,2.2,15.1,25.6
2004-09-30 15:00:00,308.0,121.0,2.8,17.4,26.1
2004-09-30 16:00:00,422.0,146.0,3.9,23.4,25.8
2004-09-30 17:00:00,623.0,188.0,6.5,35.9,25.4
2004-09-30 18:00:00,572.0,182.0,6.3,34.0,24.6
2004-09-30 19:00:00,514.0,166.0,5.7,30.1,23.6
2004-09-30 20:00:00,414.0,142.0,4.4,20.0,22.6
2004-09-30 21:00:00,143.0,84.0,1.6,10.5,22.1
2004-09-30 22:00:00,147.0,87.0,1.5,9.0,22.1
2004-09-30 23:00:00,159.0,91.0,1.7,10.7,21.1
2004-10-01 00:00:00,206.0,91.0,1.9,10.4,20.3
2004-10-01 01:00:00,140.0,74.0,1.6,9.7,19.4
2004-10-01 02:00:00,132.0,69.0,1.3,6.9,19.0
2004-10-01 04:00:00,81.0,54.0,0.6,3.0,19.8
2004-10-01 05:00:00,120.0,60.0,0.7,4.3,19.0
2004-10-01 06:00:00,279.0,69.0,1.6,9.8,18.8
2004-10-01 07:00:00,392.0,91.0,2.9,17.2,20.2
2004-10-01 08:00:00,433.0,97.0,4.1,27.9,20.8
2004-10-01 09:00:00,531.0,114.0,3.7,20.5,22.3
2004-10-01 10:00:00,619.0,129.0,3.6,21.2,23.2
2004-10-01 11:00:00,522.0,137.0,3.4,19.9,23.8
2004-10-01 12:00:00,505.0,134.0,3.7,21.1,23.5
2004-10-01 13:00:00,465.0,132.0,4.1,22.3,23.9
2004-10-01 15:00:00,278.0,105.0,2.4,12.9,25.4
2004-10-01 16:00:00,372.0,136.0,3.4,18.4,26.4
2004-10-01 17:00:00,540.0,169.0,5.6,26.5,25.8
2004-10-07 16:00:00,267.0,87.0,2.9,15.3,28.6
2004-10-07 17:00:00,398.0,111.0,5.4,28.8,28.0
2004-10-07 18:00:00,418.0,119.0,5.3,26.1,25.2
2004-10-07 19:00:00,515.0,128.0,6.7,37.1,24.0
2004-10-07 20:00:00,669.0,117.0,7.0,35.7,23.2
2004-10-07 21:00:00,326.0,92.0,2.8,16.5,22.3
2004-10-07 22:00:00,209.0,73.0,1.7,11.0,21.8
2004-10-07 23:00:00,183.0,60.0,1.7,10.8,20.9
2004-10-08 00:00:00,165.0,60.0,1.7,9.6,20.6
2004-10-08 01:00:00,111.0,53.0,1.2,6.5,20.3
2004-10-08 02:00:00,67.0,47.0,0.7,3.6,20.5
2004-10-08 04:00:00,88.0,43.0,0.8,4.4,18.2
2004-10-08 05:00:00,147.0,47.0,0.9,5.5,18.2
2004-10-08 06:00:00,279.0,50.0,1.7,10.8,18.2
2004-10-08 07:00:00,665.0,81.0,5.7,31.2,19.4
2004-10-08 08:00:00,592.0,75.0,4.3,24.8,19.5
2004-10-08 09:00:00,557.0,87.0,3.9,24.2,21.1
2004-10-08 10:00:00,693.0,128.0,5.1,29.5,23.2
2004-10-08 11:00:00,530.0,105.0,3.7,21.0,24.4
2004-10-08 12:00:00,412.0,101.0,3.3,19.6,26.4
2004-10-08 13:00:00,366.0,100.0,3.6,21.2,27.7
2004-10-08 14:00:00,344.0,98.0,3.2,18.0,28.0
2004-10-08 15:00:00,339.0,98.0,3.5,20.5,28.7
2004-10-08 16:00:00,297.0,98.0,2.4,15.6,28.5
2004-10-08 17:00:00,294.0,90.0,2.9,19.2,28.4
2004-10-08 18:00:00,211.0,84.0,2.3,20.0,26.4
2004-10-08 19:00:00,323.0,101.0,3.1,21.1,25.2
2004-10-08 20:00:00,333.0,98.0,2.9,18.6,24.9
2004-10-08 21:00:00,163.0,76.0,1.5,12.3,24.6
2004-10-08 22:00:00,151.0,71.0,1.5,10.3,24.0
2004-10-08 23:00:00,167.0,71.0,1.7,9.6,23.8
2004-10-09 00:00:00,174.0,66.0,1.6,9.9,22.3
2004-10-09 01:00:00,142.0,62.0,1.3,8.6,21.9
2004-10-09 02:00:00,155.0,58.0,1.4,7.3,21.1
2004-10-09 04:00:00,96.0,48.0,0.9,5.1,21.3
2004-10-09 05:00:00,154.0,53.0,1.3,7.8,20.8
2004-10-09 06:00:00,211.0,55.0,1.3,8.2,20.6
2004-10-09 07:00:00,381.0,63.0,2.9,17.6,20.9
2004-10-09 08:00:00,470.0,69.0,3.2,20.1,21.5
2004-10-09 09:00:00,464.0,84.0,3.4,18.7,23.7
2004-10-09 10:00:00,450.0,95.0,3.6,19.5,26.0
2004-10-09 11:00:00,274.0,80.0,2.3,13.0,28.5
2004-10-09 12:00:00,306.0,87.0,3.1,18.2,28.1
2004-10-09 13:00:00,308.0,94.0,3.3,16.2,29.0
2004-10-09 14:00:00,186.0,76.0,1.9,11.0,28.9
2004-10-09 15:00:00,238.0,92.0,2.6,15.9,29.6
2004-10-09 16:00:00,249.0,94.0,2.7,14.2,29.4
2004-10-09 17:00:00,378.0,110.0,3.7,19.9,28.7
2004-10-09 18:00:00,386.0,109.0,3.8,21.7,27.0
2004-10-09 19:00:00,461.0,122.0,4.8,25.7,26.5
2004-10-09 20:00:00,394.0,107.0,3.5,17.3,26.2
2004-10-09 21:00:00,266.0,83.0,2.2,11.2,24.8
2004-10-09 22:00:00,158.0,62.0,1.5,8.9,24.9
2004-10-09 23:00:00,319.0,89.0,3.4,15.2,24.5
2004-10-10 00:00:00,409.0,103.0,3.7,17.2,24.7
2004-10-10 01:00:00,223.0,74.0,2.0,11.9,23.9
2004-10-10 02:00:00,107.0,52.0,1.4,8.1,23.8
2004-10-10 05:00:00,56.0,39.0,0.7,3.7,22.2
2004-10-10 06:00:00,163.0,59.0,1.2,6.3,21.3
2004-10-10 07:00:00,187.0,56.0,1.3,7.7,21.3
2004-10-10 08:00:00,150.0,51.0,1.1,6.3,22.2
2004-10-10 09:00:00,103.0,51.0,1.0,5.6,24.1
2004-10-10 10:00:00,143.0,58.0,1.2,5.1,24.3
2004-10-10 11:00:00,220.0,68.0,1.9,9.0,24.8
2004-10-10 12:00:00,301.0,81.0,2.3,9.3,24.5
2004-10-10 13:00:00,214.0,73.0,1.6,5.9,21.0
2004-10-10 14:00:00,162.0,69.0,1.3,4.4,19.8
2004-10-10 15:00:00,232.0,81.0,1.8,5.8,19.4
2004-10-10 16:00:00,254.0,82.0,1.7,6.6,19.6
2004-10-10 17:00:00,224.0,71.0,1.8,7.8,20.8
2004-10-10 18:00:00,247.0,81.0,2.0,8.4,21.1
2004-10-10 19:00:00,334.0,87.0,2.2,8.3,21.1
2004-10-10 20:00:00,239.0,72.0,1.6,8.1,21.2
2004-10-10 21:00:00,168.0,63.0,1.3,6.1,20.8
2004-10-10 22:00:00,185.0,63.0,1.5,6.7,20.8
2004-10-10 23:00:00,178.0,63.0,1.5,6.6,20.7
2004-10-11 00:00:00,132.0,55.0,1.3,6.1,20.1
2004-10-11 01:00:00,135.0,52.0,1.4,6.0,20.2
2004-10-11 02:00:00,39.0,32.0,0.5,1.4,19.4
2004-10-11 04:00:00,33.0,29.0,0.4,1.9,17.9
2004-10-11 05:00:00,90.0,44.0,0.6,3.4,18.2
2004-10-11 06:00:00,164.0,53.0,1.1,7.2,18.6
2004-10-11 07:00:00,336.0,62.0,2.9,19.0,19.6
2004-10-11 08:00:00,366.0,68.0,3.5,24.5,20.2
2004-10-11 09:00:00,565.0,85.0,4.6,25.6,19.7
2004-10-11 10:00:00,536.0,88.0,3.4,17.1,19.2
2004-10-11 11:00:00,416.0,82.0,2.3,12.3,20.0
2004-10-11 12:00:00,379.0,91.0,2.7,15.2,21.1
2004-10-11 13:00:00,368.0,87.0,3.1,18.3,20.2
2004-10-11 14:00:00,444.0,90.0,3.2,17.2,20.2
2004-10-11 15:00:00,352.0,97.0,2.5,14.1,21.9
2004-10-11 16:00:00,375.0,99.0,3.4,18.3,23.2
2004-10-11 17:00:00,479.0,109.0,4.8,25.0,21.7
2004-10-11 18:00:00,448.0,95.0,4.5,22.2,20.8
2004-10-11 19:00:00,388.0,80.0,4.0,21.4,19.9
2004-10-11 20:00:00,376.0,76.0,3.2,16.2,19.7
2004-10-11 21:00:00,224.0,62.0,1.9,10.3,20.0
2004-10-11 22:00:00,206.0,57.0,1.9,8.9,19.0
2004-10-11 23:00:00,143.0,57.0,1.3,6.5,18.8
2004-10-12 00:00:00,113.0,54.0,1.1,5.1,18.9
2004-10-12 01:00:00,93.0,50.0,1.0,4.6,18.1
2004-10-12 02:00:00,58.0,44.0,0.5,2.1,18.3
2004-10-12 04:00:00,56.0,34.0,0.5,3.2,17.8
2004-10-12 05:00:00,105.0,44.0,0.8,3.9,16.9
2004-10-12 06:00:00,243.0,74.0,1.2,6.0,17.8
2004-10-12 07:00:00,492.0,101.0,2.7,13.8,17.6
2004-10-12 08:00:00,435.0,103.0,3.0,14.8,17.9
2004-10-13 09:00:00,286.0,78.0,1.5,5.9,15.4
2004-10-13 10:00:00,281.0,72.0,1.2,5.3,16.5
2004-10-20 16:00:00,652.0,167.0,4.7,30.9,24.8
2004-10-20 17:00:00,895.0,194.0,8.0,43.7,24.6
2004-10-20 18:00:00,826.0,172.0,7.7,40.0,23.9
2004-10-20 19:00:00,648.0,134.0,6.8,35.9,23.0
2004-10-20 20:00:00,629.0,130.0,6.0,30.1,22.4
2004-10-20 21:00:00,529.0,113.0,4.7,22.3,22.0
2004-10-20 22:00:00,405.0,99.0,3.4,17.7,21.8
2004-10-20 23:00:00,461.0,109.0,3.9,19.5,21.9
2004-10-21 00:00:00,486.0,105.0,4.4,22.3,21.7
2004-10-21 01:00:00,335.0,91.0,3.3,15.4,21.3
2004-10-21 02:00:00,210.0,77.0,2.0,9.3,20.8
2004-10-21 05:00:00,149.0,60.0,0.8,5.1,21.3
2004-10-21 06:00:00,203.0,72.0,1.3,8.8,21.5
2004-10-21 07:00:00,332.0,83.0,2.7,16.6,21.9
2004-10-21 08:00:00,446.0,104.0,3.6,24.3,22.6
2004-10-21 09:00:00,524.0,119.0,3.6,20.6,22.6
2004-10-21 10:00:00,347.0,105.0,2.6,15.6,25.5
2004-10-21 11:00:00,273.0,91.0,2.0,12.2,27.0
2004-10-21 12:00:00,404.0,103.0,3.3,17.7,25.2
2004-10-21 14:00:00,312.0,111.0,2.1,15.0,27.2
2004-10-21 15:00:00,369.0,101.0,2.9,16.7,26.9
2004-10-21 16:00:00,362.0,102.0,3.0,17.7,26.5
2004-10-21 17:00:00,335.0,101.0,3.2,20.9,27.0
2004-10-21 18:00:00,447.0,118.0,4.4,28.7,25.9
2004-10-21 19:00:00,576.0,120.0,6.0,34.8,25.1
2004-10-21 20:00:00,486.0,107.0,5.0,27.5,24.7
2004-10-21 21:00:00,439.0,104.0,4.3,24.9,23.6
2004-10-21 22:00:00,462.0,91.0,4.3,24.2,22.4
2004-10-21 23:00:00,441.0,91.0,4.2,22.2,21.6
2004-10-22 00:00:00,223.0,74.0,2.2,13.2,21.3
2004-10-22 01:00:00,126.0,63.0,1.3,7.9,21.2
2004-10-22 02:00:00,116.0,57.0,1.0,5.9,20.3
2004-10-22 05:00:00,198.0,49.0,0.9,5.8,18.7
2004-10-22 06:00:00,185.0,55.0,1.0,6.5,19.8
2004-10-22 07:00:00,425.0,78.0,2.8,19.5,19.8
2004-10-22 08:00:00,465.0,91.0,4.1,28.0,20.4
2004-10-22 09:00:00,341.0,88.0,2.9,18.7,22.3
2004-10-22 10:00:00,316.0,83.0,2.7,18.3,22.6
2004-10-22 11:00:00,241.0,81.0,2.1,14.3,24.5
2004-10-22 12:00:00,266.0,83.0,2.4,16.5,24.4
2004-10-22 13:00:00,412.0,111.0,3.8,22.9,26.0
2004-10-22 14:00:00,394.0,112.0,3.7,22.3,26.8
2004-10-22 15:00:00,365.0,112.0,3.7,22.0,26.4
2004-10-22 16:00:00,548.0,137.0,5.5,27.7,26.9
2004-10-22 17:00:00,494.0,152.0,5.4,29.8,26.2
2004-10-22 18:00:00,686.0,163.0,8.4,40.0,24.3
2004-10-22 19:00:00,556.0,135.0,6.8,35.1,23.3
2004-10-22 20:00:00,467.0,119.0,4.5,25.5,22.3
2004-10-22 21:00:00,297.0,91.0,2.5,13.7,21.3
2004-10-22 22:00:00,164.0,74.0,1.6,9.7,21.2
2004-10-22 23:00:00,196.0,73.0,1.7,9.8,20.3
2004-10-23 00:00:00,201.0,71.0,1.7,10.1,20.4
2004-10-23 01:00:00,132.0,57.0,1.1,6.0,19.9
2004-10-23 02:00:00,146.0,51.0,1.0,6.0,19.1
2004-10-23 05:00:00,127.0,43.0,0.7,4.6,18.1
2004-10-23 06:00:00,217.0,52.0,1.2,7.6,18.1
2004-10-23 07:00:00,394.0,65.0,2.3,13.6,17.6
2004-10-23 08:00:00,511.0,69.0,3.0,16.0,18.2
2004-10-23 09:00:00,523.0,91.0,3.3,18.9,20.2
2004-10-23 10:00:00,471.0,92.0,2.8,15.7,21.6
2004-10-23 11:00:00,441.0,102.0,3.0,16.2,23.3
2004-10-23 12:00:00,414.0,118.0,3.4,19.4,25.0
2004-10-23 13:00:00,317.0,111.0,3.0,16.9,25.4
2004-10-23 14:00:00,230.0,101.0,2.3,12.5,26.1
2004-10-23 15:00:00,365.0,119.0,3.1,15.8,27.0
2004-10-23 16:00:00,360.0,115.0,3.0,16.0,27.2
2004-10-23 17:00:00,420.0,120.0,3.3,16.3,25.6
2004-10-23 18:00:00,475.0,115.0,4.0,21.0,23.3
2004-10-23 19:00:00,526.0,118.0,4.6,23.1,22.2
2004-10-23 20:00:00,460.0,117.0,4.1,17.7,21.6
2004-10-23 21:00:00,255.0,96.0,2.3,12.2,21.0
2004-10-23 22:00:00,283.0,89.0,2.6,14.6,20.3
2004-10-23 23:00:00,271.0,84.0,2.6,13.1,20.0
2004-10-24 00:00:00,315.0,97.0,2.9,15.5,19.7
2004-10-24 01:00:00,227.0,68.0,2.1,11.8,19.5
2004-10-24 02:00:00,243.0,66.0,2.1,10.9,19.4
2004-10-24 05:00:00,139.0,48.0,1.4,8.6,18.0
2004-10-24 06:00:00,182.0,47.0,1.2,7.5,17.3
2004-10-24 07:00:00,196.0,48.0,1.5,8.1,17.5
2004-10-24 08:00:00,108.0,45.0,0.9,4.8,20.0
2004-10-24 09:00:00,175.0,59.0,1.4,7.8,19.1
2004-10-24 10:00:00,266.0,84.0,2.1,9.7,21.4
2004-10-24 11:00:00,179.0,72.0,1.6,8.4,24.6
2004-10-24 12:00:00,154.0,68.0,1.5,7.6,25.0
2004-10-24 13:00:00,95.0,52.0,1.1,5.9,25.3
2004-10-24 14:00:00,151.0,70.0,1.4,7.4,24.8
2004-10-24 15:00:00,230.0,90.0,2.0,10.1,25.3
2004-10-24 16:00:00,239.0,87.0,2.0,9.7,26.5
2004-10-24 17:00:00,306.0,99.0,2.5,11.8,25.0
2004-10-24 18:00:00,472.0,128.0,4.3,20.3,22.9
2004-10-24 19:00:00,532.0,127.0,5.2,24.3,21.7
2004-10-24 20:00:00,375.0,99.0,3.4,15.6,21.8
2004-10-24 21:00:00,147.0,72.0,1.3,7.3,21.2
2004-10-24 22:00:00,118.0,62.0,1.2,7.1,20.2
2004-10-24 23:00:00,181.0,62.0,1.7,9.0,18.4
2004-10-25 00:00:00,209.0,63.0,1.7,8.9,17.9
2004-10-25 01:00:00,167.0,56.0,1.4,7.2,16.9
2004-10-25 02:00:00,112.0,44.0,0.9,4.4,16.5
2004-10-25 05:00:00,181.0,48.0,0.9,5.9,16.2
2004-10-25 06:00:00,253.0,59.0,1.2,7.2,15.8
2004-10-25 07:00:00,521.0,77.0,3.2,18.5,16.0
2004-10-25 08:00:00,649.0,88.0,4.4,25.0,16.3
2004-10-25 09:00:00,516.0,111.0,3.5,18.8,18.7
2004-10-25 10:00:00,487.0,114.0,3.2,19.5,20.5
2004-10-25 11:00:00,529.0,108.0,3.0,18.2,19.3
2004-10-25 12:00:00,565.0,111.0,3.5,20.0,20.0
2004-10-25 13:00:00,558.0,126.0,4.0,24.8,21.4
2004-10-25 14:00:00,568.0,117.0,3.8,23.1,21.5
2004-10-25 15:00:00,605.0,119.0,4.2,25.5,21.6
2004-10-25 16:00:00,666.0,125.0,5.0,32.0,21.6
2004-10-25 17:00:00,814.0,158.0,7.9,46.3,21.7
2004-10-25 18:00:00,860.0,149.0,8.4,44.5,21.0
2004-10-25 19:00:00,820.0,136.0,8.0,41.0,20.0
2004-10-25 20:00:00,742.0,112.0,6.4,32.5,19.3
2004-10-25 21:00:00,492.0,87.0,3.5,19.1,18.5
2004-10-25 22:00:00,464.0,82.0,3.5,19.6,17.7
2004-10-25 23:00:00,258.0,67.0,1.9,10.7,18.5
2004-10-26 00:00:00,311.0,68.0,2.2,12.2,17.0
2004-10-26 01:00:00,231.0,60.0,1.6,8.0,16.8
2004-10-26 02:00:00,127.0,48.0,1.0,5.5,15.5
2004-10-26 05:00:00,138.0,46.0,0.9,5.9,14.8
2004-10-26 06:00:00,228.0,54.0,1.4,8.6,15.7
2004-10-26 07:00:00,383.0,82.0,3.0,18.7,16.2
2004-10-26 08:00:00,581.0,93.0,4.5,25.0,16.3
2004-10-26 09:00:00,545.0,95.0,3.8,19.6,17.7
2004-10-26 10:00:00,593.0,120.0,3.4,20.8,18.3
2004-10-26 11:00:00,602.0,132.0,3.5,20.1,20.1
2004-10-26 12:00:00,624.0,146.0,4.4,26.7,22.6
2004-10-26 13:00:00,546.0,157.0,4.0,23.6,24.6
2004-10-26 14:00:00,597.0,158.0,4.5,26.4,24.9
2004-10-26 15:00:00,688.0,175.0,5.3,30.9,24.9
2004-10-26 16:00:00,760.0,166.0,5.8,32.8,24.0
2004-10-26 17:00:00,918.0,187.0,8.4,45.9,23.2
2004-10-26 18:00:00,952.0,180.0,9.5,52.1,22.5
2004-10-26 19:00:00,685.0,134.0,6.2,36.6,22.2
2004-10-26 20:00:00,561.0,127.0,5.0,24.0,22.6
2004-10-26 21:00:00,239.0,95.0,2.1,9.8,21.0
2004-10-26 22:00:00,175.0,79.0,1.4,7.9,19.8
2004-10-26 23:00:00,169.0,78.0,1.6,7.5,17.7
2004-10-27 00:00:00,215.0,80.0,2.0,9.2,17.6
2004-10-27 01:00:00,115.0,67.0,1.2,5.7,17.4
2004-10-27 02:00:00,94.0,61.0,0.8,4.4,17.4
2004-10-27 05:00:00,132.0,56.0,0.7,5.1,16.8
2004-10-27 06:00:00,295.0,68.0,1.7,10.5,17.6
2004-10-27 07:00:00,517.0,101.0,3.4,20.6,18.0
2004-10-27 08:00:00,555.0,119.0,4.9,28.5,18.0
2004-10-27 09:00:00,429.0,108.0,2.7,12.7,18.2
2004-10-27 10:00:00,561.0,132.0,3.2,16.1,19.7
2004-10-27 11:00:00,427.0,130.0,2.7,14.9,21.0
2004-10-27 12:00:00,445.0,129.0,3.2,16.8,20.7
2004-10-27 13:00:00,538.0,117.0,4.1,21.8,19.5
2004-10-27 14:00:00,556.0,119.0,3.6,18.6,18.5
2004-10-27 15:00:00,370.0,113.0,2.8,14.5,19.6
2004-10-27 16:00:00,257.0,102.0,2.1,13.4,19.9
2004-10-27 17:00:00,266.0,101.0,2.4,15.8,20.0
2004-10-27 18:00:00,403.0,116.0,3.6,20.7,19.2
2004-10-27 19:00:00,275.0,101.0,2.6,16.6,19.3
2004-10-27 20:00:00,338.0,94.0,2.8,15.3,18.2
2004-10-27 21:00:00,176.0,75.0,1.4,8.0,17.8
2004-10-27 22:00:00,159.0,69.0,1.1,5.8,17.6
2004-10-27 23:00:00,147.0,60.0,1.3,7.0,16.0
2004-10-28 00:00:00,99.0,58.0,0.9,4.5,16.9
2004-10-28 01:00:00,98.0,51.0,1.0,5.2,15.7
2004-10-28 02:00:00,109.0,45.0,0.9,4.4,14.8
2004-10-28 05:00:00,163.0,48.0,0.8,5.2,15.2
2004-10-28 06:00:00,326.0,61.0,1.6,10.0,15.5
2004-10-28 07:00:00,640.0,88.0,3.4,20.0,15.7
2004-10-28 08:00:00,736.0,102.0,4.4,25.8,16.0
2004-10-28 09:00:00,667.0,97.0,3.5,20.0,16.7
2004-10-28 10:00:00,677.0,116.0,3.4,20.6,18.6
2004-10-28 11:00:00,425.0,112.0,2.4,12.2,20.4
2004-10-28 12:00:00,349.0,101.0,2.3,13.1,20.6
2004-10-28 13:00:00,332.0,99.0,2.6,14.5,21.6
2004-10-28 14:00:00,412.0,113.0,2.9,17.5,21.4
2004-10-28 15:00:00,631.0,122.0,4.4,25.9,20.7
2004-10-28 16:00:00,677.0,139.0,5.0,26.6,21.3
2004-10-28 17:00:00,761.0,149.0,6.5,35.3,20.8
2004-10-28 18:00:00,650.0,136.0,5.9,28.2,20.3
2004-10-28 19:00:00,262.0,103.0,2.7,14.2,19.7
2004-10-28 20:00:00,292.0,112.0,2.5,12.4,19.4
2004-10-28 21:00:00,177.0,88.0,1.5,6.6,20.1
2004-10-28 22:00:00,103.0,63.0,1.0,4.8,20.4
2004-10-28 23:00:00,127.0,69.0,1.2,5.4,20.1
2004-10-29 00:00:00,119.0,65.0,1.0,4.3,19.9
2004-10-29 01:00:00,83.0,50.0,0.8,2.9,18.2
2004-10-29 02:00:00,65.0,43.0,0.6,2.5,18.4
2004-10-29 05:00:00,200.0,69.0,1.1,6.1,18.5
2004-10-29 06:00:00,242.0,91.0,1.3,7.7,19.3
2004-10-29 07:00:00,366.0,111.0,2.9,15.9,20.2
2004-10-29 08:00:00,404.0,124.0,3.7,22.8,20.8
2004-10-29 09:00:00,429.0,119.0,3.0,16.6,21.9
2004-10-29 10:00:00,169.0,77.0,1.4,8.4,23.5
2004-10-29 11:00:00,419.0,101.0,2.6,13.9,19.8
2004-10-29 12:00:00,603.0,116.0,4.2,24.9,20.2
2004-10-29 13:00:00,589.0,137.0,5.1,22.4,20.2
2004-10-29 14:00:00,706.0,163.0,5.5,26.1,19.7
2004-10-29 15:00:00,592.0,144.0,4.5,18.1,20.2
2004-10-29 16:00:00,305.0,118.0,2.7,13.9,20.1
2004-10-29 17:00:00,371.0,135.0,3.1,18.5,20.2
2004-10-29 18:00:00,465.0,129.0,4.2,20.9,20.0
2004-10-29 19:00:00,390.0,128.0,3.1,12.9,18.3
2004-10-29 20:00:00,227.0,103.0,1.7,6.7,18.9
2004-10-29 21:00:00,284.0,116.0,1.8,7.0,17.3
2004-10-29 22:00:00,211.0,95.0,1.7,7.3,17.1
2004-10-29 23:00:00,297.0,107.0,2.1,9.1,17.3
2004-10-30 00:00:00,351.0,108.0,2.4,9.9,17.3
2004-10-30 01:00:00,259.0,94.0,1.8,6.9,16.9
2004-10-30 02:00:00,214.0,84.0,1.5,6.5,16.9
2004-10-30 05:00:00,192.0,76.0,1.0,5.4,16.7
2004-10-30 06:00:00,237.0,82.0,1.4,7.8,16.8
2004-10-30 07:00:00,413.0,94.0,2.4,13.6,16.8
2004-10-30 08:00:00,455.0,102.0,3.1,15.4,16.9
2004-10-30 09:00:00,493.0,106.0,3.0,14.4,17.4
2004-10-30 10:00:00,482.0,108.0,2.7,14.3,18.0
2004-10-30 11:00:00,599.0,152.0,4.0,20.3,21.2
2004-10-30 12:00:00,481.0,160.0,3.7,18.7,22.4
2004-10-30 13:00:00,406.0,133.0,3.4,17.3,22.6
2004-10-30 14:00:00,419.0,147.0,3.4,16.9,23.6
2004-10-30 15:00:00,387.0,135.0,3.2,16.4,23.5
2004-10-30 16:00:00,461.0,135.0,3.9,19.1,22.9
2004-10-30 17:00:00,493.0,129.0,3.7,18.7,22.3
2004-10-30 18:00:00,532.0,117.0,4.3,22.4,21.6
2004-10-30 19:00:00,581.0,116.0,4.9,25.3,21.2
2004-10-30 20:00:00,494.0,109.0,4.0,17.7,20.8
2004-10-30 21:00:00,392.0,96.0,2.8,13.8,20.4
2004-10-30 22:00:00,311.0,90.0,2.4,10.2,20.1
2004-10-30 23:00:00,236.0,82.0,1.9,8.6,19.5
2004-10-31 00:00:00,270.0,86.0,2.0,7.9,19.3
2004-10-31 01:00:00,199.0,72.0,1.5,5.7,19.7
2004-10-31 02:00:00,146.0,61.0,1.3,6.4,19.7
2004-10-31 05:00:00,55.0,37.0,0.5,2.1,18.9
2004-10-31 06:00:00,43.0,31.0,0.4,1.2,18.1
2004-10-31 07:00:00,46.0,30.0,0.4,1.4,20.4
2004-10-31 08:00:00,139.0,41.0,0.9,4.6,20.6
2004-10-31 09:00:00,169.0,64.0,1.3,5.7,19.3
2004-10-31 10:00:00,254.0,74.0,2.1,10.6,22.2
2004-10-31 11:00:00,303.0,77.0,2.4,11.0,23.0
2004-10-31 12:00:00,259.0,83.0,2.0,8.6,24.3
2004-10-31 13:00:00,226.0,71.0,1.8,8.8,22.0
2004-10-31 14:00:00,161.0,62.0,1.5,7.5,22.9
2004-10-31 15:00:00,182.0,62.0,1.6,11.6,23.2
2004-10-31 16:00:00,289.0,79.0,2.2,10.1,23.0
2004-10-31 17:00:00,340.0,93.0,2.3,10.8,22.4
2004-10-31 18:00:00,544.0,106.0,6.6,30.3,21.7
2004-10-31 19:00:00,543.0,100.0,4.7,22.4,21.2
2004-10-31 20:00:00,501.0,89.0,4.1,20.6,20.8
2004-10-31 21:00:00,521.0,83.0,4.1,17.5,20.0
2004-10-31 22:00:00,352.0,76.0,2.7,13.9,19.7
2004-10-31 23:00:00,321.0,68.0,2.6,13.6,19.9
2004-11-01 00:00:00,318.0,69.0,3.2,15.9,20.1
2004-11-01 01:00:00,338.0,77.0,3.7,17.8,20.1
2004-11-01 02:00:00,353.0,68.0,3.5,16.7,19.6
2004-11-01 05:00:00,279.0,49.0,2.7,15.0,18.4
2004-11-01 06:00:00,200.0,45.0,1.8,9.6,19.2
2004-11-01 07:00:00,180.0,51.0,1.3,7.8,19.4
2004-11-01 08:00:00,213.0,51.0,1.5,8.7,19.1
2004-11-01 09:00:00,266.0,62.0,1.9,9.8,20.3
2004-11-01 10:00:00,247.0,74.0,2.2,12.4,23.1
2004-11-01 11:00:00,326.0,88.0,2.6,13.9,25.1
2004-11-01 12:00:00,319.0,90.0,2.7,12.5,25.8
2004-11-01 13:00:00,320.0,91.0,2.5,10.9,23.7
2004-11-01 14:00:00,174.0,64.0,1.5,6.5,23.1
2004-11-01 15:00:00,216.0,72.0,2.0,9.4,23.9
2004-11-01 16:00:00,376.0,88.0,3.1,15.3,23.8
2004-11-01 17:00:00,496.0,110.0,3.7,16.4,23.2
2004-11-01 18:00:00,523.0,95.0,4.0,19.8,21.8
2004-11-01 19:00:00,465.0,91.0,4.1,15.8,21.7
2004-11-01 20:00:00,407.0,94.0,3.1,14.5,21.3
2004-11-01 21:00:00,412.0,86.0,3.2,14.7,20.4
2004-11-01 22:00:00,403.0,79.0,3.2,15.3,19.6
2004-11-01 23:00:00,357.0,71.0,2.7,13.0,19.3
2004-11-02 00:00:00,259.0,62.0,2.3,10.5,18.4
2004-11-02 01:00:00,227.0,56.0,1.6,7.6,18.2
2004-11-02 02:00:00,147.0,49.0,1.1,4.8,17.9
2004-11-02 05:00:00,96.0,35.0,0.6,2.7,17.6
2004-11-02 06:00:00,73.0,37.0,0.5,3.0,17.9
2004-11-02 07:00:00,309.0,56.0,1.5,8.7,16.1
2004-11-02 08:00:00,607.0,85.0,3.4,20.7,17.1
2004-11-02 09:00:00,562.0,112.0,4.4,25.2,20.8
2004-11-02 10:00:00,560.0,107.0,4.4,23.6,20.6
2004-11-02 11:00:00,844.0,151.0,5.8,32.9,22.1
2004-11-02 12:00:00,667.0,151.0,4.9,25.6,24.0
2004-11-02 13:00:00,583.0,150.0,5.1,31.2,25.7
2004-11-02 14:00:00,726.0,190.0,7.5,37.9,25.5
2004-11-02 15:00:00,674.0,168.0,5.8,32.3,25.2
2004-11-02 16:00:00,544.0,127.0,5.9,31.5,25.4
2004-11-02 17:00:00,715.0,140.0,6.8,38.0,24.4
2004-11-02 18:00:00,789.0,158.0,7.9,44.1,23.0
2004-11-02 19:00:00,737.0,121.0,8.0,44.9,21.8
2004-11-02 20:00:00,859.0,119.0,9.2,48.2,20.9
2004-11-02 21:00:00,668.0,96.0,5.9,29.1,20.2
2004-11-02 22:00:00,454.0,77.0,3.7,19.1,19.3
2004-11-02 23:00:00,337.0,66.0,2.6,13.9,19.2
2004-11-03 00:00:00,127.0,56.0,1.1,6.8,20.4
2004-11-03 01:00:00,281.0,62.0,2.6,13.2,18.0
2004-11-03 02:00:00,252.0,58.0,2.2,10.7,17.5
2004-11-03 05:00:00,69.0,35.0,0.5,2.7,16.8
2004-11-03 06:00:00,151.0,50.0,0.7,4.3,16.9
2004-11-03 07:00:00,231.0,64.0,1.3,8.0,17.0
2004-11-03 08:00:00,297.0,75.0,2.2,15.5,18.8
2004-11-03 09:00:00,515.0,101.0,3.7,23.8,20.3
2004-11-03 10:00:00,499.0,94.0,3.7,21.0,23.7
2004-11-03 11:00:00,445.0,95.0,3.4,19.3,26.6
2004-11-03 12:00:00,464.0,124.0,3.4,19.7,26.2
2004-11-03 13:00:00,298.0,86.0,2.6,13.2,26.3
2004-11-03 14:00:00,266.0,79.0,2.5,13.0,26.6
2004-11-03 15:00:00,323.0,87.0,2.5,12.9,26.3
2004-11-03 16:00:00,352.0,94.0,2.7,15.1,25.6
2004-11-03 17:00:00,372.0,107.0,3.2,16.3,25.1
2004-11-03 18:00:00,383.0,107.0,3.7,20.5,23.8
2004-11-03 19:00:00,455.0,117.0,4.6,24.4,23.3
2004-11-03 20:00:00,355.0,97.0,3.3,18.7,22.4
2004-11-03 21:00:00,267.0,90.0,2.4,12.7,21.7
2004-11-03 22:00:00,308.0,86.0,2.8,15.6,20.5
2004-11-03 23:00:00,313.0,77.0,2.7,14.2,19.5
2004-11-04 00:00:00,216.0,66.0,1.8,9.9,18.7
2004-11-04 01:00:00,137.0,57.0,1.1,6.3,19.3
2004-11-04 02:00:00,140.0,55.0,1.2,5.2,17.6
2004-11-04 04:00:00,94.0,40.0,0.6,2.9,17.8
2004-11-04 05:00:00,79.0,40.0,0.5,2.6,16.1
2004-11-04 06:00:00,156.0,46.0,0.7,4.7,15.8
2004-11-04 07:00:00,153.0,53.0,0.8,5.1,17.0
2004-11-04 08:00:00,464.0,84.0,3.5,22.2,16.0
2004-11-04 09:00:00,435.0,88.0,3.6,23.3,17.8
2004-11-04 18:00:00,1014.0,171.0,8.7,47.5,23.1
2004-11-04 19:00:00,633.0,124.0,5.8,33.0,22.2
2004-11-04 20:00:00,485.0,97.0,4.3,27.2,21.1
2004-11-04 21:00:00,480.0,92.0,3.6,21.8,20.0
2004-11-04 22:00:00,572.0,96.0,3.9,21.3,19.1
2004-11-04 23:00:00,345.0,74.0,2.4,13.3,18.8
2004-11-05 00:00:00,195.0,65.0,1.6,8.8,18.5
2004-11-05 01:00:00,213.0,62.0,1.8,9.2,18.4
2004-11-05 02:00:00,216.0,59.0,1.5,7.6,16.8
2004-11-05 04:00:00,73.0,41.0,0.5,2.8,16.5
2004-11-05 05:00:00,67.0,38.0,0.4,2.2,16.9
2004-11-05 06:00:00,96.0,43.0,0.5,3.4,16.1
2004-11-05 07:00:00,162.0,52.0,0.8,5.7,16.1
2004-11-05 08:00:00,305.0,75.0,2.0,16.3,16.2
2004-11-05 09:00:00,725.0,118.0,6.2,37.9,16.5
2004-11-05 10:00:00,658.0,126.0,4.5,25.5,19.6
2004-11-05 11:00:00,710.0,151.0,4.6,24.2,20.7
2004-11-05 12:00:00,445.0,107.0,3.3,20.9,20.8
2004-11-05 13:00:00,455.0,114.0,3.6,22.1,21.7
2004-11-05 14:00:00,524.0,125.0,4.4,25.0,23.0
2004-11-05 15:00:00,527.0,138.0,4.3,26.4,24.2
2004-11-05 16:00:00,601.0,144.0,5.0,29.8,24.7
2004-11-05 17:00:00,1001.0,180.0,8.1,45.0,23.0
2004-11-05 18:00:00,852.0,154.0,8.0,42.8,21.4
2004-11-05 19:00:00,370.0,105.0,3.6,22.4,20.3
2004-11-05 20:00:00,348.0,98.0,2.9,15.9,20.0
2004-11-05 21:00:00,361.0,93.0,2.7,14.3,19.1
2004-11-05 22:00:00,255.0,76.0,1.9,10.7,18.1
2004-11-05 23:00:00,162.0,69.0,1.3,7.6,17.8
2004-11-06 00:00:00,166.0,66.0,1.2,6.7,17.6
2004-11-06 01:00:00,247.0,76.0,1.8,9.0,16.1
2004-11-06 02:00:00,255.0,73.0,1.9,9.0,15.5
2004-11-06 04:00:00,129.0,54.0,0.9,4.3,15.6
2004-11-06 05:00:00,83.0,44.0,0.5,2.8,17.0
2004-11-06 06:00:00,114.0,45.0,0.6,3.7,14.9
2004-11-06 07:00:00,233.0,58.0,1.1,6.3,14.0
2004-11-06 08:00:00,448.0,87.0,2.8,14.5,14.6
2004-11-06 09:00:00,455.0,97.0,2.9,16.4,15.9
2004-11-06 10:00:00,254.0,80.0,1.7,10.9,18.4
2004-11-06 11:00:00,313.0,82.0,2.3,14.1,20.0
2004-11-06 12:00:00,490.0,112.0,3.3,17.1,20.4
2004-11-06 13:00:00,496.0,121.0,3.5,19.4,20.7
2004-11-06 14:00:00,514.0,132.0,3.8,20.9,21.7
2004-11-06 15:00:00,454.0,141.0,3.4,17.7,22.0
2004-11-06 16:00:00,507.0,130.0,3.8,19.8,21.4
2004-11-06 17:00:00,474.0,113.0,3.6,19.5,20.8
2004-11-06 18:00:00,404.0,101.0,3.5,17.0,20.1
2004-11-06 19:00:00,356.0,91.0,2.8,14.6,20.0
2004-11-06 20:00:00,345.0,90.0,2.5,12.0,19.5
2004-11-06 21:00:00,395.0,90.0,3.1,13.3,19.5
2004-11-06 22:00:00,249.0,83.0,1.8,7.9,19.1
2004-11-06 23:00:00,197.0,73.0,1.6,7.9,18.8
2004-11-07 00:00:00,224.0,80.0,1.9,7.5,18.0
2004-11-07 01:00:00,231.0,87.0,2.0,8.4,17.5
2004-11-07 02:00:00,177.0,79.0,1.4,6.9,17.5
2004-11-07 05:00:00,64.0,42.0,0.7,2.1,16.1
2004-11-07 06:00:00,44.0,31.0,0.4,1.5,15.5
2004-11-07 07:00:00,53.0,35.0,0.4,1.2,15.1
2004-11-07 08:00:00,94.0,51.0,0.5,1.6,14.9
2004-11-07 09:00:00,100.0,58.0,0.7,1.9,15.5
2004-11-07 10:00:00,98.0,57.0,0.7,2.0,16.6
2004-11-07 11:00:00,115.0,63.0,0.7,2.7,18.0
2004-11-07 12:00:00,115.0,61.0,1.0,3.6,18.0
2004-11-07 13:00:00,76.0,34.0,1.0,3.7,17.6
2004-11-07 14:00:00,55.0,26.0,0.9,3.9,17.5
2004-11-07 15:00:00,59.0,28.0,0.9,3.8,17.2
2004-11-07 16:00:00,95.0,50.0,0.9,3.4,16.8
2004-11-07 17:00:00,107.0,55.0,1.1,4.0,16.0
2004-11-07 18:00:00,189.0,84.0,3.2,14.3,14.8
2004-11-07 19:00:00,386.0,140.0,3.1,10.5,14.4
2004-11-07 20:00:00,412.0,138.0,3.1,12.2,14.1
2004-11-07 21:00:00,342.0,127.0,2.3,11.4,13.4
2004-11-07 22:00:00,255.0,117.0,1.8,7.3,12.7
2004-11-07 23:00:00,89.0,57.0,0.8,2.4,9.9
2004-11-08 00:00:00,106.0,59.0,0.9,2.7,10.2
2004-11-08 01:00:00,109.0,62.0,0.8,2.5,10.6
2004-11-08 02:00:00,67.0,42.0,0.7,1.7,11.1
2004-11-08 04:00:00,13.0,13.0,0.2,0.3,11.3
2004-11-08 05:00:00,20.0,18.0,0.2,0.4,10.8
2004-11-08 06:00:00,33.0,26.0,0.3,0.6,10.9
2004-11-08 07:00:00,146.0,72.0,0.7,2.1,10.8
2004-11-08 08:00:00,359.0,131.0,1.7,7.4,10.7
2004-11-08 09:00:00,322.0,133.0,1.8,5.9,10.9
2004-11-08 10:00:00,293.0,116.0,1.5,4.8,12.1
2004-11-08 11:00:00,255.0,117.0,1.3,4.5,12.4
2004-11-08 12:00:00,233.0,103.0,1.2,5.1,13.0
2004-11-08 13:00:00,220.0,100.0,1.3,6.0,13.4
2004-11-08 14:00:00,246.0,105.0,1.8,10.0,13.1
2004-11-08 15:00:00,272.0,121.0,1.7,7.8,11.5
2004-11-08 16:00:00,358.0,132.0,2.2,11.2,13.1
2004-11-08 17:00:00,514.0,156.0,3.2,17.0,13.0
2004-11-08 18:00:00,742.0,183.0,5.9,31.0,11.3
2004-11-10 04:00:00,32.0,29.0,0.2,0.5,8.0
2004-11-10 05:00:00,29.0,26.0,0.2,0.5,8.1
2004-11-10 06:00:00,48.0,39.0,0.3,0.9,6.3
2004-11-10 07:00:00,113.0,72.0,0.5,1.6,6.7
2004-11-10 08:00:00,267.0,128.0,1.4,5.8,7.1
2004-11-10 09:00:00,332.0,149.0,2.0,9.5,7.9
2004-11-10 10:00:00,354.0,165.0,1.6,6.7,6.9
2004-11-10 11:00:00,316.0,150.0,1.3,4.4,6.8
2004-11-10 12:00:00,395.0,165.0,1.4,6.8,8.0
2004-11-10 13:00:00,391.0,175.0,1.9,7.8,9.5
2004-11-10 14:00:00,457.0,145.0,2.7,10.8,10.5
2004-11-10 15:00:00,448.0,98.0,2.1,9.8,11.4
2004-11-10 16:00:00,543.0,105.0,2.4,11.3,11.1
2004-11-10 17:00:00,574.0,106.0,2.7,12.3,10.8
2004-11-10 18:00:00,435.0,141.0,2.5,12.6,10.6
2004-11-10 19:00:00,504.0,177.0,3.7,17.0,10.6
2004-11-10 20:00:00,586.0,182.0,4.6,21.4,10.0
2004-11-10 21:00:00,580.0,193.0,3.9,15.3,10.3
2004-11-10 22:00:00,346.0,148.0,2.2,9.9,10.5
2004-11-10 23:00:00,531.0,167.0,2.7,13.4,10.2
2004-11-11 00:00:00,477.0,158.0,2.6,11.2,9.7
2004-11-11 01:00:00,344.0,132.0,2.1,9.4,9.3
2004-11-11 02:00:00,219.0,97.0,1.4,6.6,9.2
2004-11-11 04:00:00,174.0,74.0,1.1,5.4,7.6
2004-11-11 05:00:00,165.0,68.0,1.1,5.3,7.5
2004-11-11 06:00:00,250.0,89.0,1.1,6.1,8.3
2004-11-11 07:00:00,388.0,117.0,1.5,8.1,8.9
2004-11-11 08:00:00,758.0,190.0,3.1,17.3,9.2
2004-11-11 09:00:00,1247.0,211.0,6.8,32.3,9.9
2004-11-11 10:00:00,1110.0,190.0,5.4,24.1,10.2
2004-11-11 11:00:00,1145.0,194.0,4.5,21.0,11.2
2004-11-11 12:00:00,720.0,210.0,3.0,12.7,11.8
2004-11-11 13:00:00,557.0,199.0,2.8,13.6,12.5
2004-11-11 14:00:00,678.0,178.0,3.9,18.0,13.2
2004-11-11 15:00:00,659.0,184.0,3.4,14.3,12.5
2004-11-11 16:00:00,552.0,186.0,3.2,13.7,12.2
2004-11-11 17:00:00,395.0,168.0,2.8,11.2,11.5
2004-11-11 18:00:00,573.0,187.0,3.9,16.5,11.6
2004-11-11 19:00:00,463.0,166.0,3.5,16.1,12.0
2004-11-11 20:00:00,568.0,177.0,4.7,20.6,12.9
2004-11-11 21:00:00,706.0,207.0,4.6,16.8,13.1
2004-11-11 22:00:00,193.0,114.0,1.2,4.8,12.3
2004-11-11 23:00:00,151.0,84.0,1.1,4.0,12.7
2004-11-12 00:00:00,167.0,92.0,1.2,4.5,12.9
2004-11-12 01:00:00,239.0,111.0,1.6,5.4,12.9
2004-11-12 02:00:00,102.0,71.0,0.7,2.4,13.1
2004-11-12 05:00:00,71.0,50.0,0.6,1.7,13.7
2004-11-12 06:00:00,79.0,53.0,0.5,1.7,13.9
2004-11-12 07:00:00,117.0,67.0,0.6,2.3,14.1
2004-11-12 08:00:00,266.0,113.0,1.4,5.7,14.0
2004-11-12 09:00:00,340.0,140.0,2.0,7.9,14.2
2004-11-12 10:00:00,257.0,116.0,1.6,6.4,14.9
2004-11-12 11:00:00,311.0,122.0,1.6,6.9,16.3
2004-11-12 12:00:00,279.0,116.0,1.7,6.7,16.9
2004-11-12 13:00:00,267.0,118.0,2.0,8.7,17.4
2004-11-12 14:00:00,310.0,125.0,2.3,9.9,17.4
2004-11-12 15:00:00,352.0,126.0,2.4,11.4,17.7
2004-11-12 16:00:00,337.0,135.0,2.2,9.8,16.8
2004-11-12 17:00:00,358.0,140.0,2.6,12.9,17.0
2004-11-12 18:00:00,547.0,163.0,4.0,16.6,16.2
2004-11-12 19:00:00,600.0,178.0,5.2,20.8,16.7
2004-11-12 20:00:00,470.0,160.0,3.9,18.8,16.5
2004-11-12 21:00:00,522.0,166.0,3.8,12.6,15.8
2004-11-12 22:00:00,208.0,115.0,1.6,5.9,15.7
2004-11-12 23:00:00,205.0,107.0,1.5,6.1,15.9
2004-11-13 00:00:00,217.0,108.0,1.6,5.0,15.6
2004-11-13 01:00:00,216.0,111.0,1.5,4.9,15.6
2004-11-13 02:00:00,117.0,75.0,1.0,2.7,15.7
2004-11-13 04:00:00,174.0,88.0,1.3,5.0,15.6
2004-11-13 05:00:00,111.0,71.0,1.0,3.7,15.8
2004-11-13 06:00:00,147.0,75.0,1.0,3.8,15.2
2004-11-13 07:00:00,140.0,86.0,0.9,3.3,16.1
2004-11-13 08:00:00,421.0,124.0,2.1,9.7,14.9
2004-11-13 09:00:00,350.0,128.0,2.1,10.7,15.6
2004-11-13 10:00:00,550.0,164.0,3.1,14.7,17.9
2004-11-13 11:00:00,589.0,199.0,3.8,17.6,21.1
2004-11-13 12:00:00,537.0,192.0,3.7,17.5,20.3
2004-11-13 13:00:00,473.0,166.0,3.6,14.1,21.5
2004-11-13 14:00:00,364.0,133.0,3.3,12.1,21.5
2004-11-13 15:00:00,270.0,118.0,2.1,9.2,21.5
2004-11-13 16:00:00,368.0,133.0,2.3,10.6,20.8
2004-11-13 17:00:00,318.0,128.0,2.1,9.0,19.2
2004-11-13 18:00:00,244.0,116.0,1.9,7.5,18.3
2004-11-13 19:00:00,234.0,118.0,1.9,8.0,17.7
2004-11-13 20:00:00,296.0,142.0,2.3,9.1,17.2
2004-11-13 21:00:00,205.0,113.0,1.7,4.7,15.9
2004-11-13 22:00:00,95.0,59.0,0.8,1.8,14.0
2004-11-13 23:00:00,93.0,52.0,0.8,2.1,13.3
2004-11-14 00:00:00,100.0,57.0,0.8,1.8,11.9
2004-11-14 01:00:00,100.0,58.0,0.8,1.8,11.4
2004-11-14 02:00:00,63.0,44.0,0.6,1.0,10.4
2004-11-14 04:00:00,36.0,26.0,0.3,0.7,9.8
2004-11-14 05:00:00,24.0,20.0,0.3,0.4,9.5
2004-11-14 06:00:00,20.0,17.0,0.2,0.2,10.0
2004-11-14 07:00:00,25.0,21.0,0.2,0.2,10.2
2004-11-14 08:00:00,39.0,29.0,0.3,0.3,10.6
2004-11-14 09:00:00,57.0,39.0,0.3,0.4,10.7
2004-11-14 10:00:00,59.0,41.0,0.4,0.5,10.8
2004-11-14 11:00:00,65.0,44.0,0.4,0.6,11.4
2004-11-14 12:00:00,93.0,54.0,0.6,1.1,12.4
2004-11-14 13:00:00,112.0,62.0,0.6,1.2,12.4
2004-11-14 14:00:00,110.0,62.0,0.6,1.4,12.2
2004-11-14 15:00:00,81.0,48.0,0.5,1.1,10.5
2004-11-14 16:00:00,100.0,59.0,0.6,1.3,9.6
2004-11-14 17:00:00,109.0,63.0,0.7,1.8,8.2
2004-11-14 18:00:00,148.0,78.0,1.4,4.7,7.3
2004-11-14 19:00:00,207.0,99.0,1.2,3.0,8.4
2004-11-14 20:00:00,210.0,106.0,1.1,3.0,9.1
2004-11-14 21:00:00,180.0,97.0,1.0,2.8,10.0
2004-11-14 22:00:00,109.0,67.0,0.6,1.6,10.4
2004-11-14 23:00:00,128.0,73.0,0.8,2.3,11.3
2004-11-15 00:00:00,96.0,62.0,0.6,1.3,10.9
2004-11-15 01:00:00,65.0,44.0,0.5,1.1,10.6
2004-11-15 02:00:00,42.0,31.0,0.3,0.6,10.7
2004-11-15 05:00:00,28.0,22.0,0.3,0.4,10.4
2004-11-15 06:00:00,55.0,41.0,0.4,0.8,10.4
2004-11-15 07:00:00,181.0,94.0,0.7,2.0,10.5
2004-11-15 08:00:00,480.0,167.0,2.0,8.7,10.7
2004-11-15 09:00:00,442.0,162.0,2.4,8.6,11.1
2004-11-15 10:00:00,361.0,141.0,1.8,6.8,12.6
2004-11-15 11:00:00,288.0,127.0,1.6,6.2,13.8
2004-11-15 12:00:00,330.0,116.0,1.7,6.4,13.4
2004-11-15 13:00:00,300.0,104.0,1.8,6.7,13.5
2004-11-15 14:00:00,239.0,111.0,1.7,6.2,13.7
2004-11-15 15:00:00,265.0,114.0,1.7,6.7,13.6
2004-11-15 16:00:00,287.0,121.0,1.7,7.8,13.5
2004-11-15 17:00:00,403.0,164.0,2.6,11.5,13.5
2004-11-15 18:00:00,515.0,194.0,4.0,16.7,12.7
2004-11-15 19:00:00,446.0,175.0,3.8,16.6,12.6
2004-11-15 20:00:00,501.0,180.0,4.0,16.3,12.3
2004-11-15 21:00:00,355.0,147.0,2.4,8.6,12.0
2004-11-15 22:00:00,217.0,112.0,1.4,5.4,11.6
2004-11-15 23:00:00,180.0,94.0,1.3,4.0,11.3
2004-11-16 00:00:00,167.0,91.0,1.3,3.9,11.3
2004-11-16 01:00:00,126.0,76.0,1.0,2.8,11.2
2004-11-16 02:00:00,113.0,73.0,0.8,2.2,11.0
2004-11-16 04:00:00,37.0,32.0,0.4,0.7,11.1
2004-11-16 05:00:00,50.0,40.0,0.5,0.7,10.7
2004-11-16 06:00:00,96.0,63.0,0.5,1.2,10.2
2004-11-16 07:00:00,271.0,119.0,0.9,3.3,10.1
2004-11-16 08:00:00,892.0,202.0,3.5,16.6,10.1
2004-11-16 09:00:00,1071.0,222.0,5.2,26.3,11.3
2004-11-16 10:00:00,839.0,212.0,4.3,16.4,14.5
2004-11-16 11:00:00,713.0,219.0,3.5,15.5,17.5
2004-11-16 12:00:00,498.0,189.0,2.6,10.7,17.2
2004-11-16 13:00:00,389.0,147.0,2.5,11.1,17.3
2004-11-16 14:00:00,457.0,161.0,2.8,11.7,18.1
2004-11-16 15:00:00,425.0,148.0,2.2,10.9,17.9
2004-11-16 16:00:00,483.0,148.0,2.4,11.4,17.6
2004-11-16 17:00:00,604.0,188.0,3.5,16.3,16.7
2004-11-16 18:00:00,648.0,206.0,4.2,18.5,14.8
2004-11-16 19:00:00,427.0,168.0,3.1,14.5,13.6
2004-11-16 20:00:00,461.0,171.0,3.2,15.8,13.4
2004-11-16 21:00:00,436.0,171.0,2.8,13.2,11.8
2004-11-16 22:00:00,300.0,142.0,2.2,7.8,10.7
2004-11-16 23:00:00,277.0,134.0,1.8,6.1,10.2
2004-11-17 00:00:00,196.0,107.0,1.7,5.0,9.5
2004-11-17 01:00:00,277.0,121.0,1.6,5.3,7.7
2004-11-17 02:00:00,131.0,85.0,1.1,2.9,8.4
2004-11-17 04:00:00,97.0,68.0,0.7,1.2,6.2
2004-11-17 05:00:00,105.0,69.0,0.8,1.6,6.8
2004-11-17 06:00:00,138.0,81.0,0.9,2.0,5.7
2004-11-17 07:00:00,183.0,92.0,1.2,4.0,5.9
2004-11-17 08:00:00,664.0,200.0,3.3,15.4,6.3
2004-11-17 09:00:00,611.0,201.0,3.8,19.0,7.5
2004-11-17 10:00:00,600.0,213.0,3.2,14.6,11.4
2004-11-17 12:00:00,878.0,187.0,3.2,14.4,13.3
2004-11-17 13:00:00,905.0,205.0,4.2,19.0,14.7
2004-11-17 14:00:00,808.0,212.0,4.3,20.3,16.5
2004-11-17 15:00:00,858.0,198.0,4.0,19.5,17.4
2004-11-17 16:00:00,839.0,171.0,4.1,21.0,17.3
2004-11-17 17:00:00,1290.0,272.0,7.8,35.9,16.0
2004-11-17 18:00:00,748.0,192.0,10.2,47.7,13.7
2004-11-17 19:00:00,1148.0,288.0,6.6,30.1,13.0
2004-11-17 20:00:00,729.0,254.0,4.3,22.0,12.4
2004-11-17 21:00:00,810.0,267.0,4.9,19.0,10.7
2004-11-17 22:00:00,427.0,198.0,2.6,9.2,10.5
2004-11-17 23:00:00,274.0,145.0,2.3,7.1,9.7
2004-11-18 00:00:00,387.0,167.0,2.7,8.2,8.8
2004-11-18 01:00:00,235.0,127.0,2.2,5.1,8.8
2004-11-18 02:00:00,225.0,119.0,2.0,5.6,8.5
2004-11-18 04:00:00,185.0,84.0,1.2,3.8,6.4
2004-11-18 05:00:00,212.0,89.0,1.1,3.6,5.9
2004-11-18 06:00:00,358.0,122.0,1.4,6.6,6.1
2004-11-18 07:00:00,531.0,162.0,2.1,9.9,6.8
2004-11-18 08:00:00,992.0,225.0,4.5,21.5,7.7
2004-11-18 09:00:00,1132.0,249.0,5.6,27.8,8.9
2004-11-18 10:00:00,1195.0,282.0,5.6,22.9,11.4
2004-11-18 11:00:00,1120.0,278.0,4.7,20.2,13.4
2004-11-18 12:00:00,870.0,251.0,4.2,19.7,15.8
2004-11-18 13:00:00,570.0,208.0,3.6,13.8,18.3
2004-11-18 14:00:00,384.0,187.0,3.2,15.3,18.8
2004-11-18 15:00:00,381.0,182.0,3.1,15.9,18.4
2004-11-18 16:00:00,541.0,212.0,3.8,17.4,18.3
2004-11-18 17:00:00,484.0,174.0,3.9,17.6,17.6
2004-11-18 18:00:00,549.0,220.0,4.6,20.4,17.3
2004-11-18 19:00:00,596.0,214.0,4.9,22.6,16.8
2004-11-18 20:00:00,620.0,212.0,5.4,25.1,16.6
2004-11-18 21:00:00,542.0,191.0,4.3,17.2,16.3
2004-11-18 22:00:00,381.0,160.0,3.1,11.7,15.9
2004-11-18 23:00:00,270.0,130.0,2.5,9.2,15.9
2004-11-19 00:00:00,284.0,133.0,2.4,7.7,15.7
2004-11-19 01:00:00,204.0,110.0,1.9,5.6,16.1
2004-11-19 02:00:00,93.0,65.0,1.3,3.3,15.5
2004-11-19 04:00:00,51.0,41.0,1.1,2.1,14.7
2004-11-19 05:00:00,45.0,36.0,0.9,1.3,14.7
2004-11-19 06:00:00,68.0,45.0,1.0,1.6,15.4
2004-11-19 07:00:00,198.0,98.0,1.6,5.3,14.5
2004-11-19 08:00:00,633.0,194.0,4.8,20.5,14.7
2004-11-19 09:00:00,548.0,191.0,5.9,22.7,15.2
2004-11-19 10:00:00,588.0,193.0,5.6,16.7,16.1
2004-11-19 11:00:00,612.0,231.0,3.5,13.8,17.0
2004-11-19 12:00:00,428.0,202.0,2.8,11.8,17.6
2004-11-19 13:00:00,463.0,188.0,3.6,15.2,17.3
2004-11-19 14:00:00,479.0,184.0,4.8,17.9,17.8
2004-11-19 15:00:00,469.0,222.0,5.0,14.8,18.3
2004-11-19 16:00:00,583.0,221.0,5.6,18.3,18.3
2004-11-19 17:00:00,760.0,193.0,7.5,24.4,17.7
2004-11-19 18:00:00,691.0,187.0,7.2,25.0,17.3
2004-11-19 19:00:00,832.0,188.0,8.3,29.8,16.2
2004-11-19 20:00:00,881.0,185.0,8.6,27.9,15.2
2004-11-19 21:00:00,390.0,146.0,4.3,6.5,14.2
2004-11-19 22:00:00,207.0,120.0,2.6,3.6,13.4
2004-11-19 23:00:00,204.0,110.0,2.6,4.0,12.8
2004-11-20 00:00:00,243.0,121.0,2.7,3.6,12.2
2004-11-20 01:00:00,264.0,126.0,2.7,4.0,12.0
2004-11-20 02:00:00,215.0,117.0,2.6,3.5,10.8
2004-11-20 05:00:00,92.0,70.0,0.6,1.5,9.0
2004-11-20 06:00:00,174.0,96.0,0.7,2.8,8.7
2004-11-20 07:00:00,294.0,136.0,1.2,6.0,6.9
2004-11-20 08:00:00,412.0,177.0,2.0,11.1,6.3
2004-11-20 09:00:00,573.0,214.0,2.8,15.3,7.2
2004-11-20 10:00:00,661.0,243.0,2.9,17.1,11.9
2004-11-20 11:00:00,555.0,192.0,2.2,10.3,14.8
2004-11-20 12:00:00,363.0,149.0,1.6,8.5,14.8
2004-11-20 13:00:00,302.0,141.0,1.5,10.4,14.7
2004-11-20 14:00:00,340.0,137.0,1.9,10.9,14.7
2004-11-20 15:00:00,306.0,138.0,1.5,10.6,14.8
2004-11-20 16:00:00,377.0,149.0,1.8,11.1,15.3
2004-11-20 17:00:00,625.0,196.0,3.4,21.1,13.5
2004-11-20 18:00:00,870.0,239.0,4.6,22.3,11.1
2004-11-20 19:00:00,421.0,164.0,1.6,10.6,10.2
2004-11-20 20:00:00,294.0,149.0,1.2,8.4,9.5
2004-11-20 21:00:00,339.0,159.0,1.2,7.6,8.0
2004-11-20 22:00:00,260.0,149.0,0.9,7.1,6.6
2004-11-20 23:00:00,256.0,133.0,0.7,7.2,6.1
2004-11-21 00:00:00,572.0,216.0,2.5,13.9,5.2
2004-11-21 01:00:00,428.0,196.0,1.5,9.7,4.9
2004-11-21 02:00:00,195.0,120.0,0.5,4.9,5.3
2004-11-21 04:00:00,160.0,101.0,0.5,5.6,3.1
2004-11-21 05:00:00,101.0,75.0,0.1,2.8,4.1
2004-11-21 06:00:00,97.0,73.0,0.2,2.7,3.5
2004-11-21 08:00:00,227.0,116.0,0.2,4.9,1.3
2004-11-21 09:00:00,253.0,132.0,0.5,5.6,3.2
2004-11-21 10:00:00,234.0,125.0,0.4,6.4,7.2
2004-11-21 11:00:00,291.0,148.0,0.8,6.8,10.3
2004-11-21 12:00:00,402.0,186.0,1.5,10.1,10.9
2004-11-21 13:00:00,492.0,193.0,1.9,11.2,12.2
2004-11-21 14:00:00,351.0,174.0,1.1,8.7,13.3
2004-11-21 15:00:00,160.0,106.0,0.3,5.0,15.2
2004-11-21 16:00:00,292.0,127.0,0.9,8.2,14.9
2004-11-21 17:00:00,537.0,172.0,2.1,12.7,13.1
2004-11-21 18:00:00,607.0,179.0,2.4,10.9,11.7
2004-11-21 19:00:00,308.0,150.0,1.6,7.4,10.1
2004-11-21 20:00:00,277.0,147.0,1.1,6.3,9.8
2004-11-21 21:00:00,348.0,163.0,1.3,7.7,7.1
2004-11-21 22:00:00,267.0,145.0,0.8,7.2,5.9
2004-11-21 23:00:00,399.0,186.0,1.0,7.0,5.3
2004-11-22 00:00:00,163.0,116.0,0.3,5.0,5.6
2004-11-22 01:00:00,297.0,145.0,1.0,8.2,3.9
2004-11-22 02:00:00,212.0,122.0,0.4,5.0,3.3
2004-11-22 06:00:00,201.0,108.0,0.1,4.2,3.7
2004-11-22 07:00:00,333.0,149.0,0.4,6.8,4.5
2004-11-22 08:00:00,733.0,232.0,2.4,16.2,4.9
2004-11-22 09:00:00,846.0,215.0,3.1,50.7,5.4
2004-11-22 10:00:00,801.0,218.0,3.1,63.7,6.2
2004-11-22 11:00:00,884.0,239.0,2.7,25.4,6.8
2004-11-22 12:00:00,784.0,224.0,2.3,20.1,7.3
2004-11-22 13:00:00,896.0,235.0,3.0,23.5,7.8
2004-11-22 14:00:00,953.0,237.0,3.6,25.2,8.0
2004-11-22 15:00:00,980.0,239.0,3.1,21.8,8.3
2004-11-22 16:00:00,1058.0,235.0,3.5,22.8,8.5
2004-11-22 17:00:00,1080.0,199.0,4.0,25.4,8.5
2004-11-22 18:00:00,1301.0,240.0,6.3,38.3,8.9
2004-11-22 19:00:00,1345.0,245.0,6.9,37.6,9.1
2004-11-22 20:00:00,1218.0,239.0,6.5,33.9,8.9
2004-11-22 21:00:00,884.0,191.0,3.3,22.4,8.5
2004-11-22 22:00:00,650.0,164.0,2.4,16.9,8.5
2004-11-22 23:00:00,444.0,130.0,1.7,13.9,7.7
2004-11-23 00:00:00,370.0,121.0,1.3,11.6,7.9
2004-11-23 01:00:00,349.0,118.0,1.1,10.8,8.0
2004-11-23 02:00:00,287.0,113.0,0.8,8.8,8.0
2004-11-23 05:00:00,238.0,92.0,1.3,6.4,8.2
2004-11-23 06:00:00,316.0,98.0,1.4,7.7,8.5
2004-11-23 07:00:00,508.0,111.0,2.1,10.0,8.9
2004-11-23 08:00:00,920.0,139.0,4.5,24.0,9.5
2004-11-23 09:00:00,980.0,160.0,5.7,27.6,9.9
2004-11-23 10:00:00,1188.0,183.0,6.6,31.5,10.7
2004-11-23 11:00:00,1045.0,185.0,5.0,24.1,11.8
2004-11-23 12:00:00,999.0,198.0,5.3,26.5,13.3
2004-11-23 13:00:00,955.0,201.0,5.4,27.1,13.8
2004-11-23 14:00:00,1189.0,233.0,7.3,33.2,13.9
2004-11-23 15:00:00,933.0,202.0,5.1,25.5,14.2
2004-11-23 16:00:00,898.0,186.0,5.3,27.1,14.2
2004-11-23 17:00:00,1201.0,215.0,7.3,35.4,13.6
2004-11-23 18:00:00,1369.0,227.0,10.2,49.5,13.2
2004-11-23 19:00:00,1389.0,220.0,11.9,50.6,12.4
2004-11-23 20:00:00,1358.0,190.0,11.5,49.4,11.5
2004-11-23 21:00:00,1189.0,178.0,8.3,31.7,10.4
2004-11-23 22:00:00,866.0,147.0,4.7,21.8,10.0
2004-11-23 23:00:00,718.0,138.0,4.0,19.8,10.0
2004-11-24 00:00:00,715.0,135.0,3.9,18.6,10.1
2004-11-24 01:00:00,558.0,123.0,2.8,13.4,10.0
2004-11-24 02:00:00,467.0,106.0,2.3,10.1,10.4
2004-11-24 04:00:00,295.0,81.0,1.4,5.4,10.6
2004-11-24 05:00:00,151.0,66.0,1.0,3.4,10.5
2004-11-24 06:00:00,188.0,64.0,1.0,4.1,9.8
2004-11-24 07:00:00,380.0,86.0,1.8,8.7,9.5
2004-11-24 08:00:00,717.0,114.0,3.8,18.7,9.8
2004-11-24 09:00:00,803.0,115.0,4.2,21.0,10.3
2004-11-24 10:00:00,726.0,110.0,3.6,17.7,11.1
2004-11-24 11:00:00,558.0,116.0,3.3,15.1,13.3
2004-11-24 12:00:00,427.0,162.0,2.0,8.8,15.1
2004-11-24 13:00:00,317.0,104.0,2.0,9.7,15.6
2004-11-24 14:00:00,436.0,129.0,2.9,14.4,15.4
2004-11-24 15:00:00,490.0,146.0,2.7,14.7,14.6
2004-11-24 16:00:00,602.0,160.0,3.4,17.4,13.7
2004-11-24 17:00:00,732.0,169.0,4.5,22.3,12.3
2004-11-24 18:00:00,865.0,167.0,6.1,30.3,10.8
2004-11-24 19:00:00,936.0,166.0,6.8,33.3,10.2
2004-11-24 20:00:00,1074.0,181.0,8.4,36.0,10.1
2004-11-24 21:00:00,812.0,144.0,5.3,23.9,10.0
2004-11-24 22:00:00,773.0,141.0,4.5,19.0,8.6
2004-11-24 23:00:00,761.0,123.0,4.1,16.8,7.7
2004-11-25 00:00:00,781.0,121.0,4.0,17.5,7.1
2004-11-25 01:00:00,743.0,114.0,4.0,17.4,6.7
2004-11-25 02:00:00,533.0,93.0,3.0,11.3,6.0
2004-11-25 04:00:00,456.0,89.0,2.2,9.4,4.3
2004-11-25 05:00:00,486.0,94.0,2.2,9.4,4.0
2004-11-25 06:00:00,498.0,93.0,2.0,9.1,4.0
2004-11-25 07:00:00,585.0,100.0,2.2,10.7,4.0
2004-11-25 08:00:00,911.0,127.0,4.0,21.3,4.4
2004-11-25 09:00:00,845.0,137.0,4.8,22.9,6.7
2004-11-25 10:00:00,807.0,190.0,4.6,20.1,10.0
2004-11-25 11:00:00,603.0,171.0,2.8,11.8,13.6
2004-11-25 12:00:00,391.0,127.0,2.1,10.6,14.6
2004-11-25 13:00:00,279.0,109.0,2.0,11.4,15.4
2004-11-25 14:00:00,358.0,126.0,2.5,12.8,16.4
2004-11-25 15:00:00,403.0,136.0,2.5,13.4,16.8
2004-11-25 16:00:00,465.0,156.0,2.8,14.2,16.8
2004-11-25 17:00:00,707.0,187.0,4.0,21.8,15.4
2004-11-25 18:00:00,660.0,173.0,4.5,21.4,13.8
2004-11-25 19:00:00,402.0,137.0,3.1,15.4,13.3
2004-11-25 20:00:00,350.0,122.0,2.6,14.5,11.5
2004-11-25 21:00:00,355.0,129.0,2.6,11.4,10.7
2004-11-25 22:00:00,296.0,110.0,2.0,7.8,10.0
2004-11-25 23:00:00,266.0,102.0,1.8,7.6,9.9
2004-11-26 00:00:00,373.0,114.0,2.5,9.5,9.3
2004-11-26 01:00:00,417.0,117.0,2.3,9.7,9.1
2004-11-26 02:00:00,308.0,98.0,2.1,8.1,8.9
2004-11-26 05:00:00,196.0,77.0,1.2,4.8,9.0
2004-11-26 06:00:00,203.0,75.0,1.0,4.6,9.1
2004-11-26 07:00:00,393.0,95.0,1.7,8.4,9.3
2004-11-26 08:00:00,864.0,137.0,4.3,23.1,10.0
2004-11-26 09:00:00,960.0,149.0,5.8,26.6,10.6
2004-11-26 10:00:00,1056.0,197.0,5.6,26.1,12.4
2004-11-26 11:00:00,856.0,183.0,4.0,16.4,13.7
2004-11-26 12:00:00,854.0,179.0,4.0,18.9,14.9
2004-11-26 13:00:00,854.0,196.0,4.9,22.7,15.5
2004-11-26 14:00:00,949.0,208.0,5.6,27.2,15.8
2004-11-26 15:00:00,932.0,203.0,5.1,24.1,15.8
2004-11-26 16:00:00,1071.0,213.0,6.2,29.1,15.7
2004-11-26 17:00:00,1134.0,233.0,7.7,36.0,15.5
2004-11-26 18:00:00,1389.0,255.0,10.1,45.2,15.5
2004-11-26 19:00:00,866.0,170.0,6.4,30.7,15.6
2004-11-26 20:00:00,947.0,167.0,7.7,37.7,15.1
2004-11-26 21:00:00,1155.0,205.0,8.1,31.6,14.6
2004-11-26 22:00:00,798.0,170.0,4.7,19.9,13.8
2004-11-26 23:00:00,696.0,154.0,4.3,18.6,13.4
2004-11-27 00:00:00,654.0,143.0,4.1,16.9,13.0
2004-11-27 01:00:00,685.0,140.0,4.2,18.0,12.7
2004-11-27 02:00:00,574.0,122.0,3.8,14.9,12.4
2004-11-27 04:00:00,319.0,103.0,2.4,9.1,11.9
2004-11-27 05:00:00,263.0,97.0,2.0,7.3,13.2
2004-11-27 06:00:00,320.0,99.0,1.7,7.6,12.3
2004-11-27 07:00:00,439.0,110.0,2.1,9.2,12.8
2004-11-27 08:00:00,398.0,110.0,2.5,11.1,13.7
2004-11-27 09:00:00,637.0,121.0,3.8,16.3,13.4
2004-11-27 10:00:00,699.0,122.0,3.9,17.8,13.8
2004-11-27 11:00:00,699.0,136.0,4.2,16.7,15.1
2004-11-27 12:00:00,707.0,170.0,4.0,17.6,15.8
2004-11-27 13:00:00,743.0,156.0,4.4,19.4,15.4
2004-11-27 14:00:00,745.0,158.0,4.7,20.1,15.6
2004-11-27 15:00:00,741.0,174.0,4.6,19.4,16.3
2004-11-27 16:00:00,765.0,187.0,4.8,20.5,16.4
2004-11-27 17:00:00,632.0,147.0,4.5,18.7,15.6
2004-11-27 18:00:00,808.0,136.0,5.6,24.5,14.2
2004-11-27 19:00:00,703.0,134.0,4.9,21.3,14.0
2004-11-27 20:00:00,764.0,126.0,5.3,23.5,13.3
2004-11-27 21:00:00,667.0,130.0,4.6,15.5,13.7
2004-11-27 22:00:00,355.0,98.0,2.4,9.9,12.8
2004-11-27 23:00:00,359.0,89.0,2.7,10.1,11.2
2004-11-28 00:00:00,327.0,88.0,2.5,10.3,10.6
2004-11-28 01:00:00,289.0,86.0,2.3,7.6,10.8
2004-11-28 03:00:00,138.0,70.0,1.3,4.2,10.3
2004-11-28 04:00:00,86.0,55.0,1.0,3.1,10.3
2004-11-28 05:00:00,60.0,45.0,0.9,1.6,11.2
2004-11-28 06:00:00,62.0,44.0,0.7,1.7,8.9
2004-11-28 07:00:00,73.0,50.0,0.8,1.5,9.5
2004-11-28 08:00:00,157.0,74.0,1.0,2.6,8.6
2004-11-28 09:00:00,166.0,81.0,1.1,2.8,8.6
2004-11-28 10:00:00,98.0,65.0,0.8,1.9,9.7
2004-11-28 11:00:00,153.0,76.0,1.4,5.2,11.1
2004-11-28 12:00:00,307.0,110.0,2.2,6.5,11.8
2004-11-28 13:00:00,416.0,124.0,2.7,9.4,12.1
2004-11-28 14:00:00,346.0,120.0,2.3,8.2,12.6
2004-11-28 15:00:00,252.0,99.0,1.9,6.9,13.4
2004-11-28 16:00:00,326.0,117.0,2.7,8.6,13.3
2004-11-28 17:00:00,490.0,132.0,3.2,8.6,11.2
2004-11-28 18:00:00,452.0,113.0,3.2,10.1,9.6
2004-11-28 19:00:00,542.0,117.0,3.5,12.6,9.9
2004-11-28 20:00:00,605.0,127.0,4.5,16.5,10.4
2004-11-28 21:00:00,577.0,132.0,4.1,13.0,10.3
2004-11-28 22:00:00,491.0,121.0,3.3,12.1,10.4
2004-11-28 23:00:00,492.0,122.0,3.1,11.4,10.5
2004-11-29 00:00:00,412.0,113.0,3.0,10.3,10.2
2004-11-29 01:00:00,283.0,99.0,2.3,8.0,9.9
2004-11-29 02:00:00,280.0,86.0,2.3,8.1,9.8
2004-11-29 04:00:00,156.0,66.0,1.5,4.2,8.9
2004-11-29 05:00:00,166.0,67.0,1.3,4.9,8.8
2004-11-29 06:00:00,225.0,78.0,1.4,5.7,8.7
2004-11-29 07:00:00,325.0,90.0,2.0,9.8,8.7
2004-11-29 08:00:00,760.0,120.0,4.2,20.6,9.6
2004-11-29 09:00:00,948.0,139.0,5.9,29.5,11.3
2004-11-29 10:00:00,1044.0,172.0,6.3,28.3,13.8
2004-11-29 11:00:00,1172.0,232.0,6.6,30.5,14.9
2004-11-29 12:00:00,1000.0,168.0,5.0,23.0,15.3
2004-11-29 13:00:00,366.0,120.0,2.5,11.1,18.6
2004-11-29 14:00:00,346.0,121.0,2.6,12.8,18.6
2004-11-29 15:00:00,289.0,117.0,1.9,10.8,18.4
2004-11-29 16:00:00,316.0,121.0,2.3,11.4,17.9
2004-11-29 17:00:00,238.0,107.0,1.9,8.1,18.0
2004-11-29 18:00:00,267.0,115.0,2.3,10.0,16.7
2004-11-29 19:00:00,182.0,94.0,1.8,7.3,17.3
2004-11-29 20:00:00,197.0,98.0,1.9,7.3,16.8
2004-11-29 21:00:00,149.0,87.0,1.4,4.6,16.5
2004-11-29 22:00:00,124.0,78.0,1.2,4.0,16.3
2004-11-29 23:00:00,105.0,69.0,1.0,3.9,16.0
2004-11-30 00:00:00,109.0,67.0,1.2,3.6,15.6
2004-11-30 01:00:00,169.0,81.0,1.4,5.1,13.8
2004-11-30 02:00:00,124.0,75.0,1.2,4.5,13.2
2004-11-30 04:00:00,50.0,42.0,0.6,1.2,13.8
2004-11-30 05:00:00,47.0,38.0,0.6,1.4,13.6
2004-11-30 06:00:00,110.0,64.0,0.7,1.9,11.5
2004-11-30 07:00:00,193.0,86.0,1.1,3.6,11.8
2004-11-30 08:00:00,475.0,127.0,2.5,11.0,12.3
2004-11-30 09:00:00,420.0,122.0,3.6,17.5,13.0
2004-11-30 10:00:00,439.0,141.0,3.6,15.9,13.7
2004-11-30 11:00:00,461.0,139.0,3.3,13.4,14.0
2004-11-30 12:00:00,238.0,105.0,2.0,8.8,14.6
2004-11-30 13:00:00,232.0,103.0,1.9,9.4,14.9
2004-11-30 14:00:00,241.0,108.0,2.2,9.7,14.9
2004-11-30 15:00:00,278.0,109.0,2.2,10.1,15.3
2004-11-30 16:00:00,496.0,149.0,3.8,20.2,14.6
2004-11-30 17:00:00,464.0,143.0,3.5,14.2,12.6
2004-11-30 18:00:00,600.0,159.0,5.2,22.8,11.9
2004-11-30 19:00:00,692.0,178.0,6.3,28.0,11.6
2004-11-30 20:00:00,731.0,168.0,6.8,30.3,11.5
2004-11-30 21:00:00,491.0,160.0,4.1,12.4,10.7
2004-11-30 22:00:00,284.0,117.0,2.3,8.0,9.6
2004-11-30 23:00:00,245.0,113.0,1.9,6.5,9.6
2004-12-01 00:00:00,273.0,113.0,2.2,7.5,9.8
2004-12-01 01:00:00,157.0,94.0,1.3,3.8,10.1
2004-12-01 02:00:00,117.0,76.0,1.2,3.8,9.1
2004-12-01 05:00:00,100.0,63.0,0.6,2.5,8.3
2004-12-01 06:00:00,135.0,74.0,0.9,3.3,8.9
2004-12-01 07:00:00,301.0,96.0,1.4,7.0,8.7
2004-12-01 08:00:00,641.0,121.0,3.4,18.1,9.0
2004-12-01 09:00:00,849.0,145.0,5.0,24.6,9.5
2004-12-01 10:00:00,861.0,158.0,4.7,19.7,10.4
2004-12-01 11:00:00,629.0,143.0,3.2,13.0,11.0
2004-12-01 12:00:00,737.0,182.0,3.5,17.1,13.8
2004-12-01 13:00:00,712.0,163.0,4.0,19.3,13.6
2004-12-01 14:00:00,933.0,178.0,5.7,28.4,13.7
2004-12-01 15:00:00,836.0,162.0,5.0,22.9,13.0
2004-12-01 16:00:00,987.0,171.0,5.6,25.7,12.7
2004-12-01 17:00:00,985.0,174.0,6.2,26.8,12.3
2004-12-01 18:00:00,1040.0,185.0,7.5,29.2,12.3
2004-12-01 19:00:00,401.0,126.0,3.0,11.9,12.5
2004-12-01 20:00:00,279.0,113.0,2.6,10.1,11.8
2004-12-01 21:00:00,280.0,111.0,2.1,7.2,11.3
2004-12-01 22:00:00,280.0,107.0,1.8,7.1,11.1
2004-12-01 23:00:00,327.0,107.0,2.0,7.5,11.3
2004-12-02 00:00:00,316.0,102.0,2.2,8.1,11.6
2004-12-02 01:00:00,223.0,96.0,1.9,5.5,11.7
2004-12-02 02:00:00,180.0,86.0,1.6,5.7,11.7
2004-12-02 04:00:00,131.0,70.0,0.9,2.9,12.0
2004-12-02 05:00:00,101.0,59.0,0.7,2.4,12.0
2004-12-02 06:00:00,189.0,74.0,0.9,4.0,12.4
2004-12-02 07:00:00,336.0,89.0,1.4,7.2,12.5
2004-12-02 08:00:00,804.0,131.0,4.2,21.6,12.9
2004-12-02 09:00:00,860.0,139.0,5.0,27.9,13.3
2004-12-02 10:00:00,745.0,145.0,4.4,19.2,14.3
2004-12-02 11:00:00,685.0,137.0,3.4,16.4,15.4
2004-12-02 12:00:00,639.0,128.0,2.8,14.8,15.9
2004-12-02 13:00:00,668.0,128.0,3.4,16.8,16.4
2004-12-02 14:00:00,469.0,123.0,2.9,16.9,18.0
2004-12-02 15:00:00,605.0,136.0,3.9,19.0,19.2
2004-12-02 16:00:00,641.0,137.0,4.0,19.8,18.1
2004-12-02 17:00:00,774.0,151.0,4.9,24.8,16.7
2004-12-02 18:00:00,1001.0,171.0,7.7,37.6,15.8
2004-12-02 19:00:00,1184.0,171.0,9.4,43.9,15.4
2004-12-02 20:00:00,1020.0,161.0,7.8,36.6,15.4
2004-12-02 21:00:00,964.0,154.0,6.6,30.8,15.3
2004-12-02 22:00:00,741.0,127.0,4.7,22.0,15.1
2004-12-02 23:00:00,757.0,115.0,4.8,20.9,14.2
2004-12-03 00:00:00,564.0,102.0,3.2,13.1,14.1
2004-12-03 01:00:00,434.0,100.0,2.6,9.3,14.4
2004-12-03 02:00:00,308.0,86.0,2.1,9.4,14.1
2004-12-03 04:00:00,133.0,80.0,1.1,3.8,14.0
2004-12-03 05:00:00,103.0,74.0,0.7,2.5,13.9
2004-12-03 06:00:00,178.0,82.0,0.9,4.0,13.8
2004-12-03 07:00:00,289.0,96.0,1.5,7.0,13.8
2004-12-03 08:00:00,736.0,124.0,3.8,21.1,13.7
2004-12-03 09:00:00,928.0,142.0,6.0,29.0,13.9
2004-12-03 10:00:00,897.0,154.0,5.1,23.0,14.6
2004-12-03 11:00:00,596.0,144.0,3.6,13.0,15.8
2004-12-03 12:00:00,481.0,144.0,3.0,14.9,16.4
2004-12-03 13:00:00,495.0,139.0,3.1,15.7,16.8
2004-12-03 14:00:00,460.0,138.0,3.3,18.1,17.9
2004-12-03 15:00:00,445.0,134.0,3.4,15.5,18.8
2004-12-03 16:00:00,618.0,150.0,4.6,23.8,19.0
2004-12-03 17:00:00,858.0,173.0,6.9,32.6,17.7
2004-12-03 18:00:00,634.0,134.0,5.1,24.0,16.5
2004-12-03 19:00:00,575.0,128.0,4.9,23.6,15.7
2004-12-03 20:00:00,738.0,132.0,6.1,30.7,15.0
2004-12-03 21:00:00,739.0,134.0,6.2,20.9,14.6
2004-12-03 22:00:00,472.0,107.0,3.0,12.7,14.0
2004-12-03 23:00:00,542.0,101.0,3.4,14.0,13.1
2004-12-04 00:00:00,577.0,94.0,3.5,13.7,12.6
2004-12-04 01:00:00,568.0,99.0,3.2,12.8,12.8
2004-12-04 02:00:00,451.0,90.0,2.9,11.0,12.1
2004-12-04 05:00:00,277.0,71.0,1.7,6.8,11.4
2004-12-04 06:00:00,291.0,66.0,1.7,7.4,11.5
2004-12-04 07:00:00,277.0,70.0,1.3,6.2,12.4
2004-12-04 08:00:00,510.0,90.0,2.8,13.7,12.3
2004-12-04 09:00:00,451.0,102.0,2.5,9.6,12.2
2004-12-04 10:00:00,584.0,102.0,2.7,10.4,12.2
2004-12-04 11:00:00,260.0,94.0,1.5,6.5,12.4
2004-12-04 12:00:00,492.0,122.0,2.6,10.6,13.0
2004-12-04 13:00:00,580.0,124.0,3.1,11.9,11.8
2004-12-04 14:00:00,373.0,103.0,2.5,8.4,11.9
2004-12-04 15:00:00,497.0,115.0,2.6,9.6,11.9
2004-12-04 16:00:00,413.0,107.0,2.5,7.1,12.3
2004-12-04 17:00:00,444.0,120.0,2.3,8.3,12.7
2004-12-04 18:00:00,533.0,120.0,3.1,10.9,13.1
2004-12-04 19:00:00,325.0,108.0,1.9,6.9,13.1
2004-12-04 20:00:00,439.0,115.0,2.5,10.6,13.4
2004-12-04 21:00:00,506.0,124.0,3.1,9.4,13.8
2004-12-04 22:00:00,349.0,109.0,2.0,6.9,14.0
2004-12-04 23:00:00,235.0,93.0,1.9,5.6,13.5
2004-12-05 00:00:00,378.0,103.0,2.4,6.3,13.0
2004-12-05 01:00:00,304.0,106.0,2.0,6.5,12.4
2004-12-05 02:00:00,180.0,96.0,1.2,3.4,12.3
2004-12-05 04:00:00,148.0,81.0,1.0,2.8,12.3
2004-12-05 05:00:00,106.0,70.0,0.8,2.0,12.7
2004-12-05 06:00:00,87.0,60.0,0.6,1.5,12.5
2004-12-05 07:00:00,96.0,63.0,0.7,1.4,12.4
2004-12-05 08:00:00,120.0,68.0,0.8,1.9,13.2
2004-12-05 09:00:00,130.0,68.0,0.9,2.4,13.1
2004-12-05 10:00:00,140.0,66.0,1.0,3.1,12.9
2004-12-05 11:00:00,176.0,72.0,1.3,4.4,13.0
2004-12-05 12:00:00,209.0,81.0,1.7,5.6,13.0
2004-12-05 13:00:00,309.0,89.0,2.4,6.7,12.0
2004-12-05 14:00:00,226.0,85.0,1.7,5.5,11.4
2004-12-05 15:00:00,246.0,86.0,1.8,7.7,12.0
2004-12-05 16:00:00,208.0,83.0,1.5,3.7,11.5
2004-12-05 17:00:00,154.0,77.0,1.1,2.8,11.3
2004-12-05 18:00:00,275.0,93.0,2.4,8.9,12.0
2004-12-05 19:00:00,281.0,103.0,2.0,4.6,12.1
2004-12-05 20:00:00,237.0,90.0,1.5,4.4,12.5
2004-12-05 21:00:00,225.0,93.0,1.7,4.4,12.6
2004-12-05 22:00:00,143.0,72.0,1.0,2.8,12.5
2004-12-05 23:00:00,146.0,73.0,1.0,3.3,13.1
2004-12-06 00:00:00,115.0,64.0,1.0,2.3,13.2
2004-12-06 01:00:00,125.0,66.0,0.9,3.2,13.3
2004-12-06 02:00:00,150.0,71.0,1.1,3.1,13.3
2004-12-06 04:00:00,78.0,54.0,0.6,1.7,11.9
2004-12-06 05:00:00,108.0,58.0,0.7,2.3,11.8
2004-12-06 06:00:00,181.0,72.0,0.9,3.8,12.0
2004-12-06 07:00:00,302.0,89.0,1.3,6.1,12.2
2004-12-06 08:00:00,587.0,112.0,3.1,15.8,12.7
2004-12-06 09:00:00,712.0,131.0,4.9,26.4,13.4
2004-12-06 10:00:00,698.0,161.0,4.7,18.5,15.9
2004-12-06 11:00:00,576.0,135.0,3.2,13.2,18.5
2004-12-06 12:00:00,438.0,119.0,2.5,12.0,18.4
2004-12-06 13:00:00,562.0,144.0,3.8,19.9,19.4
2004-12-06 14:00:00,467.0,130.0,3.3,16.4,19.5
2004-12-06 15:00:00,323.0,109.0,2.5,13.8,20.3
2004-12-06 16:00:00,391.0,114.0,2.7,15.6,18.7
2004-12-06 17:00:00,379.0,115.0,2.9,15.7,17.3
2004-12-06 18:00:00,387.0,123.0,3.1,18.0,16.4
2004-12-06 19:00:00,433.0,138.0,4.0,17.9,15.9
2004-12-06 20:00:00,349.0,123.0,3.1,14.3,15.5
2004-12-06 21:00:00,337.0,112.0,2.7,12.8,15.3
2004-12-06 22:00:00,245.0,87.0,1.7,7.3,16.6
2004-12-06 23:00:00,236.0,79.0,1.5,5.8,14.6
2004-12-07 00:00:00,191.0,74.0,1.4,5.1,14.0
2004-12-07 01:00:00,273.0,75.0,1.4,5.5,13.0
2004-12-07 02:00:00,211.0,70.0,1.1,3.5,13.1
2004-12-07 05:00:00,126.0,63.0,0.6,2.3,12.4
2004-12-07 06:00:00,146.0,67.0,0.8,2.8,14.1
2004-12-07 07:00:00,243.0,71.0,1.0,4.3,12.9
2004-12-07 08:00:00,450.0,98.0,2.8,12.6,11.7
2004-12-07 09:00:00,499.0,114.0,3.4,16.8,12.5
2004-12-07 10:00:00,574.0,130.0,3.3,17.3,14.5
2004-12-07 11:00:00,679.0,155.0,4.1,19.8,16.9
2004-12-07 12:00:00,572.0,141.0,3.5,21.6,17.4
2004-12-07 13:00:00,396.0,118.0,3.0,18.0,18.8
2004-12-07 14:00:00,455.0,134.0,3.6,16.0,19.4
2004-12-07 15:00:00,423.0,123.0,3.0,13.7,19.2
2004-12-07 16:00:00,356.0,117.0,2.6,14.1,17.7
2004-12-07 17:00:00,350.0,110.0,2.6,13.9,16.5
2004-12-07 18:00:00,359.0,115.0,3.1,14.3,15.4
2004-12-07 19:00:00,358.0,116.0,3.2,13.3,15.2
2004-12-07 20:00:00,289.0,99.0,2.4,11.6,14.9
2004-12-07 21:00:00,359.0,115.0,2.6,11.3,14.5
2004-12-07 22:00:00,355.0,104.0,2.4,11.0,14.5
2004-12-07 23:00:00,244.0,92.0,1.8,7.7,14.6
2004-12-08 00:00:00,194.0,84.0,1.7,7.0,15.0
2004-12-08 01:00:00,176.0,81.0,1.9,7.0,14.7
2004-12-08 02:00:00,170.0,77.0,1.4,4.4,15.3
2004-12-08 04:00:00,212.0,75.0,1.7,7.9,11.6
2004-12-08 05:00:00,146.0,69.0,1.0,3.1,12.0
2004-12-08 06:00:00,177.0,67.0,0.9,3.2,11.8
2004-12-08 07:00:00,172.0,68.0,1.0,4.0,11.8
2004-12-08 08:00:00,159.0,68.0,1.0,3.2,12.8
2004-12-08 09:00:00,184.0,69.0,1.1,4.0,13.2
2004-12-08 10:00:00,310.0,81.0,1.7,7.6,13.1
2004-12-08 11:00:00,363.0,95.0,2.3,9.8,14.3
2004-12-08 12:00:00,302.0,92.0,2.1,9.5,16.0
2004-12-08 13:00:00,424.0,113.0,2.7,11.2,17.3
2004-12-08 14:00:00,258.0,98.0,2.3,6.9,17.3
2004-12-08 15:00:00,179.0,82.0,1.2,4.6,16.7
2004-12-08 16:00:00,221.0,96.0,1.4,5.5,15.4
2004-12-08 17:00:00,303.0,107.0,1.9,6.5,15.2
2004-12-08 18:00:00,429.0,119.0,2.6,10.3,16.2
2004-12-08 19:00:00,357.0,114.0,2.4,8.9,16.5
2004-12-08 20:00:00,438.0,127.0,3.5,14.0,14.6
2004-12-08 21:00:00,457.0,121.0,3.5,9.2,13.9
2004-12-08 22:00:00,355.0,109.0,2.2,8.2,13.7
2004-12-08 23:00:00,348.0,107.0,2.3,7.2,13.8
2004-12-09 00:00:00,241.0,100.0,1.9,5.5,14.2
2004-12-09 01:00:00,134.0,83.0,1.0,2.9,14.9
2004-12-09 02:00:00,94.0,66.0,0.8,2.0,14.7
2004-12-09 04:00:00,33.0,30.0,0.4,0.7,14.8
2004-12-09 05:00:00,33.0,29.0,0.4,0.7,14.4
2004-12-09 06:00:00,57.0,41.0,0.4,0.8,14.5
2004-12-09 07:00:00,112.0,63.0,0.6,1.3,14.6
2004-12-09 08:00:00,358.0,114.0,1.9,7.6,15.0
2004-12-09 09:00:00,287.0,114.0,2.0,7.4,14.5
2004-12-09 10:00:00,263.0,102.0,1.4,4.7,14.3
2004-12-09 11:00:00,282.0,101.0,1.4,5.4,14.7
2004-12-09 12:00:00,286.0,103.0,1.5,5.4,15.5
2004-12-09 13:00:00,259.0,100.0,1.6,6.0,14.9
2004-12-09 14:00:00,265.0,95.0,1.8,7.1,15.2
2004-12-09 15:00:00,249.0,99.0,1.4,5.3,15.2
2004-12-09 16:00:00,268.0,102.0,1.7,7.2,15.6
2004-12-09 17:00:00,226.0,105.0,1.7,5.7,14.8
2004-12-09 18:00:00,301.0,118.0,2.3,9.5,14.6
2004-12-09 19:00:00,388.0,135.0,3.2,12.2,15.1
2004-12-09 20:00:00,285.0,124.0,2.6,10.3,14.5
2004-12-09 21:00:00,197.0,100.0,1.6,4.5,13.4
2004-12-09 22:00:00,105.0,66.0,0.8,2.0,12.3
2004-12-09 23:00:00,88.0,57.0,0.7,1.8,12.0
2004-12-10 00:00:00,92.0,58.0,0.6,1.9,11.9
2004-12-10 01:00:00,88.0,59.0,0.7,2.7,13.7
2004-12-10 02:00:00,90.0,60.0,0.7,2.7,14.7
2004-12-10 05:00:00,31.0,27.0,0.3,0.5,12.0
2004-12-10 06:00:00,51.0,39.0,0.4,0.8,11.7
2004-12-10 07:00:00,100.0,63.0,0.5,1.4,11.5
2004-12-10 08:00:00,315.0,110.0,1.4,5.6,12.3
2004-12-10 09:00:00,417.0,128.0,2.4,10.6,12.9
2004-12-10 10:00:00,328.0,122.0,1.8,7.2,14.4
2004-12-10 11:00:00,304.0,111.0,1.5,6.2,16.2
2004-12-10 12:00:00,300.0,110.0,1.5,6.2,17.1
2004-12-10 13:00:00,306.0,114.0,1.8,8.1,18.1
2004-12-10 14:00:00,342.0,114.0,2.1,9.0,18.8
2004-12-10 15:00:00,324.0,111.0,1.7,8.4,18.1
2004-12-10 16:00:00,327.0,116.0,2.3,8.7,17.6
2004-12-10 17:00:00,404.0,148.0,2.9,11.8,16.0
2004-12-10 18:00:00,575.0,177.0,4.0,16.5,14.6
2004-12-10 19:00:00,539.0,164.0,4.2,18.7,13.7
2004-12-10 20:00:00,460.0,151.0,3.5,14.5,12.8
2004-12-10 21:00:00,386.0,147.0,2.6,8.0,12.7
2004-12-10 22:00:00,202.0,110.0,1.3,4.6,12.8
2004-12-10 23:00:00,162.0,99.0,1.0,3.4,12.6
2004-12-11 00:00:00,261.0,116.0,1.6,4.8,12.4
2004-12-11 01:00:00,263.0,121.0,1.6,4.4,12.5
2004-12-11 02:00:00,159.0,103.0,1.1,3.8,11.9
2004-12-11 04:00:00,111.0,83.0,0.8,2.7,11.5
2004-12-11 05:00:00,104.0,76.0,0.8,2.4,10.5
2004-12-11 06:00:00,221.0,107.0,1.0,4.3,7.8
2004-12-11 07:00:00,243.0,106.0,1.2,5.2,9.3
2004-12-11 08:00:00,356.0,124.0,1.7,8.4,8.2
2004-12-11 09:00:00,429.0,134.0,2.4,14.1,10.7
2004-12-11 10:00:00,518.0,147.0,2.8,13.0,14.4
2004-12-11 11:00:00,460.0,146.0,2.9,13.5,17.4
2004-12-11 12:00:00,389.0,133.0,2.6,12.5,17.8
2004-12-11 13:00:00,362.0,120.0,2.3,8.8,18.3
2004-12-11 14:00:00,337.0,117.0,2.3,9.0,18.9
2004-12-11 15:00:00,254.0,109.0,1.7,6.1,18.4
2004-12-11 16:00:00,281.0,112.0,1.8,7.8,17.8
2004-12-11 17:00:00,369.0,131.0,2.5,11.5,16.1
2004-12-11 18:00:00,350.0,133.0,2.4,10.7,14.9
2004-12-11 19:00:00,323.0,138.0,2.0,9.2,14.6
2004-12-11 20:00:00,340.0,142.0,2.3,10.9,14.2
2004-12-11 21:00:00,443.0,138.0,2.9,11.6,13.3
2004-12-11 22:00:00,292.0,118.0,2.0,9.0,11.2
2004-12-11 23:00:00,372.0,120.0,2.5,11.6,8.8
2004-12-12 00:00:00,443.0,132.0,3.0,11.7,8.6
2004-12-12 01:00:00,360.0,121.0,2.4,11.3,8.1
2004-12-12 02:00:00,401.0,117.0,2.6,10.4,6.8
2004-12-12 04:00:00,273.0,102.0,2.1,9.8,5.4
2004-12-12 05:00:00,199.0,95.0,1.7,5.8,5.6
2004-12-12 06:00:00,177.0,81.0,1.5,7.0,4.2
2004-12-12 07:00:00,206.0,95.0,1.3,4.0,4.8
2004-12-12 08:00:00,323.0,111.0,1.9,6.9,4.0
2004-12-12 09:00:00,392.0,118.0,2.0,7.7,4.9
2004-12-12 10:00:00,420.0,130.0,2.7,9.9,9.4
2004-12-12 11:00:00,333.0,116.0,2.4,8.9,12.6
2004-12-12 12:00:00,395.0,128.0,2.7,11.3,14.4
2004-12-12 13:00:00,478.0,156.0,3.2,13.7,15.1
2004-12-12 14:00:00,470.0,169.0,3.4,12.7,16.0
2004-12-12 15:00:00,508.0,168.0,3.2,14.5,17.5
2004-12-12 16:00:00,596.0,178.0,4.3,18.4,17.2
2004-12-12 17:00:00,694.0,178.0,5.0,22.0,14.3
2004-12-12 18:00:00,968.0,188.0,6.3,25.4,12.2
2004-12-12 19:00:00,658.0,169.0,4.6,16.4,11.6
2004-12-12 20:00:00,409.0,133.0,3.1,12.4,11.3
2004-12-12 21:00:00,345.0,125.0,2.6,9.6,10.6
2004-12-12 22:00:00,230.0,110.0,2.1,7.1,9.6
2004-12-12 23:00:00,285.0,112.0,2.1,7.2,8.7
2004-12-13 00:00:00,310.0,112.0,2.5,9.3,7.9
2004-12-13 01:00:00,224.0,102.0,2.0,5.9,7.9
2004-12-13 02:00:00,213.0,90.0,1.8,5.9,6.7
2004-12-13 05:00:00,91.0,64.0,0.7,1.8,6.4
2004-12-13 06:00:00,178.0,81.0,0.9,3.1,6.4
2004-12-13 07:00:00,351.0,106.0,1.5,6.8,5.6
2004-12-13 08:00:00,587.0,140.0,3.4,16.4,6.4
2004-12-13 09:00:00,475.0,138.0,3.4,16.7,7.3
2004-12-13 10:00:00,576.0,165.0,3.2,17.3,9.6
2004-12-13 11:00:00,920.0,214.0,4.8,22.4,12.0
2004-12-13 12:00:00,710.0,178.0,3.5,17.9,12.7
2004-12-13 13:00:00,696.0,187.0,4.1,22.4,13.9
2004-12-13 14:00:00,744.0,203.0,4.8,23.3,15.0
2004-12-13 15:00:00,743.0,204.0,4.4,28.0,16.0
2004-12-13 16:00:00,801.0,198.0,4.5,30.1,16.0
2004-12-13 17:00:00,1014.0,218.0,5.9,33.4,14.1
2004-12-13 18:00:00,1479.0,269.0,9.9,50.8,12.6
2004-12-13 19:00:00,1018.0,217.0,6.9,35.6,11.7
2004-12-13 20:00:00,729.0,183.0,4.3,21.5,11.5
2004-12-13 21:00:00,508.0,147.0,2.9,15.5,10.6
2004-12-13 22:00:00,347.0,120.0,2.0,10.9,10.1
2004-12-13 23:00:00,327.0,112.0,1.7,8.7,9.0
2004-12-14 00:00:00,339.0,107.0,1.9,7.4,8.6
2004-12-14 01:00:00,358.0,103.0,2.0,9.9,7.6
2004-12-14 02:00:00,377.0,97.0,1.9,8.2,6.9
2004-12-14 04:00:00,165.0,74.0,0.8,3.2,6.8
2004-12-14 05:00:00,145.0,68.0,0.7,3.0,6.6
2004-12-14 06:00:00,282.0,92.0,1.1,5.4,6.0
2004-12-14 07:00:00,494.0,111.0,1.7,8.7,6.0
2004-12-14 08:00:00,606.0,133.0,3.1,15.4,6.9
2004-12-14 09:00:00,581.0,139.0,4.4,27.2,7.6
2004-12-14 10:00:00,920.0,192.0,5.6,30.7,9.3
2004-12-14 11:00:00,811.0,192.0,4.4,24.3,11.7
2004-12-14 12:00:00,786.0,206.0,4.4,21.7,12.9
2004-12-14 13:00:00,677.0,182.0,4.7,25.8,14.0
2004-12-14 14:00:00,612.0,192.0,4.2,21.8,15.1
2004-12-14 15:00:00,524.0,188.0,3.3,20.6,16.7
2004-12-14 16:00:00,775.0,186.0,5.1,27.2,16.8
2004-12-17 20:00:00,403.0,130.0,3.3,16.4,13.3
2004-12-17 21:00:00,412.0,137.0,3.1,13.4,13.2
2004-12-17 22:00:00,322.0,125.0,2.4,8.2,12.6
2004-12-17 23:00:00,200.0,106.0,1.4,5.7,12.6
2004-12-18 00:00:00,244.0,121.0,2.1,7.0,12.9
2004-12-18 01:00:00,199.0,101.0,1.4,5.6,13.1
2004-12-18 02:00:00,190.0,100.0,1.4,5.1,12.4
2004-12-18 04:00:00,153.0,86.0,1.0,4.2,11.8
2004-12-18 05:00:00,215.0,90.0,1.3,6.1,10.8
2004-12-18 06:00:00,206.0,89.0,1.0,5.2,10.4
2004-12-18 07:00:00,225.0,96.0,1.1,5.4,10.0
2004-12-18 08:00:00,416.0,125.0,2.1,11.0,9.4
2004-12-18 09:00:00,613.0,143.0,3.2,16.1,9.3
2004-12-18 10:00:00,567.0,153.0,3.3,15.7,12.6
2004-12-18 11:00:00,409.0,140.0,2.3,8.8,16.1
2004-12-18 12:00:00,183.0,92.0,1.0,3.9,16.6
2004-12-18 13:00:00,140.0,78.0,0.8,3.8,15.9
2004-12-18 14:00:00,133.0,68.0,0.8,3.3,14.3
2004-12-18 15:00:00,115.0,64.0,0.6,2.4,15.0
2004-12-18 16:00:00,157.0,80.0,0.9,3.6,14.9
2004-12-18 17:00:00,149.0,81.0,0.8,3.5,13.2
2004-12-18 18:00:00,219.0,102.0,1.2,4.6,12.4
2004-12-18 19:00:00,424.0,132.0,2.1,9.9,11.9
2004-12-18 20:00:00,659.0,162.0,3.9,19.0,11.1
2004-12-18 21:00:00,727.0,179.0,4.4,17.2,10.1
2004-12-18 22:00:00,398.0,148.0,2.0,8.4,10.2
2004-12-18 23:00:00,414.0,146.0,2.3,11.4,9.4
2004-12-19 00:00:00,600.0,164.0,3.6,15.6,7.9
2004-12-19 01:00:00,596.0,162.0,3.9,13.0,7.6
2004-12-19 02:00:00,225.0,118.0,1.6,6.2,6.4
2004-12-19 05:00:00,126.0,79.0,1.0,3.0,3.3
2004-12-19 06:00:00,83.0,62.0,0.8,2.4,4.8
2004-12-19 07:00:00,156.0,85.0,0.7,3.1,2.2
2004-12-19 08:00:00,240.0,110.0,1.0,3.8,2.5
2004-12-19 09:00:00,186.0,99.0,1.0,3.2,3.2
2004-12-19 10:00:00,224.0,101.0,1.5,6.2,5.0
2004-12-19 11:00:00,386.0,129.0,2.5,9.6,5.8
2004-12-19 12:00:00,397.0,132.0,2.6,9.6,6.0
2004-12-19 13:00:00,477.0,148.0,3.2,12.5,7.4
2004-12-19 14:00:00,405.0,134.0,3.0,12.5,5.2
2004-12-19 15:00:00,453.0,148.0,3.4,14.0,4.8
2004-12-19 16:00:00,459.0,146.0,3.3,11.6,4.7
2004-12-19 17:00:00,452.0,148.0,3.6,13.0,4.7
2004-12-19 18:00:00,579.0,175.0,5.5,17.3,4.7
2004-12-19 19:00:00,542.0,170.0,4.5,14.6,5.2
2004-12-19 20:00:00,601.0,173.0,4.7,16.2,5.5
2004-12-19 21:00:00,521.0,151.0,4.3,13.8,5.8
2004-12-19 22:00:00,411.0,129.0,3.2,10.6,6.2
2004-12-19 23:00:00,382.0,126.0,2.9,9.1,6.6
2004-12-20 00:00:00,421.0,127.0,3.1,9.7,6.8
2004-12-20 01:00:00,362.0,118.0,2.8,7.0,8.2
2004-12-20 02:00:00,104.0,83.0,1.2,2.8,9.7
2004-12-20 04:00:00,69.0,60.0,0.8,1.4,9.3
2004-12-20 05:00:00,41.0,37.0,0.6,0.8,8.8
2004-12-20 06:00:00,46.0,39.0,0.6,0.7,8.6
2004-12-20 07:00:00,118.0,70.0,1.0,2.6,9.2
2004-12-20 08:00:00,295.0,108.0,3.2,5.3,8.4
2004-12-20 09:00:00,311.0,119.0,3.6,7.1,8.5
2004-12-20 10:00:00,269.0,111.0,2.9,5.0,8.9
2004-12-20 11:00:00,225.0,106.0,2.4,3.8,9.2
2004-12-20 12:00:00,220.0,105.0,2.5,4.5,9.6
2004-12-20 13:00:00,216.0,114.0,2.6,4.7,9.6
2004-12-20 14:00:00,162.0,93.0,2.3,3.9,9.7
2004-12-20 15:00:00,152.0,89.0,2.2,3.8,9.4
2004-12-20 16:00:00,183.0,102.0,2.3,5.2,9.8
2004-12-20 17:00:00,254.0,129.0,2.9,6.8,8.9
2004-12-20 18:00:00,355.0,151.0,4.1,11.9,8.4
2004-12-20 19:00:00,341.0,151.0,4.1,10.8,8.0
2004-12-20 20:00:00,341.0,149.0,4.0,11.5,7.9
2004-12-20 21:00:00,342.0,149.0,3.7,7.6,7.8
2004-12-20 22:00:00,186.0,114.0,1.7,3.1,7.3
2004-12-20 23:00:00,170.0,104.0,1.1,3.6,7.4
2004-12-21 00:00:00,169.0,104.0,1.1,3.6,7.1
2004-12-21 01:00:00,246.0,127.0,1.5,4.3,6.4
2004-12-21 02:00:00,63.0,53.0,0.5,0.7,5.6
2004-12-21 04:00:00,44.0,39.0,0.2,0.5,5.3
2004-12-21 05:00:00,54.0,41.0,0.3,0.7,4.7
2004-12-21 06:00:00,176.0,97.0,0.6,2.2,4.3
2004-12-21 07:00:00,236.0,120.0,0.7,2.6,4.9
2004-12-21 08:00:00,613.0,167.0,2.6,13.4,5.1
2004-12-21 09:00:00,755.0,198.0,5.5,23.5,6.5
2004-12-21 10:00:00,460.0,157.0,2.6,9.4,7.4
2004-12-21 11:00:00,280.0,125.0,1.5,6.3,7.9
2004-12-21 12:00:00,322.0,135.0,1.7,6.7,7.8
2004-12-21 13:00:00,349.0,138.0,2.2,9.7,8.7
2004-12-21 14:00:00,297.0,132.0,2.1,7.8,8.5
2004-12-21 15:00:00,353.0,142.0,2.2,7.7,8.9
2004-12-21 16:00:00,316.0,137.0,2.3,8.6,8.8
2004-12-21 17:00:00,348.0,145.0,2.5,10.7,7.9
2004-12-21 18:00:00,445.0,166.0,3.1,16.7,7.6
2004-12-21 19:00:00,457.0,165.0,3.6,15.5,6.9
2004-12-21 20:00:00,516.0,175.0,3.9,18.3,6.5
2004-12-21 21:00:00,575.0,185.0,4.0,13.8,6.3
2004-12-21 22:00:00,449.0,166.0,2.3,9.3,5.9
2004-12-21 23:00:00,289.0,140.0,1.5,5.8,5.8
2004-12-22 00:00:00,268.0,133.0,1.5,6.6,5.8
2004-12-22 01:00:00,343.0,144.0,2.2,7.6,5.6
2004-12-22 02:00:00,222.0,126.0,1.3,5.0,5.3
2004-12-22 05:00:00,89.0,70.0,0.5,1.5,5.2
2004-12-22 06:00:00,103.0,74.0,0.5,1.7,4.7
2004-12-22 07:00:00,254.0,124.0,0.9,3.8,4.5
2004-12-22 08:00:00,481.0,152.0,2.0,8.8,4.5
2004-12-22 09:00:00,638.0,174.0,3.2,12.5,4.8
2004-12-22 10:00:00,492.0,161.0,2.3,8.7,7.8
2004-12-22 11:00:00,413.0,120.0,1.8,7.5,9.3
2004-12-22 12:00:00,364.0,111.0,2.1,8.2,10.0
2004-12-22 13:00:00,299.0,128.0,1.9,8.5,10.3
2004-12-22 14:00:00,342.0,133.0,2.4,8.1,9.8
2004-12-22 15:00:00,309.0,121.0,2.1,6.7,9.8
2004-12-22 16:00:00,367.0,147.0,2.8,9.0,9.6
2004-12-22 17:00:00,357.0,136.0,3.3,11.3,8.1
2004-12-22 18:00:00,345.0,153.0,2.9,9.9,6.8
2004-12-22 19:00:00,483.0,178.0,3.9,13.6,6.4
2004-12-22 20:00:00,480.0,174.0,4.1,15.4,5.9
2004-12-22 21:00:00,427.0,166.0,3.3,11.4,5.1
2004-12-22 22:00:00,504.0,169.0,3.3,11.2,4.8
2004-12-22 23:00:00,248.0,132.0,1.9,5.7,4.5
2004-12-23 00:00:00,241.0,127.0,2.0,5.4,5.2
2004-12-23 01:00:00,210.0,113.0,1.9,5.5,4.3
2004-12-23 02:00:00,292.0,128.0,2.1,5.2,3.0
2004-12-23 04:00:00,129.0,85.0,1.3,3.1,1.5
2004-12-23 05:00:00,106.0,77.0,1.1,1.6,4.0
2004-12-23 06:00:00,125.0,78.0,1.2,2.5,2.8
2004-12-23 07:00:00,267.0,115.0,1.8,5.3,1.2
2004-12-23 08:00:00,543.0,169.0,3.6,13.4,1.4
2004-12-23 09:00:00,496.0,174.0,3.7,15.0,2.2
2004-12-23 10:00:00,491.0,171.0,3.4,12.8,4.3
2004-12-23 11:00:00,667.0,179.0,4.0,15.9,6.6
2004-12-23 12:00:00,693.0,193.0,3.8,15.9,8.0
2004-12-23 13:00:00,707.0,210.0,4.1,16.3,9.1
2004-12-23 14:00:00,777.0,224.0,4.9,18.6,10.0
2004-12-23 15:00:00,512.0,175.0,3.3,12.8,11.0
2004-12-23 16:00:00,587.0,177.0,4.3,17.9,11.3
2004-12-23 17:00:00,864.0,208.0,6.6,29.0,9.4
2004-12-23 18:00:00,1089.0,247.0,8.5,33.1,8.0
2004-12-23 19:00:00,1070.0,242.0,8.7,36.1,7.1
2004-12-23 20:00:00,1220.0,252.0,9.1,36.3,6.2
2004-12-23 21:00:00,1076.0,228.0,7.2,26.3,6.3
2004-12-23 22:00:00,825.0,196.0,5.0,20.6,6.2
2004-12-23 23:00:00,740.0,190.0,4.2,17.0,6.1
2004-12-24 00:00:00,759.0,187.0,4.6,17.2,6.0
2004-12-24 01:00:00,610.0,174.0,3.9,14.6,5.1
2004-12-24 02:00:00,465.0,158.0,3.4,12.1,5.1
2004-12-24 04:00:00,288.0,132.0,2.4,8.7,4.2
2004-12-24 05:00:00,251.0,121.0,2.5,8.8,4.3
2004-12-24 06:00:00,351.0,136.0,3.5,8.2,4.8
2004-12-24 07:00:00,379.0,138.0,3.9,9.5,5.3
2004-12-24 08:00:00,539.0,149.0,4.8,14.6,5.7
2004-12-24 09:00:00,706.0,165.0,6.1,20.4,6.1
2004-12-24 10:00:00,750.0,170.0,6.6,18.8,6.7
2004-12-24 11:00:00,747.0,165.0,6.5,18.8,7.2
2004-12-24 12:00:00,670.0,167.0,6.0,18.5,8.0
2004-12-24 13:00:00,772.0,197.0,6.9,24.8,9.8
2004-12-24 14:00:00,792.0,217.0,7.9,22.9,10.5
2004-12-24 15:00:00,626.0,204.0,6.1,16.9,10.8
2004-12-24 16:00:00,678.0,193.0,6.7,22.2,10.6
2004-12-24 17:00:00,706.0,192.0,6.8,21.5,10.4
2004-12-24 18:00:00,668.0,175.0,6.7,21.5,10.2
2004-12-25 00:00:00,567.0,169.0,5.9,15.6,9.4
2004-12-25 01:00:00,527.0,164.0,5.6,14.2,9.6
2004-12-25 02:00:00,503.0,154.0,5.5,13.5,9.5
2004-12-25 05:00:00,274.0,119.0,2.2,8.6,9.0
2004-12-25 06:00:00,231.0,106.0,2.0,8.6,8.9
2004-12-25 07:00:00,268.0,111.0,2.2,9.1,8.9
2004-12-25 08:00:00,281.0,122.0,2.0,8.6,9.1
2004-12-25 09:00:00,340.0,121.0,2.5,9.4,9.0
2004-12-25 10:00:00,406.0,136.0,3.0,11.0,9.8
2004-12-25 11:00:00,379.0,138.0,2.8,10.6,10.2
2004-12-25 12:00:00,436.0,147.0,3.4,13.2,10.7
2004-12-25 13:00:00,602.0,178.0,5.5,18.1,11.4
2004-12-25 14:00:00,507.0,176.0,4.0,13.2,12.2
2004-12-25 15:00:00,266.0,159.0,2.4,9.7,12.1
2004-12-25 16:00:00,335.0,168.0,3.1,13.3,11.7
2004-12-25 17:00:00,464.0,181.0,4.0,15.4,11.4
2004-12-25 18:00:00,527.0,184.0,4.6,17.8,11.2
2004-12-25 19:00:00,592.0,170.0,4.8,18.0,10.9
2004-12-25 20:00:00,821.0,174.0,6.2,21.3,11.3
2004-12-25 21:00:00,538.0,136.0,4.6,14.5,10.3
2004-12-25 22:00:00,513.0,127.0,4.5,15.8,10.4
2004-12-25 23:00:00,514.0,125.0,4.2,13.1,11.0
2004-12-26 00:00:00,345.0,121.0,2.6,7.7,11.7
2004-12-26 01:00:00,231.0,117.0,1.6,6.0,11.6
2004-12-26 02:00:00,166.0,108.0,1.3,3.5,11.3
2004-12-26 04:00:00,61.0,55.0,0.5,1.2,10.8
2004-12-26 05:00:00,49.0,46.0,0.4,0.8,10.7
2004-12-26 06:00:00,54.0,46.0,0.3,0.7,10.9
2004-12-26 07:00:00,78.0,67.0,0.4,0.9,10.7
2004-12-26 08:00:00,136.0,90.0,0.6,1.8,10.5
2004-12-26 09:00:00,198.0,117.0,0.9,2.5,10.4
2004-12-26 10:00:00,211.0,118.0,1.1,3.1,10.6
2004-12-26 11:00:00,183.0,112.0,1.0,3.5,11.5
2004-12-26 12:00:00,277.0,134.0,1.6,5.7,12.8
2004-12-26 13:00:00,267.0,127.0,1.8,5.8,13.9
2004-12-26 14:00:00,123.0,88.0,1.0,2.7,14.9
2004-12-26 15:00:00,68.0,57.0,0.8,2.2,14.8
2004-12-26 16:00:00,186.0,99.0,1.4,5.8,13.6
2004-12-26 17:00:00,321.0,129.0,2.1,6.9,13.6
2004-12-26 18:00:00,343.0,137.0,2.3,9.1,13.5
2004-12-26 19:00:00,550.0,146.0,3.5,14.0,12.3
2004-12-26 20:00:00,598.0,139.0,3.8,13.1,11.7
2004-12-26 21:00:00,390.0,128.0,2.4,7.2,11.8
2004-12-26 22:00:00,159.0,106.0,1.0,3.8,11.8
2004-12-26 23:00:00,193.0,114.0,1.3,5.2,12.0
2004-12-27 00:00:00,316.0,137.0,2.3,7.4,11.2
2004-12-27 01:00:00,199.0,114.0,1.5,3.9,11.5
2004-12-27 02:00:00,134.0,92.0,1.1,2.7,11.6
2004-12-27 04:00:00,63.0,55.0,0.7,1.3,11.7
2004-12-27 05:00:00,50.0,46.0,0.4,0.7,11.9
2004-12-27 06:00:00,93.0,67.0,0.5,1.4,12.5
2004-12-27 07:00:00,161.0,95.0,0.8,3.0,12.3
2004-12-27 08:00:00,368.0,133.0,1.9,9.1,11.5
2004-12-27 09:00:00,344.0,138.0,2.3,10.0,12.5
2004-12-27 10:00:00,288.0,127.0,1.9,8.6,12.9
2004-12-27 11:00:00,244.0,119.0,1.6,6.4,13.5
2004-12-27 12:00:00,224.0,113.0,1.4,6.2,13.4
2004-12-27 13:00:00,206.0,109.0,1.5,5.7,14.4
2004-12-27 14:00:00,163.0,97.0,1.4,5.0,15.0
2004-12-27 15:00:00,296.0,117.0,2.0,8.0,12.4
2004-12-27 16:00:00,386.0,132.0,2.5,10.5,12.8
2004-12-27 17:00:00,262.0,117.0,2.2,6.9,13.3
2004-12-27 18:00:00,212.0,110.0,2.0,7.8,13.4
2004-12-27 19:00:00,245.0,119.0,2.1,8.0,13.3
2004-12-27 20:00:00,263.0,116.0,2.1,8.1,12.9
2004-12-27 21:00:00,300.0,123.0,2.1,7.5,12.4
2004-12-27 22:00:00,242.0,117.0,1.6,6.0,12.1
2004-12-27 23:00:00,152.0,100.0,1.1,3.2,11.3
2004-12-28 00:00:00,165.0,101.0,1.2,4.1,11.0
2005-01-01 01:00:00,215.0,106.0,1.6,8.8,5.3
2005-01-01 02:00:00,300.0,129.0,2.5,7.5,5.9
2005-01-01 04:00:00,253.0,126.0,1.9,5.6,4.3
2005-01-01 05:00:00,181.0,106.0,1.4,4.8,4.2
2005-01-01 06:00:00,171.0,99.0,1.5,5.3,3.5
2005-01-01 07:00:00,168.0,97.0,1.4,4.5,3.0
2005-01-01 08:00:00,169.0,94.0,1.1,3.0,2.6
2005-01-01 09:00:00,145.0,86.0,1.0,3.0,3.9
2005-01-01 10:00:00,190.0,97.0,1.2,4.7,4.7
2005-01-01 11:00:00,225.0,113.0,1.7,5.4,6.8
2005-01-01 12:00:00,261.0,125.0,2.3,7.4,8.6
2005-01-01 13:00:00,382.0,147.0,2.2,8.4,9.5
2005-01-01 14:00:00,357.0,153.0,2.4,8.9,10.9
2005-01-01 15:00:00,299.0,147.0,2.2,7.9,12.5
2005-01-01 16:00:00,313.0,139.0,2.1,7.7,12.8
2005-01-01 17:00:00,510.0,165.0,3.0,12.1,10.9
2005-01-01 18:00:00,832.0,191.0,4.7,16.6,9.0
2005-01-01 19:00:00,622.0,172.0,3.6,11.4,8.1
2005-01-01 20:00:00,402.0,151.0,2.5,7.9,7.8
2005-01-01 21:00:00,334.0,137.0,2.3,8.1,6.2
2005-01-01 22:00:00,295.0,130.0,2.1,6.4,5.7
2005-01-01 23:00:00,222.0,115.0,1.7,5.2,5.6
2005-01-02 00:00:00,230.0,112.0,1.8,5.2,4.7
2005-01-02 01:00:00,195.0,105.0,1.6,4.3,4.5
2005-01-02 02:00:00,167.0,96.0,1.3,3.6,4.5
2005-01-02 04:00:00,148.0,87.0,1.3,3.3,3.2
2005-01-02 05:00:00,123.0,75.0,1.1,2.7,3.1
2005-01-02 06:00:00,148.0,82.0,1.0,2.4,2.4
2005-01-02 07:00:00,143.0,83.0,1.0,2.6,3.1
2005-01-02 08:00:00,180.0,88.0,1.2,3.4,2.1
2005-01-02 09:00:00,226.0,106.0,1.3,3.9,3.3
2005-01-02 10:00:00,254.0,112.0,1.6,4.9,4.1
2005-01-02 11:00:00,372.0,141.0,2.2,7.5,6.6
2005-01-02 12:00:00,379.0,148.0,2.2,7.1,8.0
2005-01-02 13:00:00,478.0,171.0,2.8,9.6,10.3
2005-01-02 14:00:00,344.0,160.0,2.1,6.5,12.3
2005-01-02 15:00:00,258.0,137.0,1.6,5.5,13.5
2005-01-02 16:00:00,474.0,167.0,2.8,10.5,13.4
2005-01-02 17:00:00,438.0,164.0,2.6,8.9,9.9
2005-01-02 18:00:00,451.0,166.0,2.8,8.8,8.9
2005-01-02 19:00:00,473.0,167.0,2.9,10.5,8.9
2005-01-02 20:00:00,560.0,174.0,3.4,13.0,8.3
2005-01-05 01:00:00,226.0,120.0,1.7,5.6,9.5
2005-01-05 02:00:00,259.0,119.0,1.9,8.1,9.1
2005-01-05 04:00:00,260.0,111.0,2.0,7.7,7.9
2005-01-05 05:00:00,242.0,109.0,1.7,6.8,7.6
2005-01-05 06:00:00,267.0,110.0,1.8,8.1,7.5
2005-01-05 07:00:00,411.0,126.0,2.2,11.1,7.9
2005-01-05 08:00:00,670.0,148.0,3.7,16.4,8.6
2005-01-05 09:00:00,830.0,162.0,4.8,21.6,9.1
2005-01-05 10:00:00,845.0,173.0,4.8,19.3,9.8
2005-01-05 11:00:00,992.0,198.0,5.2,22.9,11.2
2005-01-05 12:00:00,1130.0,219.0,5.9,25.3,12.8
2005-01-05 13:00:00,977.0,206.0,5.9,25.2,13.4
2005-01-05 14:00:00,459.0,155.0,3.1,13.2,14.3
2005-01-05 15:00:00,346.0,150.0,2.6,13.9,14.6
2005-01-05 16:00:00,383.0,148.0,2.8,13.8,14.2
2005-01-05 17:00:00,414.0,158.0,2.8,13.5,13.8
2005-01-05 18:00:00,370.0,152.0,2.8,13.5,13.6
2005-01-05 19:00:00,400.0,148.0,3.1,15.0,13.4
2005-01-05 20:00:00,378.0,147.0,3.3,14.9,13.5
2005-01-05 21:00:00,357.0,144.0,2.7,11.9,13.4
2005-01-05 22:00:00,333.0,144.0,2.3,9.2,13.2
2005-01-05 23:00:00,227.0,126.0,1.6,6.0,13.2
2005-01-06 00:00:00,203.0,115.0,1.6,5.6,12.5
2005-01-06 01:00:00,210.0,116.0,1.7,5.4,12.3
2005-01-06 02:00:00,198.0,112.0,1.6,5.4,12.5
2005-01-06 05:00:00,89.0,67.0,0.9,3.4,10.7
2005-01-06 06:00:00,101.0,72.0,0.8,1.8,12.4
2005-01-06 07:00:00,104.0,69.0,0.7,2.6,12.3
2005-01-06 08:00:00,192.0,107.0,1.1,4.0,11.4
2005-01-06 09:00:00,237.0,117.0,1.5,6.2,11.1
2005-01-06 10:00:00,211.0,115.0,1.5,5.8,13.4
2005-01-06 11:00:00,230.0,120.0,1.6,6.3,15.9
2005-01-06 12:00:00,240.0,128.0,1.6,5.9,15.6
2005-01-06 13:00:00,295.0,138.0,2.0,8.5,16.3
2005-01-06 14:00:00,243.0,127.0,1.7,6.2,16.5
2005-01-06 15:00:00,196.0,111.0,1.5,6.4,16.3
2005-01-06 16:00:00,237.0,122.0,2.0,7.9,16.2
2005-01-06 17:00:00,274.0,134.0,1.9,7.7,15.6
2005-01-06 18:00:00,352.0,153.0,2.1,8.9,14.5
2005-01-06 19:00:00,488.0,169.0,2.8,12.4,14.0
2005-01-06 20:00:00,426.0,162.0,2.7,11.3,13.5
2005-01-06 21:00:00,376.0,152.0,2.4,8.4,12.6
2005-01-06 22:00:00,237.0,127.0,1.6,7.3,12.0
2005-01-06 23:00:00,199.0,112.0,1.7,5.9,10.5
2005-01-07 00:00:00,164.0,98.0,1.3,4.3,10.0
2005-01-07 01:00:00,142.0,89.0,1.4,3.6,9.8
2005-01-07 02:00:00,142.0,82.0,1.2,3.1,8.0
2005-01-07 04:00:00,127.0,77.0,1.0,2.5,7.0
2005-01-07 05:00:00,73.0,55.0,0.6,1.4,7.2
2005-01-07 06:00:00,100.0,63.0,0.7,1.8,6.7
2005-01-07 07:00:00,126.0,69.0,1.0,3.1,6.4
2005-01-07 08:00:00,284.0,99.0,1.7,7.6,6.0
2005-01-07 09:00:00,419.0,125.0,3.0,15.3,6.3
2005-01-07 10:00:00,432.0,123.0,2.4,9.3,7.7
2005-01-07 11:00:00,310.0,128.0,2.2,11.0,10.2
2005-01-07 12:00:00,446.0,149.0,2.6,10.6,11.3
2005-01-07 13:00:00,464.0,137.0,2.5,11.4,10.6
2005-01-07 14:00:00,505.0,147.0,3.0,13.1,11.1
2005-01-07 15:00:00,564.0,168.0,3.3,14.8,12.6
2005-01-07 16:00:00,625.0,180.0,3.8,16.5,13.3
2005-01-07 17:00:00,590.0,170.0,3.6,16.5,11.2
2005-01-07 18:00:00,712.0,180.0,5.0,21.5,8.8
2005-01-07 19:00:00,723.0,178.0,5.7,22.2,7.2
2005-01-07 20:00:00,707.0,159.0,5.0,20.5,6.5
2005-01-07 21:00:00,737.0,156.0,4.8,17.7,5.8
2005-01-07 22:00:00,646.0,146.0,3.9,15.4,5.5
2005-01-07 23:00:00,536.0,132.0,3.3,11.6,5.8
2005-01-08 00:00:00,567.0,137.0,3.4,13.0,5.4
2005-01-08 01:00:00,357.0,114.0,2.4,6.7,6.4
2005-01-08 02:00:00,187.0,95.0,1.4,4.6,7.0
2005-01-08 04:00:00,169.0,88.0,1.2,3.4,7.9
2005-01-08 05:00:00,184.0,94.0,1.2,3.4,7.4
2005-01-08 06:00:00,205.0,97.0,1.2,3.6,7.7
2005-01-08 07:00:00,213.0,93.0,1.3,4.5,8.1
2005-01-08 08:00:00,415.0,113.0,2.3,10.0,6.7
2005-01-08 09:00:00,583.0,126.0,3.4,14.7,6.8
2005-01-08 10:00:00,462.0,133.0,3.0,11.3,8.9
2005-01-08 11:00:00,387.0,141.0,2.5,10.4,11.6
2005-01-08 12:00:00,414.0,139.0,2.7,11.2,13.5
2005-01-08 13:00:00,440.0,147.0,2.8,13.1,13.8
2005-01-08 14:00:00,516.0,175.0,3.6,14.3,13.4
2005-01-08 15:00:00,495.0,180.0,3.1,12.8,12.9
2005-01-08 16:00:00,643.0,194.0,4.3,18.9,13.3
2005-01-08 17:00:00,725.0,192.0,4.6,17.9,13.0
2005-01-08 18:00:00,683.0,188.0,4.3,16.5,12.5
2005-01-08 19:00:00,681.0,179.0,4.3,16.9,12.2
2005-01-08 20:00:00,833.0,196.0,5.5,22.4,12.6
2005-01-08 21:00:00,514.0,169.0,3.4,13.6,13.3
2005-01-08 22:00:00,371.0,151.0,2.4,9.1,13.5
2005-01-08 23:00:00,213.0,123.0,1.6,6.0,14.1
2005-01-09 00:00:00,242.0,127.0,1.7,6.3,14.0
2005-01-09 01:00:00,241.0,127.0,1.6,5.5,13.5
2005-01-09 02:00:00,218.0,118.0,1.3,5.6,13.2
2005-01-09 05:00:00,54.0,44.0,0.6,1.8,13.5
2005-01-09 06:00:00,60.0,46.0,0.6,1.6,12.5
2005-01-09 07:00:00,55.0,46.0,0.5,1.6,13.2
2005-01-09 08:00:00,93.0,61.0,0.6,2.0,13.1
2005-01-09 09:00:00,81.0,60.0,0.7,1.9,13.8
2005-01-09 10:00:00,109.0,71.0,0.9,3.5,13.7
2005-01-09 11:00:00,251.0,111.0,1.5,5.7,14.0
2005-01-09 12:00:00,284.0,127.0,1.9,8.1,15.0
2005-01-09 13:00:00,262.0,128.0,1.9,8.1,16.9
2005-01-09 14:00:00,256.0,142.0,2.2,12.6,16.6
2005-01-09 15:00:00,310.0,145.0,3.8,18.1,16.4
2005-01-09 16:00:00,269.0,145.0,2.0,8.7,16.1
2005-01-09 17:00:00,348.0,156.0,2.2,8.8,15.7
2005-01-09 18:00:00,396.0,154.0,3.3,14.1,15.4
2005-01-09 19:00:00,432.0,165.0,2.7,9.3,15.2
2005-01-09 20:00:00,419.0,153.0,2.6,11.6,14.7
2005-01-09 21:00:00,412.0,151.0,2.5,9.6,14.4
2005-01-09 22:00:00,223.0,131.0,1.5,5.8,14.3
2005-01-09 23:00:00,242.0,128.0,1.9,7.5,14.0
2005-01-10 00:00:00,288.0,137.0,2.0,7.4,13.7
2005-01-10 01:00:00,209.0,119.0,1.7,7.4,13.1
2005-01-10 02:00:00,141.0,96.0,1.2,3.9,13.2
2005-01-10 04:00:00,66.0,60.0,0.6,1.3,12.9
2005-01-10 07:00:00,303.0,104.0,0.4,6.7,12.3
2005-01-10 08:00:00,620.0,137.0,2.6,21.0,12.8
2005-01-10 09:00:00,590.0,146.0,3.5,21.4,13.1
2005-01-10 10:00:00,592.0,136.0,2.1,16.1,12.8
2005-01-10 11:00:00,698.0,144.0,2.1,16.4,13.1
2005-01-10 12:00:00,482.0,133.0,1.7,14.8,13.7
2005-01-10 13:00:00,575.0,148.0,2.6,20.1,14.0
2005-01-10 14:00:00,548.0,155.0,2.6,19.3,14.4
2005-01-10 15:00:00,498.0,152.0,2.4,19.3,14.1
2005-01-10 16:00:00,479.0,145.0,2.4,17.4,14.1
2005-01-10 17:00:00,420.0,139.0,2.0,17.0,14.1
2005-01-10 18:00:00,378.0,134.0,2.0,17.1,14.0
2005-01-10 19:00:00,340.0,128.0,3.1,16.4,13.8
2005-01-10 20:00:00,399.0,135.0,3.3,17.3,13.4
2005-01-10 21:00:00,449.0,136.0,3.3,14.6,13.2
2005-01-10 22:00:00,374.0,126.0,2.6,11.9,13.0
2005-01-10 23:00:00,244.0,116.0,1.7,7.3,12.7
2005-01-11 00:00:00,256.0,116.0,1.8,7.7,12.0
2005-01-11 01:00:00,212.0,107.0,1.5,4.9,13.2
2005-01-11 02:00:00,146.0,91.0,1.1,3.9,12.4
2005-01-11 04:00:00,96.0,70.0,0.7,2.9,11.8
2005-01-11 05:00:00,106.0,78.0,0.7,2.6,12.3
2005-01-11 06:00:00,115.0,75.0,0.9,3.3,12.0
2005-01-11 07:00:00,236.0,101.0,1.3,5.2,11.7
2005-01-11 08:00:00,583.0,136.0,3.2,19.0,12.1
2005-01-11 09:00:00,662.0,147.0,5.1,26.5,12.5
2005-01-11 10:00:00,528.0,143.0,3.7,15.3,12.8
2005-01-11 11:00:00,549.0,153.0,3.2,15.6,13.4
2005-01-11 12:00:00,531.0,148.0,3.1,16.4,13.4
2005-01-11 13:00:00,493.0,149.0,3.0,16.1,13.6
2005-01-11 14:00:00,527.0,141.0,3.6,18.8,13.8
2005-01-11 15:00:00,487.0,147.0,3.2,18.0,13.7
2005-01-11 16:00:00,581.0,159.0,3.9,20.1,13.6
2005-01-11 17:00:00,531.0,152.0,3.4,17.6,13.4
2005-01-11 18:00:00,495.0,144.0,3.9,19.3,13.3
2005-01-11 19:00:00,487.0,146.0,3.6,19.7,13.2
2005-01-11 20:00:00,596.0,162.0,4.7,24.5,12.9
2005-01-11 21:00:00,595.0,156.0,4.1,18.4,12.6
2005-01-11 22:00:00,559.0,146.0,3.4,16.6,12.0
2005-01-11 23:00:00,586.0,151.0,3.5,16.2,11.9
2005-01-12 00:00:00,399.0,127.0,1.2,9.6,12.0
2005-01-12 01:00:00,399.0,123.0,2.4,11.4,11.4
2005-01-12 02:00:00,381.0,122.0,2.1,9.1,11.2
2005-01-12 05:00:00,183.0,83.0,1.0,4.7,10.0
2005-01-12 06:00:00,357.0,98.0,1.4,7.3,9.2
2005-01-12 07:00:00,479.0,109.0,1.8,9.3,8.8
2005-01-12 08:00:00,852.0,138.0,3.8,17.8,8.7
2005-01-12 09:00:00,822.0,138.0,4.1,20.1,8.9
2005-01-12 10:00:00,910.0,170.0,4.4,19.6,9.9
2005-01-12 11:00:00,800.0,191.0,3.5,16.5,11.8
2005-01-12 12:00:00,758.0,196.0,3.5,17.3,13.0
2005-01-12 13:00:00,647.0,185.0,3.8,17.7,14.7
2005-01-12 14:00:00,431.0,156.0,3.1,15.2,15.1
2005-01-12 15:00:00,491.0,173.0,3.4,18.2,15.7
2005-01-12 16:00:00,476.0,166.0,3.3,17.2,15.8
2005-01-12 17:00:00,538.0,173.0,3.4,17.6,14.6
2005-01-12 18:00:00,621.0,177.0,4.7,25.4,14.3
2005-01-12 19:00:00,728.0,182.0,5.7,28.4,14.1
2005-01-12 20:00:00,716.0,166.0,5.6,27.5,13.1
2005-01-12 21:00:00,782.0,177.0,5.9,23.3,12.0
2005-01-12 22:00:00,550.0,158.0,3.6,15.2,10.7
2005-01-12 23:00:00,377.0,133.0,2.5,11.1,10.0
2005-01-13 00:00:00,391.0,123.0,2.9,11.5,9.4
2005-01-13 01:00:00,433.0,120.0,2.5,10.2,8.5
2005-01-13 02:00:00,287.0,105.0,1.7,6.0,8.4
2005-01-13 04:00:00,192.0,86.0,1.1,3.7,6.2
2005-01-13 05:00:00,161.0,77.0,0.9,3.2,7.0
2005-01-13 06:00:00,194.0,81.0,1.0,3.7,6.5
2005-01-13 07:00:00,343.0,103.0,1.6,8.0,7.7
2005-01-13 08:00:00,624.0,127.0,3.1,16.3,8.2
2005-01-13 09:00:00,758.0,134.0,4.1,24.0,8.8
2005-01-13 10:00:00,760.0,158.0,3.9,15.7,9.7
2005-01-13 11:00:00,713.0,175.0,3.6,16.5,11.7
2005-01-13 12:00:00,615.0,178.0,3.2,12.8,13.1
2005-01-13 13:00:00,319.0,135.0,2.2,11.3,14.2
2005-01-13 14:00:00,338.0,133.0,2.4,12.9,14.2
2005-01-13 15:00:00,380.0,134.0,2.7,14.1,14.0
2005-01-13 16:00:00,366.0,137.0,2.7,15.8,13.5
2005-01-13 17:00:00,567.0,160.0,3.9,19.9,12.3
2005-01-13 18:00:00,702.0,166.0,5.2,26.6,11.4
2005-01-13 19:00:00,523.0,144.0,4.0,19.8,10.8
2005-01-13 20:00:00,373.0,129.0,2.9,13.3,11.0
2005-01-13 21:00:00,467.0,129.0,3.3,13.0,9.5
2005-01-13 22:00:00,260.0,107.0,2.0,7.5,8.8
2005-01-13 23:00:00,244.0,101.0,1.8,7.8,8.0
2005-01-14 00:00:00,317.0,112.0,2.7,8.8,7.6
2005-01-14 01:00:00,224.0,98.0,1.8,6.4,7.1
2005-01-14 02:00:00,176.0,90.0,1.3,4.5,7.1
2005-01-14 04:00:00,103.0,59.0,1.1,4.2,5.1
2005-01-14 05:00:00,367.0,98.0,1.6,6.9,4.3
2005-01-14 06:00:00,326.0,109.0,1.3,5.0,5.3
2005-01-14 07:00:00,374.0,110.0,1.4,7.3,5.7
2005-01-14 08:00:00,756.0,159.0,5.0,24.5,6.8
2005-01-14 09:00:00,690.0,144.0,4.3,16.9,6.9
2005-01-14 10:00:00,754.0,147.0,4.1,17.7,8.0
2005-01-14 11:00:00,750.0,179.0,3.8,17.1,9.3
2005-01-14 12:00:00,590.0,164.0,3.1,14.7,10.2
2005-01-14 13:00:00,525.0,160.0,3.3,17.4,11.0
2005-01-14 14:00:00,406.0,143.0,3.1,15.1,11.3
2005-01-14 15:00:00,360.0,138.0,2.7,14.5,12.2
2005-01-14 16:00:00,448.0,143.0,3.4,16.9,11.9
2005-01-14 17:00:00,733.0,196.0,5.0,24.3,10.3
2005-01-14 18:00:00,847.0,197.0,5.7,26.1,8.2
2005-01-14 19:00:00,765.0,189.0,5.8,26.4,7.9
2005-01-14 20:00:00,715.0,188.0,5.8,25.7,8.3
2005-01-14 21:00:00,716.0,190.0,5.0,18.2,8.2
2005-01-14 22:00:00,235.0,126.0,1.7,6.2,8.3
2005-01-14 23:00:00,198.0,113.0,1.6,6.7,6.7
2005-01-15 00:00:00,293.0,129.0,2.3,7.5,6.4
2005-01-15 01:00:00,356.0,128.0,2.4,7.5,4.9
2005-01-15 02:00:00,285.0,122.0,2.0,6.2,4.8
2005-01-15 05:00:00,158.0,92.0,1.1,3.1,3.4
2005-01-15 06:00:00,95.0,70.0,1.0,2.8,4.2
2005-01-15 07:00:00,148.0,83.0,1.3,4.3,3.5
2005-01-15 08:00:00,337.0,127.0,1.9,9.7,3.5
2005-01-15 09:00:00,453.0,142.0,2.6,10.9,4.0
2005-01-15 10:00:00,497.0,155.0,2.7,10.6,4.5
2005-01-15 11:00:00,448.0,153.0,2.4,10.0,5.6
2005-01-15 12:00:00,496.0,177.0,2.7,11.6,7.5
2005-01-15 13:00:00,535.0,179.0,3.1,15.6,8.9
2005-01-15 14:00:00,644.0,212.0,4.4,18.1,10.6
2005-01-15 15:00:00,459.0,182.0,3.2,12.3,12.3
2005-01-15 16:00:00,409.0,168.0,2.9,11.4,12.2
2005-01-15 17:00:00,515.0,179.0,3.0,15.2,10.5
2005-01-15 18:00:00,640.0,182.0,3.7,17.4,8.7
2005-01-15 19:00:00,816.0,194.0,5.2,20.8,7.9
2005-01-15 20:00:00,505.0,166.0,3.3,12.8,7.6
2005-01-15 21:00:00,560.0,168.0,3.6,14.7,6.5
2005-01-15 22:00:00,389.0,148.0,2.3,8.3,5.9
2005-01-15 23:00:00,492.0,151.0,3.0,11.1,5.2
2005-01-16 00:00:00,531.0,165.0,3.8,13.6,5.2
2005-01-16 01:00:00,487.0,165.0,3.2,9.8,4.9
2005-01-16 02:00:00,293.0,128.0,2.1,7.6,5.1
2005-01-16 04:00:00,219.0,115.0,1.7,5.9,3.7
2005-01-16 05:00:00,198.0,120.0,1.4,4.2,4.5
2005-01-16 06:00:00,166.0,106.0,1.2,4.5,4.7
2005-01-16 07:00:00,255.0,118.0,1.4,5.4,3.9
2005-01-16 08:00:00,312.0,156.0,1.4,4.8,5.7
2005-01-16 09:00:00,236.0,130.0,1.7,6.3,6.1
2005-01-16 10:00:00,172.0,112.0,1.0,2.6,9.0
2005-01-16 11:00:00,138.0,96.0,1.0,2.6,10.7
2005-01-16 12:00:00,121.0,89.0,0.8,2.2,11.1
2005-01-16 13:00:00,143.0,98.0,1.0,3.0,11.9
2005-01-16 14:00:00,114.0,85.0,0.8,1.9,11.4
2005-01-16 15:00:00,107.0,80.0,0.7,2.0,11.3
2005-01-16 16:00:00,176.0,112.0,1.1,2.8,11.0
2005-01-16 17:00:00,180.0,121.0,1.1,3.3,10.3
2005-01-16 18:00:00,212.0,132.0,1.2,3.4,8.4
2005-01-16 19:00:00,331.0,160.0,2.0,7.1,8.3
2005-01-16 20:00:00,369.0,167.0,2.2,7.4,8.1
2005-01-16 21:00:00,274.0,157.0,1.5,4.3,7.7
2005-01-16 22:00:00,199.0,130.0,1.2,3.9,7.0
2005-01-16 23:00:00,248.0,145.0,1.5,5.2,6.6
2005-01-17 00:00:00,197.0,133.0,1.4,3.8,6.4
2005-01-17 01:00:00,147.0,110.0,1.2,3.5,6.0
2005-01-17 02:00:00,135.0,100.0,1.0,2.9,4.4
2005-01-17 04:00:00,95.0,79.0,0.7,1.1,3.7
2005-01-17 05:00:00,94.0,79.0,0.5,1.0,2.6
2005-01-17 06:00:00,121.0,90.0,0.7,1.6,3.2
2005-01-17 07:00:00,131.0,95.0,1.0,3.2,3.6
2005-01-17 08:00:00,552.0,169.0,3.0,15.9,1.8
2005-01-17 09:00:00,614.0,199.0,4.1,18.0,2.4
2005-01-17 10:00:00,530.0,186.0,3.1,14.7,4.6
2005-01-17 11:00:00,721.0,208.0,3.8,15.1,8.2
2005-01-17 12:00:00,474.0,178.0,2.7,13.4,10.5
2005-01-17 13:00:00,514.0,176.0,3.1,14.5,11.1
2005-01-17 14:00:00,504.0,177.0,3.1,14.7,11.1
2005-01-17 15:00:00,508.0,182.0,3.2,17.0,12.4
2005-01-17 16:00:00,529.0,182.0,3.3,15.3,12.9
2005-01-17 17:00:00,676.0,193.0,4.0,21.2,11.4
2005-01-17 18:00:00,1216.0,272.0,8.6,43.0,9.2
2005-01-17 19:00:00,1230.0,225.0,8.7,37.2,7.8
2005-01-17 20:00:00,582.0,181.0,3.6,16.7,7.2
2005-01-17 21:00:00,460.0,172.0,3.0,13.4,6.0
2005-01-17 22:00:00,340.0,153.0,1.9,8.7,5.3
2005-01-17 23:00:00,298.0,143.0,1.9,7.4,4.2
2005-01-18 00:00:00,300.0,142.0,1.6,6.7,3.4
2005-01-18 01:00:00,223.0,131.0,1.4,5.0,3.0
2005-01-18 02:00:00,151.0,105.0,1.0,3.4,3.2
2005-01-18 05:00:00,125.0,87.0,0.8,2.5,3.1
2005-01-18 06:00:00,181.0,106.0,0.9,3.5,4.2
2005-01-18 07:00:00,341.0,140.0,1.5,6.9,3.4
2005-01-18 08:00:00,552.0,167.0,3.1,16.8,3.9
2005-01-18 09:00:00,839.0,175.0,5.1,20.3,4.3
2005-01-18 10:00:00,1049.0,235.0,5.8,25.0,5.6
2005-01-18 11:00:00,796.0,196.0,3.8,17.2,5.5
2005-01-18 12:00:00,999.0,211.0,4.4,21.4,5.1
2005-01-18 13:00:00,1022.0,234.0,4.9,25.1,5.5
2005-01-18 14:00:00,1023.0,240.0,5.2,28.0,5.5
2005-01-18 15:00:00,1065.0,243.0,4.6,26.1,5.0
2005-01-18 16:00:00,1098.0,224.0,4.8,24.7,5.2
2005-01-18 17:00:00,1099.0,240.0,4.9,24.5,5.3
2005-01-18 18:00:00,939.0,215.0,4.9,27.7,5.0
2005-01-18 19:00:00,875.0,216.0,5.5,26.0,5.1
2005-01-18 20:00:00,745.0,184.0,4.2,21.7,6.4
2005-01-18 21:00:00,339.0,152.0,1.5,6.0,10.3
2005-01-18 22:00:00,135.0,104.0,0.1,3.3,11.3
2005-01-18 23:00:00,167.0,104.0,0.2,4.9,9.8
2005-01-19 00:00:00,232.0,124.0,0.9,6.6,9.5
2005-01-19 01:00:00,273.0,127.0,1.0,6.7,9.9
2005-01-19 02:00:00,165.0,109.0,0.4,4.4,9.9
2005-01-19 07:00:00,130.0,89.0,0.1,2.5,5.6
2005-01-19 08:00:00,265.0,128.0,0.7,7.6,7.0
2005-01-19 09:00:00,314.0,152.0,1.2,7.3,7.1
2005-01-19 10:00:00,194.0,128.0,0.2,3.7,6.4
2005-01-19 13:00:00,193.0,110.0,0.3,4.6,8.6
2005-01-19 14:00:00,263.0,128.0,0.6,6.7,10.0
2005-01-19 15:00:00,176.0,114.0,0.2,4.3,9.4
2005-01-19 16:00:00,168.0,110.0,0.2,4.3,9.2
2005-01-19 17:00:00,170.0,112.0,0.7,4.1,8.7
2005-01-19 18:00:00,234.0,130.0,1.8,7.6,8.9
2005-01-19 19:00:00,256.0,135.0,2.2,7.0,8.6
2005-01-19 20:00:00,257.0,141.0,2.3,9.6,9.0
2005-01-19 21:00:00,317.0,141.0,2.6,7.8,9.2
2005-01-19 22:00:00,135.0,95.0,1.1,2.4,8.8
2005-01-19 23:00:00,159.0,97.0,1.2,3.9,8.8
2005-01-20 00:00:00,186.0,112.0,1.8,4.1,8.7
2005-01-20 01:00:00,102.0,74.0,1.1,2.5,8.6
2005-01-20 02:00:00,75.0,62.0,0.9,1.3,8.5
2005-01-20 04:00:00,41.0,40.0,0.6,0.7,7.8
2005-01-20 05:00:00,50.0,45.0,0.6,0.9,7.1
2005-01-20 06:00:00,189.0,93.0,0.9,2.9,7.0
2005-01-20 07:00:00,182.0,104.0,1.0,2.7,7.5
2005-01-20 08:00:00,636.0,162.0,3.4,14.4,7.0
2005-01-20 09:00:00,704.0,169.0,4.2,17.2,7.6
2005-01-20 10:00:00,854.0,190.0,4.4,17.4,8.3
2005-01-20 11:00:00,652.0,170.0,2.9,11.5,12.4
2005-01-20 12:00:00,529.0,151.0,2.6,11.9,13.9
2005-01-20 13:00:00,438.0,150.0,2.6,12.6,14.4
2005-01-20 14:00:00,438.0,154.0,3.0,14.3,14.8
2005-01-20 15:00:00,378.0,140.0,2.3,10.3,15.1
2005-01-20 16:00:00,482.0,167.0,3.0,14.5,15.4
2005-01-20 17:00:00,709.0,204.0,4.5,21.9,13.7
2005-01-20 18:00:00,796.0,210.0,6.0,28.5,11.5
2005-01-20 19:00:00,605.0,182.0,4.3,21.2,10.4
2005-01-20 20:00:00,472.0,165.0,3.4,16.0,9.9
2005-01-20 21:00:00,411.0,150.0,2.8,13.0,8.7
2005-01-20 22:00:00,264.0,132.0,2.1,7.0,8.1
2005-01-20 23:00:00,217.0,120.0,1.7,6.4,7.3
2005-01-21 00:00:00,211.0,119.0,1.8,5.8,8.0
2005-01-21 01:00:00,179.0,110.0,1.6,5.6,6.8
2005-01-21 02:00:00,135.0,94.0,1.4,4.5,6.7
2005-01-21 05:00:00,284.0,117.0,1.3,6.6,5.5
2005-01-21 06:00:00,357.0,121.0,1.6,9.2,5.9
2005-01-21 07:00:00,469.0,138.0,2.4,12.2,6.4
2005-01-21 08:00:00,766.0,174.0,4.5,22.6,7.2
2005-01-21 09:00:00,875.0,179.0,5.7,29.0,7.9
2005-01-21 10:00:00,800.0,175.0,4.3,19.4,8.3
2005-01-21 11:00:00,815.0,183.0,4.2,20.5,9.3
2005-01-21 12:00:00,841.0,189.0,4.5,22.5,10.2
2005-01-21 13:00:00,827.0,198.0,5.0,24.0,11.1
2005-01-21 14:00:00,402.0,142.0,2.9,13.9,12.8
2005-01-21 15:00:00,415.0,139.0,3.0,16.8,13.1
2005-01-21 16:00:00,435.0,99.0,3.3,20.2,13.5
2005-01-21 17:00:00,570.0,135.0,1.4,16.4,13.4
2005-01-21 18:00:00,530.0,223.0,2.3,18.0,12.1
2005-01-21 19:00:00,617.0,194.0,1.6,20.3,12.0
2005-01-21 20:00:00,983.0,244.0,4.9,38.1,10.4
2005-01-21 21:00:00,1200.0,243.0,6.4,35.7,9.4
2005-01-21 22:00:00,1028.0,230.0,3.5,21.8,8.9
2005-01-21 23:00:00,797.0,207.0,1.7,18.2,8.1
2005-01-22 00:00:00,977.0,223.0,2.6,20.1,7.3
2005-01-22 01:00:00,811.0,216.0,1.6,14.4,7.3
2005-01-22 02:00:00,757.0,198.0,1.5,15.1,7.1
2005-01-22 04:00:00,388.0,126.0,0.5,11.5,7.0
2005-01-22 05:00:00,497.0,144.0,0.9,13.7,5.7
2005-01-22 06:00:00,582.0,183.0,0.4,11.6,5.2
2005-01-22 07:00:00,574.0,193.0,0.5,13.2,5.6
2005-01-22 08:00:00,588.0,196.0,0.8,15.6,6.3
2005-01-22 09:00:00,645.0,208.0,1.4,16.9,6.9
2005-01-22 10:00:00,643.0,217.0,1.6,18.5,9.2
2005-01-22 11:00:00,628.0,246.0,1.5,16.6,11.6
2005-01-22 12:00:00,547.0,204.0,1.0,15.0,14.0
2005-01-22 13:00:00,461.0,192.0,1.0,15.0,15.0
2005-01-22 14:00:00,455.0,186.0,1.3,16.9,14.9
2005-01-22 15:00:00,244.0,133.0,0.1,7.0,15.8
2005-01-22 18:00:00,310.0,148.0,0.1,8.6,13.4
2005-01-22 19:00:00,391.0,167.0,0.4,12.2,12.2
2005-01-22 20:00:00,444.0,175.0,0.7,12.6,11.3
2005-01-22 21:00:00,794.0,224.0,2.7,21.1,9.7
2005-01-22 22:00:00,716.0,215.0,2.1,16.9,8.4
2005-01-22 23:00:00,565.0,196.0,1.3,15.1,8.2
2005-01-23 00:00:00,451.0,195.0,0.8,10.1,8.0
2005-01-24 02:00:00,248.0,136.0,0.1,7.6,4.0
2005-01-24 05:00:00,43.0,40.0,0.3,0.6,6.6
2005-01-24 06:00:00,86.0,67.0,0.5,1.2,7.0
2005-01-24 07:00:00,152.0,104.0,0.6,2.9,6.6
2005-01-24 08:00:00,341.0,169.0,1.8,11.1,7.2
2005-01-24 09:00:00,355.0,203.0,2.0,9.7,6.9
2005-01-24 10:00:00,327.0,183.0,1.4,5.7,8.7
2005-01-24 11:00:00,240.0,151.0,0.6,5.4,10.0
2005-01-24 12:00:00,217.0,138.0,0.5,5.1,11.8
2005-01-24 13:00:00,191.0,127.0,0.7,5.8,10.7
2005-01-24 15:00:00,256.0,148.0,1.1,8.0,10.7
2005-01-24 16:00:00,287.0,172.0,1.3,7.1,10.6
2005-01-24 17:00:00,278.0,163.0,1.0,7.6,8.9
2005-01-24 18:00:00,302.0,180.0,1.5,10.4,7.8
2005-01-24 19:00:00,259.0,169.0,1.5,8.9,7.3
2005-01-24 20:00:00,221.0,152.0,1.2,7.3,6.9
2005-01-24 21:00:00,142.0,107.0,0.3,3.6,6.6
2005-01-25 08:00:00,180.0,115.0,0.2,2.9,4.3
2005-01-25 09:00:00,243.0,157.0,0.7,5.4,4.2
2005-01-25 10:00:00,236.0,147.0,0.5,5.1,3.4
2005-01-25 11:00:00,297.0,188.0,0.4,3.8,5.0
2005-01-25 12:00:00,235.0,126.0,0.3,3.9,5.7
2005-01-25 13:00:00,186.0,114.0,0.3,3.6,5.2
2005-01-25 14:00:00,196.0,123.0,0.4,4.2,4.7
2005-01-25 15:00:00,167.0,107.0,0.2,3.6,4.5
2005-01-25 16:00:00,211.0,121.0,0.4,3.6,5.1
2005-01-25 17:00:00,194.0,118.0,0.4,3.9,5.0
2005-01-25 18:00:00,206.0,134.0,0.7,4.9,4.3
2005-01-25 19:00:00,211.0,142.0,1.0,5.8,4.3
2005-01-25 20:00:00,197.0,133.0,1.1,6.1,4.3
2005-01-25 21:00:00,139.0,106.0,0.3,2.8,3.5
2005-01-25 22:00:00,113.0,87.0,0.1,2.4,4.1
2005-01-26 08:00:00,227.0,136.0,0.3,3.3,3.3
2005-01-26 09:00:00,250.0,163.0,0.6,4.4,3.5
2005-01-26 10:00:00,219.0,143.0,0.3,2.8,4.3
2005-01-26 11:00:00,211.0,134.0,0.1,3.2,4.5
2005-01-26 12:00:00,189.0,130.0,0.1,2.7,4.3
2005-01-26 13:00:00,180.0,122.0,0.2,3.5,4.3
2005-01-26 14:00:00,197.0,129.0,0.5,4.8,4.9
2005-01-26 15:00:00,198.0,132.0,0.3,3.4,5.6
2005-01-26 16:00:00,203.0,133.0,0.3,4.2,5.7
2005-01-26 17:00:00,188.0,126.0,0.3,4.2,4.8
2005-01-26 18:00:00,294.0,177.0,1.0,8.5,5.1
2005-01-26 19:00:00,302.0,185.0,1.4,9.2,5.3
2005-01-26 20:00:00,261.0,169.0,1.4,7.6,4.9
2005-01-26 21:00:00,232.0,151.0,1.1,6.2,4.7
2005-01-26 22:00:00,154.0,114.0,0.4,2.9,4.6
2005-01-26 23:00:00,120.0,90.0,0.2,2.5,4.0
2005-01-27 00:00:00,117.0,87.0,0.2,2.6,4.2
2005-01-27 01:00:00,108.0,83.0,0.2,2.2,4.5
2005-01-27 02:00:00,97.0,74.0,0.2,2.5,4.1
2005-01-27 05:00:00,27.0,26.0,0.4,0.3,4.1
2005-01-27 06:00:00,81.0,61.0,0.5,0.7,4.3
2005-01-27 07:00:00,129.0,91.0,0.7,1.4,4.6
2005-01-27 08:00:00,336.0,184.0,1.9,6.6,4.6
2005-01-27 09:00:00,335.0,204.0,2.4,8.4,4.8
2005-01-27 10:00:00,318.0,185.0,2.0,5.5,5.9
2005-01-27 11:00:00,201.0,125.0,1.3,3.5,7.0
2005-01-27 12:00:00,166.0,104.0,1.0,3.0,6.6
2005-01-27 13:00:00,192.0,115.0,1.2,4.1,6.6
2005-01-27 14:00:00,198.0,126.0,1.5,4.7,7.3
2005-01-27 15:00:00,198.0,125.0,1.3,4.5,7.3
2005-01-27 16:00:00,223.0,139.0,1.5,4.7,7.0
2005-01-27 17:00:00,224.0,142.0,1.5,5.1,6.5
2005-01-27 18:00:00,266.0,170.0,2.1,7.7,5.7
2005-01-27 19:00:00,326.0,195.0,2.6,10.3,5.0
2005-01-27 20:00:00,343.0,202.0,3.0,11.5,4.7
2005-01-27 21:00:00,243.0,168.0,2.0,6.0,4.5
2005-01-27 22:00:00,177.0,128.0,1.4,3.6,4.3
2005-01-27 23:00:00,155.0,115.0,1.3,4.3,4.0
2005-01-28 00:00:00,143.0,111.0,1.2,3.4,3.7
2005-01-28 01:00:00,124.0,97.0,1.1,2.4,3.3
2005-01-28 02:00:00,94.0,77.0,0.9,2.0,3.0
2005-01-28 04:00:00,56.0,51.0,0.6,1.2,3.6
2005-01-28 05:00:00,58.0,49.0,0.5,0.9,4.0
2005-01-28 06:00:00,105.0,79.0,0.6,1.6,4.1
2005-01-28 07:00:00,122.0,92.0,0.7,1.7,4.1
2005-01-28 08:00:00,274.0,167.0,1.6,6.2,4.2
2005-01-28 09:00:00,342.0,206.0,2.2,8.2,4.1
2005-01-28 10:00:00,296.0,184.0,1.8,6.4,4.3
2005-01-28 11:00:00,279.0,176.0,1.5,5.9,4.6
2005-01-28 12:00:00,325.0,191.0,1.8,5.7,4.5
2005-01-28 13:00:00,222.0,147.0,1.4,5.3,4.4
2005-01-28 14:00:00,279.0,174.0,2.1,7.3,4.7
2005-01-28 15:00:00,248.0,167.0,1.6,5.1,4.2
2005-01-28 16:00:00,193.0,138.0,1.3,3.9,3.4
2005-01-29 02:00:00,70.0,60.0,0.7,0.8,1.9
2005-01-29 04:00:00,37.0,34.0,0.5,0.5,1.4
2005-01-29 05:00:00,33.0,31.0,0.5,0.5,1.0
2005-01-29 06:00:00,43.0,37.0,0.4,0.6,1.4
2005-01-29 07:00:00,73.0,58.0,0.5,0.9,1.6
2005-01-29 08:00:00,125.0,92.0,0.8,2.0,1.4
2005-01-29 09:00:00,154.0,110.0,1.1,2.8,1.7
2005-01-29 10:00:00,140.0,101.0,1.1,2.8,2.5
2005-01-29 11:00:00,150.0,96.0,1.1,3.0,2.9
2005-01-29 12:00:00,139.0,102.0,1.1,2.4,3.6
2005-01-29 13:00:00,135.0,96.0,1.1,2.5,3.1
2005-01-29 14:00:00,152.0,102.0,1.2,3.0,3.4
2005-01-29 15:00:00,121.0,88.0,1.0,2.2,3.7
2005-01-29 16:00:00,122.0,87.0,1.2,2.6,4.4
2005-01-29 17:00:00,167.0,115.0,1.3,3.4,4.0
2005-01-29 18:00:00,165.0,118.0,1.4,3.0,3.3
2005-01-29 19:00:00,190.0,134.0,1.3,3.1,3.1
2005-01-29 20:00:00,176.0,125.0,1.4,3.4,2.8
2005-01-29 21:00:00,196.0,140.0,1.5,2.9,3.1
2005-01-29 22:00:00,103.0,83.0,1.0,1.7,2.9
2005-01-29 23:00:00,91.0,73.0,1.0,1.6,2.8
2005-01-30 00:00:00,119.0,92.0,1.1,2.3,2.9
2005-01-30 01:00:00,147.0,109.0,1.3,2.2,3.8
2005-01-30 02:00:00,101.0,82.0,1.0,1.7,3.2
2005-01-30 05:00:00,55.0,50.0,0.6,0.6,3.1
2005-01-30 06:00:00,51.0,44.0,0.5,0.6,3.0
2005-01-30 07:00:00,53.0,49.0,0.4,0.4,2.8
2005-01-30 08:00:00,74.0,62.0,0.5,0.7,2.7
2005-01-30 09:00:00,113.0,85.0,0.7,1.2,3.3
2005-01-30 10:00:00,107.0,82.0,0.8,1.4,4.6
2005-01-30 11:00:00,101.0,77.0,0.8,2.0,5.6
2005-01-30 12:00:00,129.0,92.0,1.0,2.0,7.2
2005-01-30 13:00:00,126.0,95.0,0.9,1.6,6.9
2005-01-30 14:00:00,132.0,95.0,0.9,1.6,8.2
2005-01-30 15:00:00,101.0,76.0,0.9,1.8,7.6
2005-01-30 16:00:00,128.0,95.0,1.0,1.8,7.9
2005-01-30 17:00:00,170.0,118.0,1.0,2.6,7.8
2005-01-30 18:00:00,174.0,123.0,1.1,2.0,6.3
2005-01-30 19:00:00,215.0,140.0,1.2,2.8,5.4
2005-01-30 20:00:00,248.0,163.0,1.6,3.9,5.0
2005-01-30 21:00:00,247.0,164.0,1.7,4.1,4.6
2005-01-30 22:00:00,154.0,120.0,1.1,2.4,4.3
2005-01-30 23:00:00,186.0,130.0,1.3,3.5,4.0
2005-01-31 00:00:00,231.0,145.0,1.7,4.6,2.9
2005-01-31 01:00:00,174.0,126.0,1.5,3.0,3.4
2005-01-31 02:00:00,68.0,61.0,0.8,1.0,4.0
2005-01-31 04:00:00,39.0,37.0,0.4,0.4,3.7
2005-01-31 05:00:00,39.0,37.0,0.4,0.3,3.4
2005-01-31 06:00:00,54.0,50.0,0.4,0.6,3.7
2005-01-31 07:00:00,158.0,109.0,0.7,1.4,3.7
2005-01-31 08:00:00,350.0,198.0,1.8,7.1,3.7
2005-01-31 10:00:00,584.0,283.0,3.5,15.1,6.6
2005-01-31 11:00:00,478.0,256.0,2.8,12.5,10.0
2005-01-31 12:00:00,563.0,261.0,3.1,12.8,11.9
2005-01-31 13:00:00,414.0,181.0,2.5,11.9,12.5
2005-01-31 14:00:00,398.0,194.0,2.7,11.7,13.2
2005-01-31 15:00:00,451.0,214.0,2.9,14.7,13.5
2005-01-31 16:00:00,503.0,204.0,3.2,15.7,14.1
2005-01-31 17:00:00,640.0,228.0,4.1,21.1,13.0
2005-01-31 18:00:00,843.0,270.0,6.1,27.4,10.4
2005-01-31 19:00:00,954.0,285.0,6.8,30.8,8.6
2005-01-31 20:00:00,984.0,282.0,6.8,29.2,7.3
2005-01-31 21:00:00,586.0,235.0,3.7,15.0,6.3
2005-01-31 22:00:00,360.0,208.0,2.1,7.1,5.4
2005-01-31 23:00:00,231.0,161.0,1.4,5.4,5.1
2005-02-01 00:00:00,200.0,146.0,1.3,4.8,4.2
2005-02-01 01:00:00,153.0,123.0,1.1,3.8,4.1
2005-02-01 02:00:00,135.0,109.0,1.0,3.5,4.1
2005-02-01 04:00:00,196.0,115.0,0.8,3.6,2.5
2005-02-01 05:00:00,208.0,114.0,0.9,3.8,1.8
2005-02-01 06:00:00,241.0,122.0,1.1,4.2,2.0
2005-02-01 07:00:00,417.0,149.0,1.6,7.7,2.2
2005-02-01 08:00:00,896.0,187.0,3.7,20.0,3.1
2005-02-01 09:00:00,966.0,198.0,4.8,22.1,3.7
2005-02-01 10:00:00,878.0,196.0,4.1,17.2,4.4
2005-02-01 11:00:00,985.0,218.0,4.5,21.4,5.8
2005-02-01 12:00:00,1017.0,227.0,4.5,19.8,7.3
2005-02-01 13:00:00,683.0,181.0,3.7,18.8,9.5
2005-02-01 14:00:00,660.0,179.0,4.2,18.8,11.8
2005-02-01 15:00:00,492.0,151.0,3.3,16.7,12.7
2005-02-01 16:00:00,497.0,162.0,3.2,14.4,13.5
2005-02-01 17:00:00,562.0,165.0,3.6,16.3,12.3
2005-02-01 18:00:00,539.0,173.0,3.5,14.4,10.8
2005-02-01 19:00:00,502.0,188.0,4.1,17.0,9.4
2005-02-01 20:00:00,452.0,186.0,4.0,14.8,8.3
2005-02-01 21:00:00,357.0,172.0,3.3,9.8,7.8
2005-02-01 22:00:00,289.0,150.0,3.0,6.1,7.3
2005-02-01 23:00:00,221.0,137.0,2.6,5.4,6.7
2005-02-02 00:00:00,204.0,133.0,2.6,4.7,6.6
2005-02-02 01:00:00,183.0,122.0,2.6,5.1,6.4
2005-02-02 02:00:00,222.0,130.0,2.9,6.9,5.3
2005-02-02 04:00:00,210.0,121.0,2.5,4.8,3.3
2005-02-02 05:00:00,185.0,115.0,2.0,3.6,3.7
2005-02-02 06:00:00,257.0,125.0,2.2,4.5,2.6
2005-02-02 07:00:00,297.0,136.0,2.4,5.2,3.5
2005-02-02 08:00:00,573.0,174.0,4.0,15.1,2.7
2005-02-02 09:00:00,883.0,224.0,6.7,27.3,2.8
2005-02-02 10:00:00,824.0,230.0,5.6,19.6,5.8
2005-02-02 11:00:00,693.0,205.0,4.3,14.8,9.7
2005-02-02 12:00:00,714.0,204.0,4.0,14.5,12.7
2005-02-02 13:00:00,388.0,139.0,2.6,10.1,13.7
2005-02-02 14:00:00,337.0,133.0,2.2,10.1,13.7
2005-02-02 15:00:00,326.0,127.0,1.9,8.3,14.1
2005-02-02 16:00:00,329.0,124.0,1.8,9.0,14.5
2005-02-02 17:00:00,465.0,158.0,3.1,13.4,13.2
2005-02-02 18:00:00,612.0,171.0,4.8,19.5,10.5
2005-02-02 19:00:00,759.0,193.0,5.8,27.8,8.9
2005-02-02 20:00:00,771.0,195.0,5.9,31.4,8.2
2005-02-02 21:00:00,655.0,212.0,4.1,15.6,6.7
2005-02-02 22:00:00,332.0,193.0,1.8,7.0,5.8
2005-02-02 23:00:00,287.0,167.0,1.7,7.8,4.9
2005-02-03 00:00:00,242.0,156.0,1.7,5.6,4.5
2005-02-03 01:00:00,242.0,153.0,1.5,6.0,3.9
2005-02-03 02:00:00,192.0,128.0,1.1,3.9,3.4
2005-02-03 05:00:00,142.0,105.0,0.3,2.9,1.2
2005-02-03 06:00:00,194.0,130.0,0.4,2.8,2.1
2005-02-03 07:00:00,216.0,134.0,0.6,4.2,1.3
2005-02-03 08:00:00,728.0,275.0,3.0,16.7,1.3
2005-02-03 09:00:00,975.0,309.0,5.6,29.1,2.1
2005-02-03 10:00:00,947.0,322.0,4.9,20.7,5.1
2005-02-03 11:00:00,790.0,333.0,3.5,15.5,8.5
2005-02-03 12:00:00,551.0,235.0,2.2,10.3,11.5
2005-02-03 13:00:00,565.0,241.0,2.7,13.8,12.2
2005-02-03 14:00:00,532.0,214.0,2.7,12.7,13.5
2005-02-03 15:00:00,459.0,174.0,2.1,11.4,14.9
2005-02-03 16:00:00,407.0,157.0,2.0,10.2,15.7
2005-02-03 17:00:00,434.0,170.0,2.4,14.3,14.7
2005-02-03 18:00:00,980.0,212.0,6.7,32.4,12.2
2005-02-03 19:00:00,966.0,249.0,6.4,29.0,10.3
2005-02-03 20:00:00,646.0,231.0,3.9,17.6,9.3
2005-02-03 21:00:00,471.0,216.0,2.7,12.6,8.3
2005-02-03 22:00:00,528.0,217.0,3.0,15.5,6.3
2005-02-03 23:00:00,378.0,203.0,2.1,9.1,6.5
2005-02-04 00:00:00,235.0,161.0,1.2,6.4,6.0
2005-02-04 01:00:00,217.0,147.0,1.2,5.1,5.1
2005-02-04 02:00:00,141.0,111.0,0.7,3.3,4.7
2005-02-04 04:00:00,158.0,115.0,0.8,3.1,5.0
2005-02-04 05:00:00,87.0,80.0,0.4,2.2,3.9
2005-02-04 06:00:00,194.0,122.0,0.7,3.9,1.8
2005-02-04 07:00:00,401.0,186.0,1.4,6.9,1.8
2005-02-04 08:00:00,887.0,306.0,4.0,19.7,2.3
2005-02-04 09:00:00,654.0,301.0,3.9,20.1,4.4
2005-02-04 10:00:00,566.0,274.0,3.1,16.3,7.7
2005-02-04 11:00:00,649.0,247.0,3.2,14.3,12.1
2005-02-04 12:00:00,309.0,169.0,1.5,7.0,15.0
2005-02-04 13:00:00,229.0,138.0,1.2,6.3,14.5
2005-02-04 14:00:00,312.0,149.0,1.9,8.6,12.9
2005-02-04 15:00:00,276.0,165.0,1.5,6.6,12.1
2005-02-04 16:00:00,236.0,156.0,1.4,6.1,11.3
2005-02-04 17:00:00,312.0,184.0,1.9,8.8,11.4
2005-02-04 18:00:00,345.0,197.0,2.2,9.4,9.1
2005-02-04 19:00:00,386.0,204.0,3.0,11.8,8.1
2005-02-04 20:00:00,356.0,207.0,2.6,11.3,7.7
2005-02-04 21:00:00,467.0,208.0,2.8,9.7,7.1
2005-02-04 22:00:00,287.0,174.0,1.6,5.8,6.3
2005-02-04 23:00:00,239.0,157.0,1.3,5.3,6.0
2005-02-05 00:00:00,266.0,166.0,1.6,5.3,5.5
2005-02-05 01:00:00,261.0,167.0,1.5,5.1,4.9
2005-02-05 02:00:00,223.0,154.0,1.3,4.8,4.1
2005-02-05 04:00:00,272.0,164.0,2.0,7.0,1.5
2005-02-05 05:00:00,226.0,149.0,1.3,4.4,1.0
2005-02-05 06:00:00,250.0,150.0,0.9,5.6,0.8
2005-02-05 07:00:00,402.0,205.0,1.4,7.3,1.3
2005-02-05 08:00:00,708.0,283.0,3.1,12.7,2.0
2005-02-05 09:00:00,759.0,310.0,4.1,11.3,4.1
2005-02-05 10:00:00,302.0,200.0,1.3,4.9,7.5
2005-02-05 11:00:00,210.0,147.0,0.9,3.8,9.0
2005-02-05 12:00:00,180.0,128.0,1.0,3.4,9.2
2005-02-05 13:00:00,165.0,121.0,1.0,4.2,9.3
2005-02-05 14:00:00,180.0,129.0,1.1,3.7,9.3
2005-02-05 15:00:00,147.0,110.0,0.8,3.3,9.7
2005-02-05 16:00:00,177.0,126.0,1.0,3.4,9.6
2005-02-05 17:00:00,157.0,121.0,0.9,3.1,8.6
2005-02-05 18:00:00,195.0,142.0,0.9,4.3,7.2
2005-02-05 19:00:00,263.0,174.0,1.6,6.2,6.4
2005-02-05 20:00:00,239.0,168.0,1.4,5.2,6.0
2005-02-05 21:00:00,267.0,180.0,1.4,5.8,5.5
2005-02-05 22:00:00,214.0,157.0,1.1,3.5,4.9
2005-02-05 23:00:00,236.0,162.0,1.2,4.9,4.2
2005-02-06 00:00:00,251.0,173.0,1.8,4.7,4.0
2005-02-06 01:00:00,255.0,176.0,1.4,4.9,3.7
2005-02-06 02:00:00,235.0,172.0,1.4,5.0,3.1
2005-02-06 05:00:00,95.0,88.0,0.8,1.8,1.2
2005-02-06 06:00:00,95.0,85.0,0.7,1.3,1.0
2005-02-06 07:00:00,100.0,88.0,0.7,1.5,0.6
2005-02-06 08:00:00,110.0,94.0,0.6,1.3,0.8
2005-02-06 09:00:00,149.0,115.0,0.8,2.0,0.3
2005-02-06 10:00:00,197.0,137.0,1.3,4.3,4.1
2005-02-06 11:00:00,351.0,212.0,2.0,6.7,8.0
2005-02-06 12:00:00,249.0,173.0,1.7,4.6,10.7
2005-02-06 13:00:00,188.0,135.0,1.2,3.5,11.1
2005-02-06 14:00:00,127.0,100.0,1.0,2.1,10.6
2005-02-06 15:00:00,96.0,78.0,0.8,1.9,10.3
2005-02-06 16:00:00,138.0,100.0,1.0,2.7,10.2
2005-02-06 17:00:00,217.0,150.0,1.4,3.7,9.2
2005-02-06 18:00:00,186.0,142.0,1.1,2.9,6.9
2005-02-06 19:00:00,227.0,165.0,1.6,4.5,6.0
2005-02-06 20:00:00,252.0,179.0,1.8,5.3,5.8
2005-02-06 21:00:00,193.0,149.0,1.4,3.7,5.8
2005-02-06 22:00:00,158.0,126.0,1.1,2.6,5.4
2005-02-06 23:00:00,150.0,120.0,1.0,2.4,5.1
2005-02-07 00:00:00,130.0,110.0,1.1,2.4,4.8
2005-02-07 01:00:00,104.0,92.0,1.0,2.0,4.5
2005-02-07 02:00:00,86.0,78.0,0.8,1.5,4.3
2005-02-07 04:00:00,67.0,65.0,0.6,0.8,3.8
2005-02-07 05:00:00,75.0,73.0,0.6,1.0,3.3
2005-02-07 06:00:00,97.0,85.0,0.6,1.3,3.6
2005-02-07 07:00:00,177.0,133.0,0.8,2.4,3.4
2005-02-07 08:00:00,433.0,246.0,2.3,8.7,2.9
2005-02-07 09:00:00,471.0,281.0,2.8,10.5,5.6
2005-02-07 10:00:00,346.0,222.0,2.1,7.9,7.5
2005-02-07 11:00:00,262.0,182.0,1.7,6.5,10.8
2005-02-07 12:00:00,221.0,154.0,1.4,5.7,12.9
2005-02-07 13:00:00,265.0,168.0,1.6,6.2,12.2
2005-02-07 14:00:00,219.0,149.0,1.4,5.4,12.0
2005-02-07 15:00:00,235.0,156.0,1.3,4.9,12.2
2005-02-07 16:00:00,227.0,156.0,1.4,5.0,12.0
2005-02-07 17:00:00,285.0,187.0,1.7,6.9,10.5
2005-02-07 18:00:00,291.0,194.0,1.9,7.5,8.7
2005-02-07 19:00:00,295.0,204.0,2.3,8.2,7.8
2005-02-07 20:00:00,243.0,174.0,2.0,7.7,7.2
2005-02-07 21:00:00,209.0,154.0,1.6,4.5,7.1
2005-02-07 22:00:00,147.0,117.0,1.0,2.7,7.1
2005-02-07 23:00:00,117.0,98.0,0.9,2.3,7.2
2005-02-08 00:00:00,105.0,90.0,0.9,2.1,6.9
2005-02-08 01:00:00,84.0,74.0,0.9,1.4,7.0
2005-02-08 02:00:00,51.0,49.0,0.5,0.8,7.1
2005-02-08 04:00:00,54.0,54.0,0.5,1.0,6.0
2005-02-08 05:00:00,74.0,69.0,0.6,1.3,6.4
2005-02-08 06:00:00,114.0,92.0,0.6,1.6,6.1
2005-02-08 07:00:00,228.0,146.0,1.0,3.0,5.9
2005-02-08 08:00:00,455.0,224.0,2.1,10.0,6.0
2005-02-08 09:00:00,493.0,253.0,2.9,15.1,6.6
2005-02-08 10:00:00,410.0,225.0,2.2,8.6,8.7
2005-02-08 11:00:00,277.0,180.0,1.6,6.9,10.5
2005-02-08 12:00:00,340.0,194.0,1.8,7.6,11.4
2005-02-08 13:00:00,238.0,158.0,1.5,6.9,12.7
2005-02-08 14:00:00,323.0,184.0,2.2,8.5,13.3
2005-02-08 15:00:00,286.0,165.0,1.6,5.3,13.9
2005-02-08 16:00:00,271.0,156.0,1.5,4.4,13.6
2005-02-11 21:00:00,490.0,207.0,4.0,16.8,8.5
2005-02-11 22:00:00,550.0,213.0,4.0,13.0,8.3
2005-02-11 23:00:00,422.0,192.0,3.6,12.6,7.1
2005-02-12 00:00:00,541.0,211.0,4.2,14.2,5.8
2005-02-12 01:00:00,599.0,229.0,4.3,12.9,5.3
2005-02-12 02:00:00,490.0,216.0,3.6,9.7,5.0
2005-02-12 05:00:00,214.0,136.0,1.4,6.6,4.1
2005-02-12 06:00:00,274.0,156.0,1.4,7.3,4.6
2005-02-12 07:00:00,338.0,176.0,1.6,8.8,5.2
2005-02-12 08:00:00,496.0,224.0,2.3,11.9,6.0
2005-02-12 09:00:00,433.0,207.0,2.4,12.0,7.1
2005-02-12 10:00:00,496.0,221.0,2.7,11.9,7.8
2005-02-12 11:00:00,615.0,229.0,3.4,16.2,9.0
2005-02-12 12:00:00,551.0,208.0,3.1,17.6,10.0
2005-02-12 13:00:00,575.0,207.0,3.6,17.6,10.8
2005-02-12 14:00:00,575.0,216.0,3.8,17.5,11.0
2005-02-12 15:00:00,574.0,224.0,3.3,15.7,11.0
2005-02-12 16:00:00,582.0,225.0,3.4,16.7,10.9
2005-02-12 17:00:00,658.0,227.0,3.7,17.1,11.1
2005-02-12 18:00:00,851.0,248.0,4.6,23.0,11.0
2005-02-12 19:00:00,903.0,251.0,5.0,24.6,11.0
2005-02-12 20:00:00,952.0,265.0,5.7,26.8,11.4
2005-02-12 21:00:00,894.0,262.0,5.2,23.2,11.1
2005-02-12 22:00:00,839.0,241.0,5.0,22.0,10.2
2005-02-12 23:00:00,743.0,231.0,4.5,20.4,10.1
2005-02-13 00:00:00,671.0,229.0,4.1,18.0,9.9
2005-02-13 01:00:00,689.0,221.0,4.1,18.5,9.4
2005-02-13 02:00:00,478.0,180.0,3.1,13.3,9.4
2005-02-13 04:00:00,345.0,140.0,2.8,12.5,8.9
2005-02-13 05:00:00,373.0,153.0,2.9,11.5,8.5
2005-02-13 06:00:00,324.0,150.0,2.6,10.9,8.3
2005-02-13 07:00:00,341.0,145.0,2.6,10.7,8.1
2005-02-13 08:00:00,424.0,149.0,2.8,11.9,8.7
2005-02-13 09:00:00,522.0,155.0,3.3,13.4,9.5
2005-02-13 10:00:00,492.0,158.0,3.2,13.0,11.0
2005-02-13 11:00:00,492.0,188.0,3.3,11.2,14.1
2005-02-13 12:00:00,204.0,154.0,1.5,5.5,16.3
2005-02-13 13:00:00,142.0,107.0,1.2,4.9,18.7
2005-02-13 14:00:00,118.0,92.0,1.1,6.5,19.5
2005-02-13 15:00:00,126.0,106.0,1.7,8.4,19.9
2005-02-13 16:00:00,115.0,90.0,1.0,4.4,19.4
2005-02-13 17:00:00,137.0,100.0,1.0,4.3,17.1
2005-02-13 18:00:00,212.0,132.0,2.6,11.6,15.5
2005-02-13 19:00:00,354.0,211.0,2.5,9.0,14.8
2005-02-13 20:00:00,331.0,179.0,2.1,7.8,13.9
2005-02-13 21:00:00,141.0,116.0,1.0,3.7,13.7
2005-02-13 22:00:00,228.0,143.0,1.3,5.3,12.5
2005-02-13 23:00:00,228.0,142.0,1.5,5.6,11.8
2005-02-14 00:00:00,203.0,135.0,1.4,5.3,10.9
2005-02-14 01:00:00,215.0,136.0,1.6,6.0,10.1
2005-02-14 02:00:00,142.0,109.0,1.1,4.0,9.8
2005-02-14 04:00:00,66.0,62.0,0.5,1.8,8.3
2005-02-14 05:00:00,54.0,49.0,0.4,1.5,7.7
2005-02-14 06:00:00,121.0,81.0,0.7,2.9,6.9
2005-02-14 07:00:00,141.0,104.0,0.7,2.2,9.0
2005-02-14 08:00:00,388.0,176.0,2.3,11.4,9.4
2005-02-14 09:00:00,366.0,193.0,2.5,9.5,10.3
2005-02-14 10:00:00,254.0,168.0,1.7,11.6,11.5
2005-02-14 11:00:00,164.0,123.0,2.5,33.9,11.7
2005-02-14 12:00:00,142.0,111.0,2.1,7.6,11.8
2005-02-14 13:00:00,162.0,120.0,1.1,7.0,12.0
2005-02-14 14:00:00,177.0,123.0,1.3,6.9,13.7
2005-02-14 15:00:00,157.0,115.0,1.1,5.8,12.6
2005-02-14 16:00:00,162.0,120.0,1.1,5.2,13.0
2005-02-14 17:00:00,209.0,140.0,1.4,6.4,13.6
2005-02-14 18:00:00,304.0,185.0,2.3,11.9,11.8
2005-02-14 19:00:00,484.0,212.0,4.2,17.4,10.7
2005-02-14 20:00:00,399.0,200.0,3.5,14.7,10.4
2005-02-14 21:00:00,390.0,191.0,3.0,10.0,9.7
2005-02-14 22:00:00,287.0,169.0,1.7,6.6,9.4
2005-02-14 23:00:00,202.0,139.0,1.6,6.6,8.8
2005-02-15 00:00:00,126.0,102.0,1.0,3.1,8.7
2005-02-15 01:00:00,87.0,76.0,0.8,2.2,8.5
2005-02-15 02:00:00,59.0,56.0,0.6,1.3,8.0
2005-02-15 05:00:00,28.0,28.0,0.3,0.5,6.9
2005-02-15 06:00:00,64.0,56.0,0.4,1.3,6.1
2005-02-15 07:00:00,123.0,94.0,0.5,2.5,6.0
2005-02-15 08:00:00,363.0,196.0,1.5,6.7,6.1
2005-02-15 09:00:00,416.0,220.0,2.1,8.0,6.5
2005-02-15 10:00:00,286.0,168.0,1.6,5.3,9.4
2005-02-15 11:00:00,198.0,133.0,1.0,3.3,11.3
2005-02-15 12:00:00,216.0,134.0,1.2,4.4,12.8
2005-02-15 13:00:00,211.0,138.0,1.3,5.5,12.3
2005-02-15 14:00:00,199.0,135.0,1.4,4.8,12.0
2005-02-15 15:00:00,161.0,111.0,1.0,3.5,11.9
2005-02-15 16:00:00,218.0,124.0,1.4,4.9,12.1
2005-02-15 17:00:00,252.0,158.0,1.5,6.6,11.5
2005-02-15 18:00:00,337.0,181.0,2.4,12.3,10.4
2005-02-15 19:00:00,357.0,185.0,2.8,14.1,9.5
2005-02-15 20:00:00,410.0,187.0,3.1,14.2,8.9
2005-02-15 21:00:00,445.0,196.0,3.1,11.6,8.2
2005-02-15 22:00:00,314.0,174.0,2.0,8.2,7.4
2005-02-15 23:00:00,366.0,182.0,2.1,9.2,6.6
2005-02-16 00:00:00,336.0,182.0,1.9,8.3,6.3
2005-02-16 01:00:00,387.0,193.0,2.5,10.7,5.2
2005-02-16 02:00:00,320.0,174.0,2.0,8.0,4.4
2005-02-16 04:00:00,237.0,142.0,1.1,4.5,3.3
2005-02-16 05:00:00,224.0,137.0,0.8,3.8,3.2
2005-02-16 06:00:00,237.0,140.0,0.9,5.1,3.6
2005-02-16 07:00:00,454.0,201.0,1.6,8.8,3.5
2005-02-16 08:00:00,854.0,288.0,3.6,16.1,5.2
2005-02-16 09:00:00,758.0,260.0,3.3,13.4,7.8
2005-02-16 10:00:00,428.0,206.0,2.1,9.0,8.9
2005-02-16 11:00:00,205.0,98.0,1.3,5.0,9.1
2005-02-16 12:00:00,205.0,138.0,1.1,4.3,9.1
2005-02-16 13:00:00,226.0,139.0,1.5,6.3,9.6
2005-02-16 14:00:00,199.0,137.0,1.5,6.0,8.5
2005-02-16 15:00:00,253.0,155.0,1.6,5.7,9.3
2005-02-16 16:00:00,259.0,155.0,1.5,5.6,8.9
2005-02-16 17:00:00,252.0,148.0,1.6,7.0,8.2
2005-02-16 18:00:00,313.0,153.0,2.2,9.5,7.4
2005-02-16 19:00:00,433.0,171.0,3.4,15.9,7.0
2005-02-16 20:00:00,611.0,227.0,5.6,24.7,6.6
2005-02-16 21:00:00,626.0,251.0,5.2,16.8,5.9
2005-02-16 22:00:00,408.0,216.0,2.8,10.7,5.0
2005-02-16 23:00:00,357.0,200.0,2.4,8.3,5.8
2005-02-17 00:00:00,375.0,192.0,2.7,11.0,5.4
2005-02-17 01:00:00,326.0,187.0,2.6,7.4,5.7
2005-02-17 02:00:00,326.0,173.0,2.3,7.9,5.7
2005-02-17 04:00:00,72.0,64.0,0.6,1.7,5.7
2005-02-17 05:00:00,49.0,46.0,0.5,1.0,6.9
2005-02-17 06:00:00,59.0,51.0,0.5,1.1,6.9
2005-02-17 07:00:00,220.0,115.0,1.0,4.0,6.4
2005-02-17 08:00:00,602.0,238.0,2.6,9.7,6.6
2005-02-17 09:00:00,485.0,202.0,2.7,10.6,7.7
2005-02-17 10:00:00,295.0,167.0,1.8,5.4,10.1
2005-02-17 11:00:00,217.0,139.0,1.2,3.9,9.0
2005-02-17 12:00:00,236.0,147.0,1.3,4.4,8.7
2005-02-17 13:00:00,196.0,130.0,1.4,5.0,8.3
2005-02-17 14:00:00,233.0,143.0,1.8,6.8,8.9
2005-02-17 15:00:00,207.0,143.0,1.3,4.8,8.9
2005-02-17 16:00:00,198.0,136.0,1.4,5.0,9.0
2005-02-17 17:00:00,212.0,143.0,1.4,5.2,9.3
2005-02-17 18:00:00,280.0,177.0,2.4,10.0,8.4
2005-02-17 19:00:00,315.0,198.0,2.8,11.1,7.6
2005-02-17 20:00:00,378.0,200.0,3.3,12.9,7.4
2005-02-17 21:00:00,320.0,191.0,2.5,7.8,7.4
2005-02-17 22:00:00,265.0,169.0,2.1,6.3,6.9
2005-02-17 23:00:00,129.0,106.0,1.2,2.8,7.1
2005-02-18 00:00:00,129.0,105.0,1.2,3.3,6.9
2005-02-18 01:00:00,172.0,130.0,1.3,3.1,6.8
2005-02-18 02:00:00,100.0,82.0,1.0,2.1,6.3
2005-02-18 05:00:00,36.0,35.0,0.4,0.8,6.9
2005-02-18 06:00:00,79.0,60.0,0.5,1.3,6.4
2005-02-18 07:00:00,128.0,90.0,0.7,1.8,6.4
2005-02-18 08:00:00,456.0,205.0,2.1,7.9,6.9
2005-02-18 09:00:00,477.0,199.0,2.5,9.8,8.4
2005-02-18 10:00:00,342.0,153.0,2.0,7.4,10.8
2005-02-18 11:00:00,254.0,163.0,1.4,5.3,11.2
2005-02-18 12:00:00,231.0,152.0,1.3,4.8,11.8
2005-02-18 13:00:00,213.0,146.0,1.4,5.6,11.5
2005-02-18 14:00:00,208.0,146.0,1.6,6.6,10.9
2005-02-18 15:00:00,270.0,134.0,1.7,6.7,11.3
2005-02-18 16:00:00,276.0,164.0,1.8,8.4,11.6
2005-02-18 17:00:00,375.0,141.0,2.4,10.3,11.1
2005-02-18 18:00:00,395.0,204.0,2.8,12.6,9.7
2005-02-18 19:00:00,421.0,210.0,3.3,16.0,8.5
2005-02-18 20:00:00,632.0,250.0,4.8,17.6,8.3
2005-02-18 21:00:00,424.0,202.0,2.8,10.1,8.0
2005-02-18 22:00:00,369.0,190.0,2.4,9.8,7.0
2005-02-18 23:00:00,484.0,236.0,2.9,11.5,5.4
2005-02-19 00:00:00,456.0,250.0,2.7,8.2,4.1
2005-02-19 01:00:00,373.0,219.0,2.1,6.8,3.1
2005-02-19 02:00:00,228.0,156.0,1.5,4.3,3.1
2005-02-19 04:00:00,117.0,98.0,0.9,2.6,2.3
2005-02-19 05:00:00,108.0,89.0,0.8,2.4,1.9
2005-02-19 06:00:00,126.0,104.0,0.8,2.3,1.9
2005-02-19 07:00:00,235.0,148.0,1.1,4.5,0.9
2005-02-19 08:00:00,339.0,194.0,1.9,8.5,0.6
2005-02-19 09:00:00,399.0,231.0,2.5,9.0,2.1
2005-02-19 10:00:00,346.0,200.0,2.2,5.7,3.1
2005-02-19 11:00:00,407.0,217.0,2.1,6.9,4.2
2005-02-19 12:00:00,393.0,210.0,2.3,6.4,7.4
2005-02-19 13:00:00,166.0,126.0,1.2,3.5,11.2
2005-02-19 14:00:00,157.0,118.0,1.2,3.7,13.8
2005-02-19 15:00:00,141.0,114.0,1.1,2.9,12.4
2005-02-19 16:00:00,144.0,117.0,1.1,3.4,12.8
2005-02-19 17:00:00,191.0,140.0,1.4,5.3,13.5
2005-02-19 18:00:00,255.0,168.0,1.7,7.3,11.6
2005-02-19 19:00:00,379.0,202.0,2.5,10.0,10.9
2005-02-19 20:00:00,427.0,211.0,2.7,12.3,10.4
2005-02-19 21:00:00,509.0,231.0,3.1,11.8,9.7
2005-02-19 22:00:00,459.0,214.0,2.8,10.4,9.1
2005-02-19 23:00:00,293.0,181.0,1.9,7.7,9.3
2005-02-20 00:00:00,269.0,173.0,1.9,7.5,9.4
2005-02-20 01:00:00,244.0,169.0,1.7,6.1,8.5
2005-02-20 02:00:00,293.0,174.0,2.2,8.3,7.8
2005-02-20 04:00:00,177.0,130.0,1.5,4.9,8.2
2005-02-20 05:00:00,81.0,72.0,0.8,1.9,8.4
2005-02-20 06:00:00,42.0,40.0,0.5,1.0,8.0
2005-02-20 07:00:00,61.0,56.0,0.5,1.1,7.8
2005-02-20 08:00:00,101.0,81.0,0.7,1.5,8.0
2005-02-20 09:00:00,98.0,81.0,0.7,1.6,8.8
2005-02-20 10:00:00,114.0,88.0,0.9,2.3,10.1
2005-02-20 11:00:00,118.0,94.0,1.0,2.5,10.6
2005-02-20 12:00:00,120.0,97.0,1.1,2.5,9.1
2005-02-20 13:00:00,151.0,112.0,1.1,2.8,7.9
2005-02-20 14:00:00,131.0,104.0,1.0,2.4,8.0
2005-02-20 15:00:00,145.0,107.0,1.1,3.3,8.4
2005-02-20 16:00:00,156.0,114.0,1.3,3.2,8.6
2005-02-20 17:00:00,151.0,115.0,1.2,2.8,8.4
2005-02-20 18:00:00,173.0,127.0,1.3,3.4,8.0
2005-02-20 19:00:00,154.0,119.0,1.1,2.9,7.1
2005-02-20 20:00:00,221.0,149.0,1.5,4.6,7.4
2005-02-20 21:00:00,193.0,140.0,1.4,3.8,7.7
2005-02-20 22:00:00,130.0,105.0,1.1,3.1,7.7
2005-02-20 23:00:00,156.0,116.0,1.3,3.7,7.7
2005-02-21 00:00:00,148.0,112.0,1.4,3.3,6.7
2005-02-21 01:00:00,93.0,80.0,1.1,2.1,6.6
2005-02-21 02:00:00,66.0,59.0,0.8,1.2,5.7
2005-02-21 05:00:00,50.0,49.0,0.5,1.0,3.9
2005-02-21 06:00:00,77.0,63.0,0.6,2.1,3.3
2005-02-21 07:00:00,183.0,123.0,1.2,5.5,4.2
2005-02-21 08:00:00,256.0,164.0,2.2,10.9,5.1
2005-02-21 09:00:00,355.0,218.0,2.9,13.3,4.6
2005-02-21 10:00:00,491.0,254.0,2.9,9.6,3.8
2005-02-21 11:00:00,387.0,210.0,2.0,7.0,6.2
2005-02-21 12:00:00,384.0,208.0,1.7,6.6,7.7
2005-02-21 13:00:00,368.0,204.0,2.2,9.3,8.1
2005-02-21 14:00:00,258.0,172.0,1.8,7.9,8.1
2005-02-21 15:00:00,231.0,157.0,1.6,6.9,6.9
2005-02-21 16:00:00,290.0,181.0,1.9,8.6,7.0
2005-02-21 17:00:00,335.0,194.0,2.2,10.0,7.3
2005-02-21 18:00:00,293.0,193.0,2.2,8.8,5.8
2005-02-21 19:00:00,526.0,252.0,4.9,20.2,5.4
2005-02-21 20:00:00,607.0,283.0,6.3,19.7,5.5
2005-02-21 21:00:00,326.0,208.0,2.7,7.1,5.6
2005-02-21 22:00:00,188.0,143.0,1.4,4.4,5.6
2005-02-21 23:00:00,163.0,124.0,1.2,2.9,6.4
2005-02-22 00:00:00,102.0,89.0,0.8,2.1,6.3
2005-02-22 01:00:00,95.0,85.0,0.8,2.1,4.4
2005-02-22 02:00:00,71.0,66.0,0.7,1.1,3.9
2005-02-22 04:00:00,46.0,46.0,0.4,0.5,3.4
2005-02-22 05:00:00,62.0,60.0,0.5,1.0,3.3
2005-02-22 06:00:00,170.0,117.0,0.9,2.6,3.4
2005-02-22 07:00:00,313.0,178.0,1.5,6.7,3.4
2005-02-22 08:00:00,687.0,295.0,3.8,16.7,4.1
2005-02-22 09:00:00,757.0,243.0,5.4,24.0,4.6
2005-02-22 10:00:00,559.0,255.0,3.5,15.0,6.1
2005-02-22 11:00:00,286.0,201.0,1.7,6.9,9.1
2005-02-22 12:00:00,324.0,208.0,2.0,9.1,11.4
2005-02-22 13:00:00,316.0,212.0,2.1,10.0,8.3
2005-02-22 14:00:00,407.0,238.0,3.0,12.9,6.5
2005-02-22 15:00:00,305.0,201.0,2.1,9.0,6.6
2005-02-22 16:00:00,360.0,218.0,2.5,10.9,7.4
2005-02-22 17:00:00,339.0,222.0,2.2,7.9,6.4
2005-02-22 18:00:00,304.0,206.0,2.4,10.2,5.8
2005-02-22 19:00:00,397.0,251.0,3.6,13.2,5.6
2005-02-22 20:00:00,270.0,190.0,2.6,8.1,4.2
2005-02-22 21:00:00,339.0,218.0,2.7,8.5,4.3
2005-02-22 22:00:00,190.0,150.0,1.4,3.6,4.5
2005-02-22 23:00:00,126.0,111.0,0.9,2.6,4.4
2005-02-23 00:00:00,189.0,142.0,1.5,4.3,4.2
2005-02-23 01:00:00,146.0,119.0,1.1,3.2,4.0
2005-02-23 02:00:00,98.0,87.0,0.8,1.8,3.9
2005-02-23 04:00:00,75.0,70.0,0.6,1.2,3.2
2005-02-23 05:00:00,77.0,68.0,0.6,0.7,4.1
2005-02-23 06:00:00,72.0,66.0,0.6,1.0,4.2
2005-02-23 07:00:00,152.0,117.0,0.7,2.2,4.5
2005-02-23 08:00:00,337.0,197.0,1.7,7.7,4.4
2005-02-23 09:00:00,360.0,198.0,1.9,6.2,4.3
2005-02-23 10:00:00,243.0,167.0,1.4,3.8,3.1
2005-02-23 11:00:00,277.0,180.0,1.3,3.6,2.8
2005-02-23 12:00:00,266.0,169.0,1.2,3.7,3.9
2005-02-23 13:00:00,317.0,210.0,1.9,8.3,5.1
2005-02-23 14:00:00,375.0,232.0,2.5,10.1,5.7
2005-02-23 15:00:00,349.0,223.0,2.3,9.9,5.6
2005-02-23 16:00:00,377.0,224.0,2.3,9.2,5.4
2005-02-23 17:00:00,403.0,238.0,2.5,10.3,4.9
2005-02-23 18:00:00,422.0,249.0,2.8,11.4,4.8
2005-02-23 19:00:00,388.0,223.0,2.7,11.7,4.8
2005-02-23 20:00:00,431.0,244.0,3.1,12.6,4.6
2005-02-23 21:00:00,425.0,243.0,2.9,11.4,4.2
2005-02-23 22:00:00,391.0,226.0,2.6,9.6,4.3
2005-02-23 23:00:00,231.0,167.0,1.5,4.6,4.2
2005-02-24 00:00:00,248.0,172.0,1.6,4.7,3.2
2005-02-24 01:00:00,142.0,120.0,1.1,2.6,5.1
2005-02-24 02:00:00,117.0,100.0,0.9,2.9,4.0
2005-02-24 05:00:00,87.0,81.0,0.6,1.2,3.3
2005-02-24 06:00:00,197.0,131.0,0.8,3.0,3.6
2005-02-24 07:00:00,290.0,170.0,1.5,5.5,3.8
2005-02-24 08:00:00,621.0,267.0,3.1,12.9,4.1
2005-02-24 09:00:00,645.0,269.0,3.8,14.5,3.9
2005-02-24 10:00:00,573.0,244.0,2.7,9.0,4.1
2005-02-24 11:00:00,414.0,232.0,1.8,6.5,4.6
2005-02-24 12:00:00,314.0,196.0,1.4,5.4,5.5
2005-02-24 13:00:00,317.0,195.0,1.7,7.4,6.7
2005-02-24 14:00:00,290.0,189.0,1.9,7.7,7.9
2005-02-24 15:00:00,385.0,212.0,2.2,10.7,8.5
2005-02-24 16:00:00,507.0,267.0,3.0,13.3,7.6
2005-02-24 17:00:00,534.0,262.0,3.0,13.2,7.2
2005-02-24 18:00:00,601.0,270.0,3.9,17.5,6.7
2005-02-24 19:00:00,583.0,260.0,4.0,17.7,6.1
2005-02-24 20:00:00,551.0,265.0,3.9,17.5,6.3
2005-02-24 21:00:00,547.0,262.0,3.5,14.1,6.0
2005-02-24 22:00:00,385.0,227.0,2.4,8.4,5.6
2005-02-24 23:00:00,318.0,192.0,2.1,7.9,5.5
2005-02-25 00:00:00,356.0,202.0,2.5,8.1,5.3
2005-02-25 01:00:00,326.0,189.0,2.1,7.1,5.2
2005-02-25 02:00:00,233.0,157.0,1.5,5.2,5.1
2005-02-25 04:00:00,116.0,97.0,1.0,3.4,5.0
2005-02-25 05:00:00,120.0,100.0,0.8,2.1,5.0
2005-02-25 06:00:00,228.0,146.0,1.0,4.1,5.2
2005-02-25 07:00:00,303.0,175.0,1.4,6.1,5.3
2005-02-25 10:00:00,529.0,190.0,4.2,17.8,8.3
2005-02-25 11:00:00,615.0,166.0,3.3,11.8,10.8
2005-02-25 12:00:00,298.0,153.0,1.7,6.6,13.0
2005-02-25 13:00:00,317.0,167.0,2.1,8.4,10.9
2005-02-25 14:00:00,305.0,137.0,2.2,7.6,11.5
2005-02-25 15:00:00,253.0,140.0,1.8,6.7,12.5
2005-02-25 16:00:00,296.0,150.0,2.0,7.9,12.6
2005-02-25 17:00:00,293.0,152.0,2.3,8.4,12.3
2005-02-25 18:00:00,353.0,177.0,2.8,12.1,10.2
2005-02-25 19:00:00,399.0,189.0,3.4,12.6,8.6
2005-02-25 20:00:00,454.0,195.0,4.0,13.6,7.8
2005-02-25 21:00:00,356.0,179.0,2.3,8.1,7.3
2005-02-25 22:00:00,473.0,188.0,2.7,11.2,6.2
2005-02-25 23:00:00,482.0,170.0,2.7,10.1,5.1
2005-02-26 00:00:00,443.0,161.0,2.8,8.8,4.7
2005-02-26 01:00:00,373.0,145.0,2.1,6.8,4.0
2005-02-26 02:00:00,320.0,136.0,1.9,6.4,3.4
2005-02-26 04:00:00,233.0,122.0,1.7,5.2,2.3
2005-02-26 05:00:00,161.0,115.0,1.3,3.6,3.8
2005-02-26 06:00:00,137.0,103.0,0.9,2.7,4.6
2005-02-26 07:00:00,144.0,108.0,1.0,1.9,5.7
2005-02-26 08:00:00,182.0,124.0,1.0,3.9,6.2
2005-02-26 09:00:00,227.0,133.0,1.5,4.1,6.7
2005-02-26 10:00:00,203.0,124.0,1.5,3.7,8.8
2005-02-26 11:00:00,179.0,116.0,1.4,3.6,9.6
2005-02-26 12:00:00,171.0,113.0,2.4,4.1,9.8
2005-02-26 13:00:00,181.0,117.0,2.8,4.5,9.9
2005-02-26 14:00:00,175.0,118.0,2.9,4.5,9.8
2005-02-26 15:00:00,148.0,108.0,2.6,2.9,9.7
2005-02-26 16:00:00,132.0,98.0,2.5,3.1,9.0
2005-02-26 17:00:00,162.0,117.0,2.7,3.9,7.4
2005-02-26 18:00:00,185.0,126.0,2.8,4.2,6.4
2005-02-26 19:00:00,234.0,142.0,3.0,5.2,6.8
2005-02-26 20:00:00,275.0,157.0,3.7,10.2,7.3
2005-02-26 21:00:00,272.0,161.0,3.5,8.1,7.2
2005-02-26 22:00:00,331.0,169.0,3.8,8.5,6.7
2005-02-26 23:00:00,347.0,166.0,4.3,10.7,5.9
2005-02-27 00:00:00,488.0,189.0,4.8,11.5,6.3
2005-02-27 01:00:00,404.0,184.0,4.2,9.5,5.5
2005-02-27 02:00:00,255.0,145.0,3.3,5.3,4.6
2005-02-27 05:00:00,108.0,87.0,1.0,2.7,3.7
2005-02-27 06:00:00,107.0,77.0,0.9,3.1,1.6
2005-02-27 07:00:00,188.0,112.0,1.1,3.2,1.4
2005-02-27 08:00:00,225.0,118.0,1.1,3.6,2.5
2005-02-27 09:00:00,208.0,124.0,1.2,3.7,3.7
2005-02-27 10:00:00,270.0,144.0,1.7,6.4,7.8
2005-02-27 11:00:00,202.0,128.0,1.6,5.2,11.2
2005-02-27 12:00:00,168.0,120.0,1.4,3.9,12.6
2005-02-27 13:00:00,191.0,131.0,1.8,4.1,10.3
2005-02-27 14:00:00,149.0,115.0,1.1,2.5,10.0
2005-02-27 15:00:00,101.0,82.0,0.9,2.2,8.8
2005-02-27 16:00:00,134.0,100.0,1.1,2.3,8.3
2005-02-27 17:00:00,150.0,111.0,1.1,2.4,7.9
2005-02-27 18:00:00,188.0,132.0,1.2,2.9,6.8
2005-02-27 19:00:00,254.0,155.0,1.6,4.9,6.0
2005-02-27 20:00:00,324.0,181.0,2.6,6.8,5.5
2005-02-27 21:00:00,238.0,155.0,1.5,3.1,4.6
2005-02-27 22:00:00,128.0,105.0,1.0,2.1,4.5
2005-02-27 23:00:00,169.0,119.0,1.3,3.9,4.3
2005-02-28 00:00:00,215.0,150.0,1.6,3.8,4.0
2005-02-28 01:00:00,111.0,94.0,1.0,1.8,4.0
2005-02-28 02:00:00,60.0,56.0,0.6,1.0,4.0
2005-02-28 04:00:00,29.0,28.0,0.3,0.4,3.8
2005-02-28 05:00:00,25.0,25.0,0.3,0.3,3.6
2005-02-28 06:00:00,34.0,31.0,0.3,0.2,2.8
2005-02-28 07:00:00,89.0,66.0,0.4,0.7,2.5
2005-02-28 08:00:00,212.0,111.0,1.0,2.6,2.7
2005-02-28 09:00:00,216.0,122.0,1.2,3.1,2.7
2005-02-28 10:00:00,191.0,115.0,1.0,2.3,3.3
2005-02-28 11:00:00,200.0,123.0,0.9,2.0,3.1
2005-02-28 12:00:00,164.0,119.0,0.8,2.0,3.7
2005-02-28 13:00:00,185.0,125.0,1.1,3.1,4.0
2005-02-28 14:00:00,156.0,110.0,1.0,2.9,3.7
2005-02-28 15:00:00,155.0,111.0,0.8,2.1,3.4
2005-02-28 16:00:00,158.0,114.0,0.9,2.5,3.3
2005-02-28 17:00:00,166.0,114.0,0.9,2.8,2.6
2005-02-28 18:00:00,268.0,140.0,2.0,6.7,2.1
2005-02-28 19:00:00,309.0,141.0,2.4,8.1,1.6
2005-02-28 20:00:00,297.0,142.0,2.5,7.4,1.4
2005-02-28 21:00:00,225.0,123.0,1.6,3.6,1.0
2005-02-28 22:00:00,122.0,90.0,0.9,1.9,1.1
2005-02-28 23:00:00,100.0,79.0,0.7,1.4,1.0
2005-03-01 00:00:00,86.0,69.0,0.6,1.2,1.0
2005-03-01 01:00:00,71.0,60.0,0.6,0.9,0.7
2005-03-01 02:00:00,39.0,37.0,0.4,0.6,0.2
2005-03-01 04:00:00,29.0,27.0,0.2,0.2,-0.1
2005-03-01 05:00:00,32.0,30.0,0.2,0.3,-0.3
2005-03-01 06:00:00,37.0,33.0,0.2,0.3,-0.6
2005-03-01 07:00:00,134.0,84.0,0.5,1.0,-0.6
2005-03-01 08:00:00,358.0,147.0,1.5,5.2,-0.2
2005-03-01 09:00:00,354.0,143.0,1.9,6.1,0.6
2005-03-01 10:00:00,284.0,122.0,1.4,3.6,2.8
2005-03-01 11:00:00,213.0,109.0,0.9,2.3,3.1
2005-03-01 12:00:00,174.0,95.0,0.7,1.9,3.3
2005-03-01 13:00:00,157.0,94.0,0.8,2.6,3.1
2005-03-01 14:00:00,178.0,102.0,1.0,3.1,3.2
2005-03-01 15:00:00,187.0,107.0,0.9,2.7,3.3
2005-03-01 16:00:00,198.0,113.0,1.0,3.0,4.1
2005-03-01 17:00:00,186.0,110.0,0.9,3.0,3.9
2005-03-01 18:00:00,203.0,116.0,1.4,5.0,1.9
2005-03-01 19:00:00,313.0,148.0,2.1,7.5,1.8
2005-03-01 20:00:00,342.0,156.0,2.8,9.5,1.4
2005-03-01 21:00:00,310.0,159.0,2.2,5.3,0.8
2005-03-01 22:00:00,165.0,116.0,1.0,2.4,0.6
2005-03-01 23:00:00,152.0,110.0,1.1,2.5,0.3
2005-03-02 00:00:00,141.0,102.0,0.9,2.2,0.2
2005-03-02 01:00:00,122.0,93.0,0.8,1.5,0.0
2005-03-02 02:00:00,79.0,67.0,0.6,1.3,-0.1
2005-03-02 05:00:00,77.0,73.0,0.4,0.9,-1.3
2005-03-02 06:00:00,124.0,96.0,0.5,1.4,-1.2
2005-03-02 07:00:00,159.0,110.0,0.7,3.5,-1.3
2005-03-02 08:00:00,396.0,150.0,2.4,11.0,-1.9
2005-03-02 09:00:00,479.0,169.0,2.8,12.4,-0.5
2005-03-02 10:00:00,438.0,181.0,2.0,8.3,4.6
2005-03-02 11:00:00,466.0,187.0,2.2,8.9,7.5
2005-03-02 12:00:00,288.0,146.0,1.4,5.7,9.6
2005-03-02 13:00:00,205.0,131.0,1.2,5.5,9.3
2005-03-02 14:00:00,311.0,161.0,1.9,9.0,9.7
2005-03-02 15:00:00,246.0,143.0,1.3,6.3,10.1
2005-03-02 16:00:00,356.0,176.0,2.0,9.1,11.8
2005-03-02 17:00:00,397.0,178.0,2.0,8.4,11.6
2005-03-02 18:00:00,579.0,207.0,3.4,17.5,9.1
2005-03-02 19:00:00,819.0,240.0,5.1,23.3,7.2
2005-03-02 20:00:00,754.0,236.0,5.3,19.0,6.1
2005-03-02 21:00:00,473.0,199.0,2.8,11.1,5.1
2005-03-02 22:00:00,300.0,170.0,1.6,6.2,4.8
2005-03-02 23:00:00,235.0,153.0,1.4,5.0,5.0
2005-03-03 00:00:00,207.0,140.0,1.4,5.3,4.1
2005-03-03 01:00:00,204.0,138.0,1.4,4.2,4.4
2005-03-03 02:00:00,155.0,117.0,1.1,3.5,3.8
2005-03-03 04:00:00,179.0,119.0,1.0,4.1,3.4
2005-03-03 05:00:00,143.0,108.0,1.0,4.0,2.9
2005-03-03 06:00:00,212.0,121.0,1.2,5.1,2.8
2005-03-03 07:00:00,263.0,136.0,1.4,6.7,2.9
2005-03-03 08:00:00,648.0,175.0,3.0,15.6,3.8
2005-03-03 09:00:00,717.0,211.0,4.2,17.1,5.9
2005-03-03 10:00:00,389.0,186.0,2.1,8.8,7.3
2005-03-03 11:00:00,438.0,177.0,2.0,6.9,3.6
2005-03-03 12:00:00,282.0,147.0,1.6,5.4,3.6
2005-03-03 13:00:00,268.0,150.0,1.4,4.9,5.3
2005-03-03 14:00:00,248.0,148.0,1.6,5.3,6.1
2005-03-03 15:00:00,272.0,151.0,1.5,5.4,6.0
2005-03-03 16:00:00,291.0,151.0,1.7,5.5,6.3
2005-03-03 17:00:00,363.0,165.0,1.9,7.5,6.3
2005-03-03 18:00:00,660.0,197.0,3.8,16.7,5.6
2005-03-03 19:00:00,907.0,228.0,5.4,18.2,4.9
2005-03-03 20:00:00,639.0,196.0,4.2,15.5,4.3
2005-03-03 21:00:00,574.0,192.0,3.8,10.9,4.3
2005-03-03 22:00:00,373.0,161.0,2.3,8.7,4.6
2005-03-03 23:00:00,330.0,156.0,2.1,7.3,4.4
2005-03-04 00:00:00,336.0,158.0,2.3,7.5,4.3
2005-03-04 01:00:00,347.0,154.0,2.3,6.8,4.1
2005-03-04 02:00:00,241.0,138.0,1.7,4.7,3.9
2005-03-04 04:00:00,96.0,92.0,0.6,1.3,4.5
2005-03-04 05:00:00,147.0,103.0,0.9,2.2,4.0
2005-03-04 06:00:00,210.0,117.0,1.1,3.6,3.7
2005-03-04 07:00:00,409.0,139.0,1.9,7.5,3.1
2005-03-04 08:00:00,719.0,167.0,3.7,16.8,3.7
2005-03-04 09:00:00,959.0,205.0,6.1,28.0,5.0
2005-03-04 10:00:00,744.0,216.0,4.6,15.8,6.5
2005-03-04 11:00:00,583.0,192.0,3.3,15.5,7.6
2005-03-04 12:00:00,597.0,188.0,3.3,14.9,8.6
2005-03-04 13:00:00,550.0,189.0,3.4,16.4,10.9
2005-03-04 14:00:00,499.0,192.0,3.6,15.6,12.3
2005-03-04 15:00:00,470.0,194.0,3.9,16.1,12.5
2005-03-04 16:00:00,568.0,217.0,4.8,16.6,11.9
2005-03-04 17:00:00,525.0,178.0,3.9,15.9,12.3
2005-03-04 18:00:00,481.0,183.0,3.6,13.3,10.8
2005-03-04 19:00:00,414.0,189.0,3.6,14.9,8.9
2005-03-04 20:00:00,565.0,225.0,4.6,18.5,8.4
2005-03-04 21:00:00,303.0,175.0,2.3,7.9,7.5
2005-03-04 22:00:00,221.0,153.0,1.6,5.0,6.9
2005-03-04 23:00:00,260.0,156.0,1.8,6.5,6.6
2005-03-05 00:00:00,327.0,172.0,2.2,6.0,6.3
2005-03-05 01:00:00,344.0,164.0,2.1,6.8,5.4
2005-03-05 02:00:00,270.0,157.0,1.7,4.0,5.8
2005-03-05 05:00:00,136.0,110.0,1.1,3.5,4.2
2005-03-05 06:00:00,194.0,128.0,1.1,4.3,3.1
2005-03-05 07:00:00,168.0,132.0,0.8,2.0,4.6
2005-03-05 08:00:00,254.0,156.0,1.3,6.1,5.0
2005-03-05 09:00:00,410.0,185.0,2.3,8.7,7.0
2005-03-05 10:00:00,166.0,121.0,1.1,3.1,10.0
2005-03-05 11:00:00,162.0,117.0,1.1,5.2,13.0
2005-03-05 12:00:00,188.0,133.0,1.5,5.3,14.0
2005-03-05 13:00:00,199.0,136.0,1.6,6.7,13.3
2005-03-05 14:00:00,272.0,162.0,2.2,8.3,13.4
2005-03-05 15:00:00,180.0,132.0,1.5,5.9,13.5
2005-03-05 16:00:00,255.0,162.0,1.8,7.3,13.0
2005-03-05 17:00:00,251.0,159.0,2.0,8.4,11.6
2005-03-05 18:00:00,258.0,156.0,1.9,7.7,8.6
2005-03-05 19:00:00,344.0,177.0,2.5,9.1,8.5
2005-03-05 20:00:00,380.0,185.0,2.6,10.9,7.8
2005-03-05 21:00:00,464.0,199.0,3.2,10.2,7.2
2005-03-05 22:00:00,304.0,166.0,2.2,7.8,6.5
2005-03-05 23:00:00,258.0,152.0,1.9,7.0,6.5
2005-03-06 00:00:00,358.0,170.0,2.4,9.2,6.8
2005-03-06 01:00:00,278.0,160.0,1.8,4.6,7.0
2005-03-06 02:00:00,116.0,100.0,0.9,2.1,7.2
2005-03-06 04:00:00,60.0,57.0,0.7,1.3,6.8
2005-03-06 05:00:00,51.0,48.0,0.6,0.8,5.8
2005-03-06 06:00:00,33.0,32.0,0.5,0.6,5.8
2005-03-06 07:00:00,80.0,72.0,0.6,1.1,5.5
2005-03-06 08:00:00,103.0,86.0,0.6,1.0,5.9
2005-03-06 09:00:00,93.0,79.0,0.7,1.5,7.3
2005-03-06 10:00:00,108.0,87.0,0.7,1.4,9.4
2005-03-06 11:00:00,107.0,85.0,0.9,2.0,11.2
2005-03-06 12:00:00,122.0,97.0,1.0,2.3,12.3
2005-03-06 13:00:00,122.0,96.0,1.0,2.6,14.8
2005-03-06 14:00:00,156.0,113.0,1.4,6.7,13.1
2005-03-06 15:00:00,246.0,163.0,3.0,13.3,13.3
2005-03-06 16:00:00,205.0,146.0,1.5,4.0,12.0
2005-03-06 17:00:00,257.0,167.0,1.7,5.3,11.5
2005-03-06 18:00:00,228.0,162.0,2.3,8.6,10.1
2005-03-06 19:00:00,321.0,194.0,2.5,6.2,8.6
2005-03-06 20:00:00,270.0,185.0,2.1,5.3,8.0
2005-03-06 21:00:00,203.0,158.0,1.5,4.1,7.5
2005-03-06 22:00:00,201.0,156.0,1.4,3.5,6.8
2005-03-06 23:00:00,207.0,157.0,1.4,4.1,6.1
2005-03-07 00:00:00,180.0,141.0,1.4,3.2,5.6
2005-03-07 01:00:00,140.0,116.0,1.2,3.2,5.4
2005-03-07 02:00:00,93.0,84.0,0.9,1.7,5.1
2005-03-07 04:00:00,35.0,34.0,0.4,0.5,5.2
2005-03-07 05:00:00,47.0,45.0,0.4,0.6,4.5
2005-03-07 06:00:00,68.0,59.0,0.5,0.8,5.2
2005-03-07 07:00:00,131.0,99.0,0.7,1.7,5.6
2005-03-07 08:00:00,289.0,165.0,1.5,5.2,5.9
2005-03-07 09:00:00,322.0,168.0,1.9,6.6,6.9
2005-03-07 10:00:00,330.0,169.0,1.6,5.5,8.6
2005-03-07 11:00:00,339.0,162.0,1.4,4.4,9.6
2005-03-07 12:00:00,316.0,155.0,1.3,4.4,10.6
2005-03-07 13:00:00,218.0,136.0,1.3,4.3,10.2
2005-03-07 14:00:00,177.0,124.0,1.2,4.5,10.0
2005-03-07 15:00:00,278.0,158.0,1.3,4.5,9.7
2005-03-07 16:00:00,313.0,167.0,1.4,4.8,9.7
2005-03-07 17:00:00,351.0,176.0,1.7,6.3,9.4
2005-03-07 18:00:00,374.0,204.0,2.5,9.6,7.9
2005-03-07 19:00:00,431.0,209.0,3.8,15.0,6.9
2005-03-07 20:00:00,468.0,224.0,4.2,15.4,6.1
2005-03-07 21:00:00,368.0,211.0,2.8,8.9,5.0
2005-03-07 22:00:00,239.0,174.0,1.5,5.0,4.2
2005-03-07 23:00:00,292.0,181.0,1.8,6.5,3.9
2005-03-08 00:00:00,205.0,157.0,1.5,4.4,3.0
2005-03-08 01:00:00,255.0,154.0,1.5,5.3,2.5
2005-03-08 02:00:00,220.0,147.0,1.2,3.1,2.0
2005-03-08 05:00:00,153.0,114.0,0.7,1.9,1.4
2005-03-08 06:00:00,224.0,134.0,0.7,2.8,0.9
2005-03-08 07:00:00,295.0,144.0,1.3,5.5,0.3
2005-03-08 08:00:00,667.0,182.0,3.4,18.3,0.9
2005-03-08 09:00:00,867.0,223.0,5.5,26.3,4.1
2005-03-08 10:00:00,666.0,219.0,4.1,16.3,7.7
2005-03-08 11:00:00,595.0,215.0,3.0,12.3,10.9
2005-03-08 12:00:00,421.0,191.0,1.9,7.4,13.7
2005-03-08 13:00:00,292.0,162.0,1.8,8.1,14.0
2005-03-08 14:00:00,308.0,165.0,2.1,10.8,14.1
2005-03-08 15:00:00,347.0,171.0,2.3,9.7,15.0
2005-03-08 16:00:00,377.0,164.0,2.3,9.9,16.5
2005-03-08 17:00:00,325.0,168.0,2.0,9.6,15.8
2005-03-08 18:00:00,508.0,204.0,3.1,16.5,13.2
2005-03-08 19:00:00,768.0,242.0,5.1,23.4,11.0
2005-03-08 20:00:00,764.0,246.0,5.9,24.2,9.5
2005-03-08 21:00:00,500.0,215.0,3.2,13.3,8.5
2005-03-08 22:00:00,463.0,206.0,2.4,8.4,7.5
2005-03-08 23:00:00,258.0,167.0,1.4,5.4,6.6
2005-03-09 00:00:00,214.0,145.0,1.4,5.2,5.5
2005-03-09 01:00:00,191.0,133.0,1.3,4.6,4.9
2005-03-09 02:00:00,154.0,117.0,1.0,3.2,4.6
2005-03-09 04:00:00,113.0,90.0,0.8,2.5,3.8
2005-03-09 05:00:00,167.0,112.0,0.9,2.8,2.3
2005-03-09 06:00:00,235.0,120.0,0.9,3.9,2.0
2005-03-09 07:00:00,372.0,141.0,1.7,7.2,2.0
2005-03-09 08:00:00,877.0,190.0,4.3,20.9,3.3
2005-03-09 09:00:00,900.0,215.0,6.0,27.0,5.7
2005-03-09 10:00:00,733.0,215.0,3.8,18.5,8.3
2005-03-09 11:00:00,691.0,235.0,3.3,14.0,10.5
2005-03-09 12:00:00,457.0,194.0,2.3,10.5,14.5
2005-03-09 13:00:00,369.0,159.0,2.4,11.2,15.7
2005-03-09 14:00:00,285.0,123.0,2.2,10.3,16.1
2005-03-09 15:00:00,279.0,121.0,1.9,8.6,17.3
2005-03-09 16:00:00,198.0,102.0,1.7,7.6,17.6
2005-03-09 17:00:00,229.0,114.0,1.9,10.2,18.0
2005-03-09 18:00:00,477.0,168.0,3.8,17.8,14.6
2005-03-09 19:00:00,679.0,207.0,5.3,25.3,12.8
2005-03-09 20:00:00,682.0,199.0,5.9,24.4,11.5
2005-03-09 21:00:00,679.0,192.0,5.5,20.0,10.6
2005-03-09 22:00:00,298.0,148.0,2.0,7.3,9.7
2005-03-09 23:00:00,265.0,137.0,1.8,6.6,8.3
2005-03-10 00:00:00,196.0,123.0,1.6,5.7,7.8
2005-03-10 01:00:00,155.0,109.0,1.3,4.5,7.5
2005-03-10 02:00:00,131.0,98.0,1.1,4.1,6.1
2005-03-10 04:00:00,165.0,94.0,1.0,3.3,4.0
2005-03-10 05:00:00,169.0,95.0,0.8,3.3,4.2
2005-03-10 06:00:00,224.0,101.0,0.9,3.5,5.3
2005-03-10 07:00:00,249.0,100.0,1.3,6.4,4.3
2005-03-10 08:00:00,863.0,150.0,4.1,20.1,4.8
2005-03-10 09:00:00,665.0,168.0,3.9,21.2,7.5
2005-03-10 10:00:00,670.0,199.0,3.5,13.7,11.7
2005-03-10 11:00:00,500.0,168.0,2.7,11.7,14.7
2005-03-10 12:00:00,428.0,161.0,2.3,10.6,17.4
2005-03-10 14:00:00,306.0,145.0,2.1,9.1,19.1
2005-03-10 15:00:00,334.0,148.0,2.2,9.2,19.5
2005-03-10 16:00:00,268.0,131.0,1.8,5.9,20.2
2005-03-10 17:00:00,284.0,137.0,1.9,8.6,19.8
2005-03-10 18:00:00,393.0,163.0,2.7,12.7,16.5
2005-03-10 19:00:00,603.0,219.0,4.7,19.8,14.5
2005-03-10 20:00:00,757.0,245.0,5.4,23.8,12.8
2005-03-10 21:00:00,684.0,229.0,4.2,14.6,11.5
2005-03-10 22:00:00,426.0,184.0,2.1,7.6,9.5
2005-03-10 23:00:00,254.0,151.0,1.4,4.9,8.3
2005-03-11 00:00:00,227.0,133.0,1.4,5.2,7.7
2005-03-11 01:00:00,221.0,135.0,1.4,4.8,6.8
2005-03-11 02:00:00,155.0,111.0,1.0,3.2,5.7
2005-03-11 03:00:00,120.0,90.0,0.8,2.4,5.7
2005-03-11 05:00:00,128.0,89.0,0.7,2.1,4.9
2005-03-11 06:00:00,148.0,89.0,0.6,2.7,4.5
2005-03-11 07:00:00,233.0,117.0,0.2,4.5,3.8
2005-03-11 08:00:00,470.0,141.0,1.5,13.8,4.3
2005-03-11 09:00:00,679.0,189.0,3.5,22.7,7.1
2005-03-11 10:00:00,796.0,211.0,3.0,19.3,11.1
2005-03-11 12:00:00,339.0,162.0,1.0,9.3,17.2
2005-03-11 13:00:00,354.0,172.0,1.5,12.1,17.8
2005-03-11 14:00:00,466.0,182.0,2.2,14.2,18.8
2005-03-11 15:00:00,417.0,180.0,1.7,12.3,19.3
2005-03-11 16:00:00,289.0,156.0,1.1,10.2,18.8
2005-03-11 17:00:00,324.0,168.0,1.3,10.4,18.2
2005-03-11 18:00:00,376.0,181.0,1.5,13.9,16.0
2005-03-11 19:00:00,619.0,226.0,3.4,23.1,13.8
2005-03-11 20:00:00,689.0,231.0,3.8,22.8,12.9
2005-03-11 21:00:00,582.0,222.0,2.8,13.4,12.8
2005-03-11 22:00:00,287.0,165.0,0.8,6.8,12.2
2005-03-11 23:00:00,238.0,151.0,0.5,6.0,10.6
2005-03-12 00:00:00,312.0,174.0,1.0,5.7,10.3
2005-03-12 01:00:00,231.0,145.0,0.4,3.9,10.2
2005-03-12 02:00:00,234.0,147.0,0.4,4.9,10.0
2005-03-12 03:00:00,195.0,134.0,0.3,4.5,10.2
2005-03-12 08:00:00,132.0,88.0,0.1,3.3,10.6
2005-03-12 09:00:00,178.0,109.0,0.2,5.8,12.6
2005-03-12 10:00:00,218.0,130.0,0.6,6.2,15.0
2005-03-12 11:00:00,246.0,137.0,0.7,6.7,14.2
2005-03-12 12:00:00,252.0,145.0,0.6,5.6,15.1
2005-03-12 13:00:00,208.0,128.0,0.3,5.8,18.0
2005-03-12 14:00:00,219.0,129.0,0.5,7.0,17.9
2005-03-12 15:00:00,160.0,105.0,0.2,3.8,17.7
2005-03-12 16:00:00,191.0,114.0,0.4,5.5,17.6
2005-03-12 17:00:00,270.0,146.0,0.7,7.6,17.5
2005-03-12 18:00:00,285.0,156.0,0.9,8.3,15.6
2005-03-12 19:00:00,289.0,152.0,0.8,7.5,14.0
2005-03-12 20:00:00,550.0,201.0,2.4,14.1,13.2
2005-03-12 21:00:00,679.0,221.0,3.3,12.4,12.0
2005-03-12 22:00:00,314.0,157.0,0.9,5.8,11.6
2005-03-12 23:00:00,166.0,114.0,0.1,3.9,12.0
2005-03-13 00:00:00,157.0,107.0,0.1,2.8,12.5
2005-03-13 01:00:00,173.0,113.0,0.1,3.1,12.3
2005-03-13 02:00:00,184.0,118.0,0.2,3.3,12.4
2005-03-13 09:00:00,166.0,112.0,0.1,3.0,12.9
2005-03-13 10:00:00,260.0,148.0,0.3,5.0,13.9
2005-03-13 11:00:00,362.0,160.0,1.0,7.7,13.5
2005-03-13 12:00:00,415.0,164.0,1.6,10.1,13.2
2005-03-13 13:00:00,358.0,159.0,1.4,8.5,14.2
2005-03-13 14:00:00,170.0,110.0,0.3,2.8,17.2
2005-03-13 15:00:00,130.0,82.0,0.1,3.3,19.9
2005-03-13 16:00:00,177.0,102.0,0.3,5.0,19.7
2005-03-13 17:00:00,233.0,119.0,0.5,5.6,19.0
2005-03-13 18:00:00,282.0,135.0,0.8,7.1,16.4
2005-03-13 19:00:00,583.0,215.0,3.2,16.7,15.1
2005-03-13 20:00:00,566.0,211.0,2.8,12.5,14.8
2005-03-13 21:00:00,323.0,172.0,1.0,6.6,14.6
2005-03-13 22:00:00,318.0,166.0,0.9,8.3,13.7
2005-03-13 23:00:00,336.0,168.0,0.9,7.1,13.2
2005-03-14 00:00:00,196.0,134.0,0.4,3.8,13.2
2005-03-14 01:00:00,193.0,122.0,0.4,5.2,11.7
2005-03-14 02:00:00,192.0,123.0,0.3,5.3,9.9
2005-03-14 03:00:00,147.0,104.0,0.1,3.8,9.8
2005-03-14 05:00:00,117.0,85.0,0.8,2.9,8.4
2005-03-14 06:00:00,201.0,103.0,1.0,4.4,9.2
2005-03-14 07:00:00,318.0,127.0,1.6,7.5,9.9
2005-03-14 08:00:00,658.0,163.0,3.5,15.7,10.8
2005-03-14 09:00:00,680.0,155.0,4.0,22.9,11.7
2005-03-14 10:00:00,497.0,170.0,3.5,10.8,13.7
2005-03-14 11:00:00,290.0,141.0,1.6,6.1,16.3
2005-03-14 12:00:00,230.0,123.0,1.5,7.0,17.9
2005-03-14 13:00:00,215.0,124.0,1.5,7.1,19.3
2005-03-14 14:00:00,226.0,126.0,1.7,8.1,20.1
2005-03-14 15:00:00,240.0,128.0,1.6,7.7,20.0
2005-03-14 16:00:00,391.0,158.0,2.4,10.8,20.2
2005-03-14 17:00:00,492.0,177.0,3.4,14.4,18.9
2005-03-14 18:00:00,700.0,225.0,5.4,25.4,17.9
2005-03-14 19:00:00,782.0,234.0,6.5,29.1,16.7
2005-03-14 20:00:00,728.0,227.0,6.5,28.3,15.9
2005-03-14 21:00:00,510.0,192.0,4.0,14.2,15.3
2005-03-14 22:00:00,308.0,158.0,2.1,8.4,13.7
2005-03-14 23:00:00,248.0,149.0,1.6,7.5,12.7
2005-03-15 00:00:00,233.0,140.0,1.5,5.2,12.2
2005-03-15 01:00:00,96.0,79.0,0.7,2.2,13.0
2005-03-15 02:00:00,90.0,69.0,0.7,2.0,11.1
2005-03-15 03:00:00,95.0,72.0,0.6,1.8,10.1
2005-03-15 04:00:00,68.0,58.0,0.5,1.1,11.6
2005-03-15 05:00:00,75.0,59.0,0.4,1.2,10.1
2005-03-15 06:00:00,145.0,88.0,0.6,2.4,9.3
2005-03-15 07:00:00,185.0,110.0,0.9,3.8,10.1
2005-03-15 08:00:00,506.0,151.0,2.6,14.0,10.4
2005-03-15 09:00:00,485.0,158.0,3.3,18.9,13.0
2005-03-15 10:00:00,684.0,194.0,4.0,15.6,16.4
2005-03-15 11:00:00,562.0,181.0,3.1,13.2,19.1
2005-03-15 12:00:00,357.0,161.0,2.2,10.3,21.0
2005-03-15 13:00:00,306.0,143.0,2.1,9.7,22.1
2005-03-15 14:00:00,292.0,142.0,2.2,10.0,22.2
2005-03-15 15:00:00,305.0,146.0,1.9,10.9,23.6
2005-03-15 16:00:00,386.0,166.0,2.5,12.3,23.6
2005-03-15 17:00:00,408.0,172.0,2.9,14.2,22.8
2005-03-15 18:00:00,521.0,196.0,3.9,21.6,20.3
2005-03-15 19:00:00,766.0,243.0,6.3,30.9,18.0
2005-03-15 20:00:00,841.0,248.0,7.4,33.5,16.4
2005-03-15 21:00:00,754.0,233.0,5.7,19.9,14.9
2005-03-15 22:00:00,350.0,174.0,2.3,8.4,13.8
2005-03-15 23:00:00,244.0,149.0,1.5,6.1,13.2
2005-03-16 00:00:00,221.0,134.0,1.4,5.7,11.8
2005-03-16 01:00:00,183.0,123.0,1.1,4.0,11.4
2005-03-16 02:00:00,166.0,111.0,0.9,2.9,11.3
2005-03-16 03:00:00,133.0,93.0,0.7,2.0,10.7
2005-03-16 04:00:00,147.0,97.0,0.6,1.7,9.0
2005-03-16 05:00:00,119.0,86.0,0.6,1.6,8.0
2005-03-16 06:00:00,179.0,99.0,0.8,3.3,7.5
2005-03-16 07:00:00,178.0,99.0,1.0,3.6,7.6
2005-03-16 08:00:00,390.0,129.0,2.1,10.2,8.7
2005-03-16 09:00:00,579.0,161.0,4.2,25.2,11.7
2005-03-16 10:00:00,735.0,202.0,4.3,16.0,15.9
2005-03-16 11:00:00,568.0,200.0,3.2,13.3,19.3
2005-03-16 12:00:00,487.0,194.0,2.8,11.9,23.1
2005-03-16 13:00:00,343.0,173.0,2.4,10.9,26.1
2005-03-16 14:00:00,351.0,169.0,2.5,11.0,26.8
2005-03-16 15:00:00,417.0,188.0,2.9,17.3,28.4
2005-03-16 16:00:00,509.0,211.0,3.0,12.4,28.8
2005-03-16 17:00:00,573.0,210.0,3.6,17.4,27.9
2005-03-16 18:00:00,518.0,193.0,3.5,17.5,24.1
2005-03-16 19:00:00,641.0,227.0,4.8,26.2,21.0
2005-03-16 20:00:00,544.0,223.0,4.4,23.1,18.4
2005-03-16 21:00:00,582.0,229.0,4.9,23.5,16.9
2005-03-16 22:00:00,407.0,194.0,2.9,13.3,15.5
2005-03-16 23:00:00,327.0,171.0,2.1,10.5,14.3
2005-03-17 00:00:00,221.0,147.0,1.6,6.3,14.7
2005-03-17 01:00:00,142.0,111.0,1.2,4.4,13.3
2005-03-17 02:00:00,123.0,104.0,0.9,3.3,12.6
2005-03-17 03:00:00,106.0,90.0,0.7,2.0,11.5
2005-03-17 05:00:00,85.0,69.0,0.5,1.4,9.8
2005-03-17 06:00:00,114.0,84.0,0.6,2.3,9.0
2005-03-17 07:00:00,299.0,123.0,1.3,5.9,7.9
2005-03-17 08:00:00,723.0,166.0,3.8,18.9,9.5
2005-03-17 09:00:00,745.0,189.0,5.6,26.1,13.2
2005-03-17 10:00:00,668.0,217.0,4.4,16.2,16.9
2005-03-17 11:00:00,571.0,196.0,3.0,10.8,20.8
2005-03-17 12:00:00,388.0,189.0,2.2,11.1,24.3
2005-03-17 13:00:00,323.0,174.0,2.0,10.2,26.7
2005-03-17 14:00:00,312.0,161.0,2.2,11.9,27.1
2005-03-17 15:00:00,320.0,158.0,2.1,11.8,28.3
2005-03-17 16:00:00,322.0,161.0,2.2,10.9,27.8
2005-03-17 17:00:00,276.0,147.0,1.9,8.6,26.2
2005-03-17 18:00:00,341.0,165.0,2.7,15.0,22.7
2005-03-17 19:00:00,531.0,214.0,3.9,21.3,20.2
2005-03-17 20:00:00,653.0,228.0,5.6,24.8,17.3
2005-03-17 21:00:00,646.0,240.0,4.9,18.4,16.1
2005-03-17 22:00:00,333.0,188.0,2.2,9.1,14.6
2005-03-17 23:00:00,299.0,173.0,1.9,8.1,13.7
2005-03-18 00:00:00,224.0,150.0,1.4,5.9,12.4
2005-03-18 01:00:00,195.0,134.0,1.3,5.1,11.9
2005-03-18 02:00:00,209.0,132.0,1.1,4.5,10.4
2005-03-18 03:00:00,168.0,117.0,0.9,3.2,8.9
2005-03-18 04:00:00,153.0,103.0,0.9,2.8,8.2
2005-03-18 05:00:00,140.0,99.0,0.7,2.0,7.7
2005-03-18 06:00:00,184.0,106.0,0.8,3.3,7.2
2005-03-18 07:00:00,266.0,113.0,1.2,5.4,7.5
2005-03-18 08:00:00,518.0,141.0,2.9,14.5,8.7
2005-03-18 09:00:00,681.0,180.0,5.4,26.5,12.0
2005-03-18 10:00:00,558.0,192.0,4.3,17.6,15.4
2005-03-18 11:00:00,457.0,187.0,3.1,14.9,18.8
2005-03-18 12:00:00,353.0,169.0,2.4,10.3,22.2
2005-03-18 13:00:00,313.0,161.0,2.3,12.0,24.7
2005-03-18 14:00:00,290.0,160.0,2.3,10.4,25.0
2005-03-18 15:00:00,318.0,177.0,2.3,12.9,25.9
2005-03-18 16:00:00,479.0,219.0,3.4,15.1,25.6
2005-03-18 17:00:00,494.0,212.0,3.7,15.8,25.1
2005-03-18 18:00:00,551.0,225.0,4.1,20.1,22.1
2005-03-18 19:00:00,701.0,240.0,5.6,25.6,19.1
2005-03-18 20:00:00,571.0,223.0,5.3,24.0,16.7
2005-03-18 21:00:00,643.0,241.0,4.9,18.3,15.5
2005-03-18 22:00:00,282.0,159.0,2.0,7.2,13.3
2005-03-18 23:00:00,251.0,150.0,1.9,6.8,12.1
2005-03-19 00:00:00,307.0,163.0,2.2,6.8,11.8
2005-03-19 01:00:00,282.0,155.0,1.9,6.4,11.6
2005-03-19 02:00:00,160.0,119.0,1.1,2.7,11.8
2005-03-19 03:00:00,125.0,94.0,1.0,2.9,12.3
2005-03-19 04:00:00,106.0,80.0,0.9,2.2,12.2
2005-03-19 05:00:00,111.0,83.0,0.9,2.5,12.1
2005-03-19 06:00:00,115.0,79.0,0.7,1.9,11.8
2005-03-19 07:00:00,156.0,96.0,1.0,3.6,11.9
2005-03-19 08:00:00,320.0,141.0,2.0,10.1,12.2
2005-03-19 09:00:00,380.0,153.0,2.7,10.9,12.8
2005-03-19 10:00:00,371.0,156.0,2.5,9.9,13.4
2005-03-19 11:00:00,343.0,162.0,2.4,9.7,14.5
2005-03-19 12:00:00,297.0,164.0,2.2,8.9,15.8
2005-03-19 13:00:00,281.0,160.0,2.1,8.5,17.5
2005-03-19 14:00:00,220.0,140.0,1.8,6.6,19.5
2005-03-19 15:00:00,174.0,119.0,1.4,5.4,21.2
2005-03-19 16:00:00,260.0,153.0,2.1,8.7,21.7
2005-03-19 17:00:00,222.0,139.0,1.7,5.8,20.5
2005-03-19 18:00:00,266.0,156.0,1.9,7.6,18.2
2005-03-19 19:00:00,387.0,183.0,2.7,12.4,16.2
2005-03-19 20:00:00,425.0,185.0,3.2,14.7,15.0
2005-03-19 21:00:00,484.0,200.0,3.3,10.5,14.1
2005-03-19 22:00:00,325.0,163.0,2.3,7.3,13.2
2005-03-19 23:00:00,257.0,154.0,1.9,8.5,13.5
2005-03-20 00:00:00,273.0,151.0,1.9,6.8,13.6
2005-03-20 01:00:00,276.0,149.0,1.9,5.9,13.6
2005-03-20 02:00:00,202.0,131.0,1.5,4.3,13.4
2005-03-20 03:00:00,132.0,94.0,1.1,3.5,13.2
2005-03-20 05:00:00,87.0,69.0,0.8,2.4,12.6
2005-03-20 06:00:00,70.0,57.0,0.6,1.6,13.1
2005-03-20 07:00:00,113.0,78.0,0.7,2.7,12.4
2005-03-20 08:00:00,112.0,84.0,0.7,2.5,13.3
2005-03-20 09:00:00,140.0,97.0,1.0,3.9,14.0
2005-03-20 10:00:00,214.0,123.0,1.5,6.2,15.4
2005-03-20 11:00:00,334.0,166.0,2.4,8.8,17.0
2005-03-20 12:00:00,203.0,130.0,1.6,4.3,18.6
2005-03-20 13:00:00,163.0,109.0,1.2,3.4,21.5
2005-03-20 14:00:00,110.0,82.0,0.9,2.2,21.3
2005-03-20 15:00:00,107.0,73.0,0.9,3.6,23.1
2005-03-20 16:00:00,135.0,91.0,1.1,4.1,22.1
2005-03-20 17:00:00,187.0,109.0,1.4,5.7,21.5
2005-03-20 18:00:00,240.0,128.0,1.7,6.6,19.3
2005-03-20 19:00:00,398.0,155.0,2.9,12.7,17.3
2005-03-20 20:00:00,585.0,176.0,4.0,14.8,16.0
2005-03-20 21:00:00,590.0,179.0,4.0,12.3,15.6
2005-03-20 22:00:00,295.0,124.0,1.9,6.3,14.8
2005-03-20 23:00:00,209.0,105.0,1.5,5.3,13.8
2005-03-21 00:00:00,183.0,99.0,1.5,5.3,13.1
2005-03-21 01:00:00,177.0,104.0,1.6,4.7,13.3
2005-03-21 02:00:00,126.0,95.0,1.1,3.3,13.3
2005-03-21 03:00:00,100.0,81.0,0.8,2.7,13.1
2005-03-21 04:00:00,83.0,68.0,0.7,2.0,12.2
2005-03-21 05:00:00,84.0,69.0,0.6,1.6,11.6
2005-03-21 06:00:00,113.0,73.0,0.7,3.0,12.9
2005-03-21 07:00:00,270.0,113.0,1.3,6.1,12.8
2005-03-21 08:00:00,487.0,141.0,3.2,17.3,13.5
2005-03-21 09:00:00,723.0,174.0,6.1,31.0,14.7
2005-03-21 10:00:00,614.0,178.0,4.3,15.4,15.9
2005-03-21 11:00:00,395.0,163.0,2.6,10.9,18.3
2005-03-21 12:00:00,310.0,143.0,2.0,8.4,19.8
2005-03-21 13:00:00,259.0,127.0,1.8,7.1,21.6
2005-03-21 14:00:00,251.0,131.0,2.1,10.0,23.3
2005-03-21 15:00:00,261.0,135.0,2.1,8.2,23.8
2005-03-21 16:00:00,241.0,131.0,2.0,9.2,22.8
2005-03-21 17:00:00,317.0,153.0,2.6,12.4,22.8
2005-03-21 18:00:00,505.0,198.0,4.5,23.3,20.9
2005-03-21 19:00:00,669.0,232.0,6.4,29.7,18.6
2005-03-21 20:00:00,638.0,224.0,6.0,25.7,17.2
2005-03-21 21:00:00,433.0,183.0,3.8,14.3,15.3
2005-03-21 22:00:00,252.0,144.0,2.1,8.2,14.2
2005-03-21 23:00:00,154.0,117.0,1.2,4.9,13.8
2005-03-22 00:00:00,152.0,106.0,1.3,5.9,13.3
2005-03-22 01:00:00,181.0,121.0,1.5,5.7,12.6
2005-03-22 02:00:00,109.0,87.0,0.9,2.9,12.8
2005-03-22 03:00:00,73.0,62.0,0.7,1.8,12.8
2005-03-22 04:00:00,83.0,70.0,0.5,1.2,12.0
2005-03-22 05:00:00,90.0,66.0,0.6,1.6,10.6
2005-03-22 06:00:00,151.0,88.0,0.7,2.5,10.9
2005-03-22 07:00:00,191.0,93.0,0.9,3.8,10.3
2005-03-22 08:00:00,403.0,116.0,2.2,13.5,11.8
2005-03-22 09:00:00,555.0,151.0,4.7,27.8,14.1
2005-03-22 10:00:00,551.0,169.0,4.5,18.8,16.5
2005-03-22 11:00:00,473.0,166.0,3.1,15.7,20.2
2005-03-22 12:00:00,388.0,160.0,2.8,15.6,21.7
2005-03-22 13:00:00,296.0,145.0,2.4,12.3,23.5
2005-03-22 14:00:00,283.0,131.0,2.5,12.4,23.5
2005-03-22 15:00:00,256.0,130.0,2.0,9.1,25.5
2005-03-22 16:00:00,234.0,122.0,1.7,8.6,25.5
2005-03-22 17:00:00,215.0,113.0,1.7,8.4,22.9
2005-03-22 18:00:00,454.0,156.0,3.3,20.9,21.3
2005-03-22 19:00:00,605.0,198.0,4.5,21.9,20.1
2005-03-22 20:00:00,529.0,175.0,5.8,20.4,18.6
2005-03-22 21:00:00,354.0,141.0,4.3,11.0,17.4
2005-03-22 22:00:00,195.0,101.0,3.0,6.8,16.4
2005-03-22 23:00:00,161.0,102.0,2.8,6.3,16.3
2005-03-23 00:00:00,187.0,119.0,2.7,6.2,16.0
2005-03-23 01:00:00,156.0,110.0,2.4,3.5,15.6
2005-03-23 02:00:00,116.0,87.0,2.2,3.3,15.4
2005-03-23 03:00:00,83.0,66.0,2.0,2.5,15.2
2005-03-23 05:00:00,78.0,63.0,0.5,1.8,15.0
2005-03-23 06:00:00,127.0,71.0,0.7,3.6,14.2
2005-03-23 07:00:00,279.0,103.0,1.2,6.1,14.0
2005-03-23 08:00:00,649.0,144.0,3.9,22.3,15.4
2005-03-23 09:00:00,593.0,158.0,4.9,27.0,17.8
2005-03-23 10:00:00,584.0,169.0,4.6,19.5,19.4
2005-03-23 11:00:00,563.0,184.0,3.4,15.8,21.4
2005-03-23 12:00:00,337.0,143.0,2.0,10.3,22.9
2005-03-23 13:00:00,272.0,133.0,1.9,11.0,24.2
2005-03-23 14:00:00,322.0,141.0,2.4,11.9,24.5
2005-03-23 15:00:00,362.0,153.0,2.4,11.7,23.1
2005-03-23 16:00:00,361.0,149.0,2.2,12.0,23.3
2005-03-23 17:00:00,431.0,159.0,2.5,12.3,23.2
2005-03-23 18:00:00,545.0,181.0,3.9,23.2,22.7
2005-03-23 19:00:00,796.0,227.0,6.2,32.6,21.0
2005-03-23 20:00:00,874.0,230.0,7.2,32.0,19.5
2005-03-23 21:00:00,551.0,194.0,3.9,18.8,18.8
2005-03-23 22:00:00,393.0,172.0,2.4,12.1,17.7
2005-03-23 23:00:00,369.0,158.0,2.3,13.0,16.7
2005-03-24 00:00:00,314.0,144.0,1.9,9.9,15.9
2005-03-24 01:00:00,294.0,133.0,1.7,8.1,15.1
2005-03-24 02:00:00,165.0,109.0,0.9,3.8,15.3
2005-03-24 03:00:00,143.0,94.0,0.7,3.1,13.1
2005-03-24 04:00:00,93.0,73.0,0.5,2.0,13.3
2005-03-24 05:00:00,111.0,76.0,0.4,2.2,12.4
2005-03-24 06:00:00,105.0,74.0,0.4,2.3,12.9
2005-03-24 07:00:00,173.0,73.0,0.7,4.9,11.9
2005-03-24 08:00:00,541.0,107.0,3.1,19.8,13.4
2005-03-24 09:00:00,581.0,115.0,3.4,15.0,16.1
2005-03-24 10:00:00,591.0,132.0,3.5,18.1,17.9
2005-03-24 11:00:00,653.0,155.0,3.2,15.3,18.2
2005-03-24 12:00:00,690.0,140.0,3.2,17.8,16.0
2005-03-24 13:00:00,602.0,147.0,3.3,17.3,17.6
2005-03-24 14:00:00,489.0,161.0,3.0,14.1,20.9
2005-03-24 15:00:00,288.0,123.0,2.0,10.3,24.1
2005-03-24 16:00:00,323.0,142.0,2.3,11.0,22.9
2005-03-24 17:00:00,301.0,143.0,2.2,10.3,22.2
2005-03-24 18:00:00,335.0,153.0,2.7,14.6,21.3
2005-03-24 19:00:00,659.0,200.0,5.9,30.8,20.1
2005-03-24 20:00:00,847.0,232.0,7.5,35.5,18.8
2005-03-24 21:00:00,691.0,201.0,5.0,24.2,18.2
2005-03-24 22:00:00,590.0,175.0,4.0,17.8,17.4
2005-03-24 23:00:00,449.0,159.0,2.7,11.9,17.0
2005-03-25 00:00:00,316.0,135.0,2.0,9.3,16.2
2005-03-25 01:00:00,239.0,128.0,1.5,6.3,15.3
2005-03-25 02:00:00,165.0,109.0,1.0,4.0,15.2
2005-03-25 03:00:00,152.0,101.0,1.0,4.1,13.9
2005-03-25 04:00:00,144.0,96.0,0.9,4.1,13.6
2005-03-25 05:00:00,126.0,87.0,0.8,3.3,13.7
2005-03-25 06:00:00,132.0,81.0,0.6,2.5,13.7
2005-03-25 07:00:00,228.0,100.0,1.0,5.4,14.1
2005-03-25 08:00:00,580.0,146.0,3.2,17.4,14.8
2005-03-25 09:00:00,564.0,158.0,4.3,22.9,16.0
2005-03-25 10:00:00,369.0,136.0,2.7,11.1,18.4
2005-03-25 11:00:00,260.0,117.0,1.6,9.5,20.4
2005-03-25 12:00:00,371.0,140.0,1.4,13.6,21.3
2005-03-25 13:00:00,513.0,169.0,2.3,17.0,20.4
2005-03-25 14:00:00,471.0,163.0,2.1,15.8,21.1
2005-03-25 15:00:00,378.0,144.0,1.4,14.3,21.5
2005-03-25 16:00:00,445.0,153.0,3.4,17.5,21.7
2005-03-25 17:00:00,483.0,164.0,3.8,17.8,21.0
2005-03-25 18:00:00,530.0,174.0,4.9,24.3,20.4
2005-03-25 19:00:00,649.0,196.0,5.7,27.2,19.4
2005-03-25 20:00:00,604.0,189.0,5.5,23.7,18.8
2005-03-25 21:00:00,486.0,155.0,3.9,16.7,18.2
2005-03-25 22:00:00,402.0,137.0,3.1,14.0,17.7
2005-03-25 23:00:00,268.0,117.0,2.0,10.1,17.7
2005-03-26 00:00:00,350.0,128.0,2.5,12.1,17.1
2005-03-26 01:00:00,312.0,124.0,2.2,10.5,16.8
2005-03-26 02:00:00,243.0,108.0,1.5,7.2,16.6
2005-03-26 03:00:00,202.0,89.0,1.2,6.4,16.1
2005-03-26 05:00:00,139.0,84.0,0.8,5.3,16.3
2005-03-26 06:00:00,156.0,83.0,0.1,4.9,16.1
2005-03-26 07:00:00,175.0,80.0,1.1,5.7,16.1
2005-03-26 08:00:00,281.0,93.0,1.7,9.0,16.5
2005-03-26 09:00:00,322.0,106.0,2.1,10.9,17.4
2005-03-26 10:00:00,369.0,115.0,2.3,10.6,18.4
2005-03-26 11:00:00,366.0,124.0,2.1,9.3,19.1
2005-03-26 12:00:00,301.0,113.0,1.9,8.3,21.2
2005-03-26 13:00:00,232.0,104.0,1.7,6.6,22.3
2005-03-26 14:00:00,156.0,85.0,1.3,5.1,23.7
2005-03-26 15:00:00,169.0,94.0,1.3,7.9,23.1
2005-03-26 16:00:00,203.0,99.0,1.6,7.7,25.7
2005-03-26 17:00:00,260.0,112.0,2.2,10.7,24.3
2005-03-26 18:00:00,289.0,122.0,2.3,10.5,21.9
2005-03-26 19:00:00,273.0,119.0,2.2,10.9,19.7
2005-03-26 20:00:00,263.0,119.0,2.0,8.4,18.7
2005-03-26 21:00:00,295.0,127.0,2.3,10.0,17.8
2005-03-26 22:00:00,303.0,126.0,2.2,10.3,17.3
2005-03-26 23:00:00,209.0,111.0,1.6,7.2,16.5
2005-03-27 00:00:00,200.0,102.0,1.6,6.4,16.3
2005-03-27 01:00:00,174.0,93.0,1.3,4.3,16.5
2005-03-27 02:00:00,115.0,78.0,1.0,3.3,16.6
2005-03-27 03:00:00,122.0,74.0,1.0,3.9,16.2
2005-03-27 04:00:00,105.0,68.0,1.0,3.4,15.9
2005-03-27 05:00:00,102.0,68.0,0.8,2.3,15.8
2005-03-27 06:00:00,96.0,61.0,0.7,2.3,15.8
2005-03-27 07:00:00,144.0,76.0,1.1,4.2,15.6
2005-03-27 08:00:00,152.0,78.0,1.1,3.6,15.2
2005-03-27 09:00:00,156.0,79.0,1.1,4.4,14.5
2005-03-27 10:00:00,208.0,90.0,1.4,4.6,15.2
2005-03-27 11:00:00,174.0,89.0,1.3,4.5,15.9
2005-03-27 12:00:00,206.0,97.0,1.5,5.0,17.5
2005-03-27 13:00:00,160.0,91.0,1.3,3.8,18.1
2005-03-27 14:00:00,91.0,62.0,0.8,2.5,18.6
2005-03-27 15:00:00,106.0,66.0,0.9,2.7,16.2
2005-03-27 16:00:00,199.0,104.0,1.4,3.5,15.4
2005-03-27 17:00:00,299.0,126.0,1.8,4.9,14.4
2005-03-27 18:00:00,272.0,122.0,1.6,4.4,13.8
2005-03-27 19:00:00,285.0,121.0,1.8,5.7,13.9
2005-03-27 20:00:00,307.0,126.0,2.1,6.3,14.2
2005-03-27 21:00:00,237.0,115.0,1.9,6.0,14.1
2005-03-27 22:00:00,244.0,116.0,1.7,6.0,14.4
2005-03-27 23:00:00,284.0,120.0,1.9,5.6,14.6
2005-03-28 00:00:00,221.0,111.0,1.6,4.3,14.4
2005-03-28 01:00:00,173.0,101.0,1.2,3.0,14.4
2005-03-28 02:00:00,144.0,92.0,1.0,2.8,14.1
2005-03-28 03:00:00,117.0,78.0,1.0,2.7,13.7
2005-03-28 04:00:00,89.0,63.0,0.8,2.0,13.9
2005-03-28 05:00:00,97.0,63.0,0.6,1.9,13.8
2005-03-28 06:00:00,95.0,63.0,0.6,1.9,13.9
2005-03-28 07:00:00,166.0,84.0,1.0,3.1,14.1
2005-03-28 08:00:00,160.0,89.0,1.0,3.4,15.0
2005-03-28 09:00:00,176.0,101.0,1.3,4.9,16.4
2005-03-28 10:00:00,216.0,115.0,1.5,5.2,17.8
2005-03-28 11:00:00,220.0,111.0,1.6,5.5,20.8
2005-03-28 12:00:00,183.0,96.0,1.4,4.2,21.6
2005-03-28 13:00:00,154.0,87.0,1.4,3.3,23.1
2005-03-28 14:00:00,132.0,81.0,1.2,4.8,23.6
2005-03-28 15:00:00,140.0,85.0,1.3,4.2,25.1
2005-03-28 16:00:00,186.0,98.0,1.4,3.7,24.7
2005-03-28 17:00:00,213.0,109.0,1.6,6.2,24.2
2005-03-28 18:00:00,376.0,150.0,2.8,9.7,22.7
2005-03-28 19:00:00,508.0,175.0,3.7,12.4,19.6
2005-03-28 20:00:00,388.0,157.0,2.9,9.4,17.6
2005-03-28 21:00:00,250.0,130.0,1.8,7.1,16.2
2005-03-28 22:00:00,232.0,120.0,1.6,6.1,15.2
2005-03-28 23:00:00,229.0,114.0,1.7,6.0,14.5
2005-03-29 00:00:00,184.0,100.0,1.5,5.0,14.3
2005-03-29 01:00:00,117.0,83.0,1.0,2.9,14.7
2005-03-29 02:00:00,103.0,72.0,0.8,2.2,13.4
2005-03-29 03:00:00,66.0,51.0,0.5,1.0,14.2
2005-03-29 05:00:00,95.0,58.0,0.5,1.9,13.7
2005-03-29 06:00:00,188.0,86.0,1.0,4.7,12.9
2005-03-29 07:00:00,527.0,122.0,3.0,16.0,13.2
2005-03-29 08:00:00,623.0,140.0,5.1,26.3,14.4
2005-03-29 09:00:00,606.0,146.0,4.3,18.8,15.3
2005-03-29 10:00:00,460.0,152.0,3.3,14.4,17.7
2005-03-29 11:00:00,346.0,147.0,2.4,10.0,19.6
2005-03-29 12:00:00,296.0,134.0,2.4,12.1,18.1
2005-03-29 13:00:00,321.0,136.0,2.5,11.7,18.0
2005-03-29 14:00:00,312.0,142.0,2.3,12.0,18.6
2005-03-29 15:00:00,355.0,153.0,2.7,12.3,18.3
2005-03-29 16:00:00,349.0,153.0,2.7,12.3,18.3
2005-03-29 17:00:00,385.0,155.0,3.3,16.7,18.3
2005-03-29 18:00:00,456.0,181.0,3.9,15.3,18.5
2005-03-29 19:00:00,306.0,151.0,2.6,13.4,17.1
2005-03-29 20:00:00,402.0,159.0,3.2,13.5,16.4
2005-03-29 21:00:00,340.0,151.0,2.3,9.0,15.2
2005-03-29 22:00:00,206.0,127.0,1.4,4.8,14.6
2005-03-29 23:00:00,158.0,107.0,1.1,5.0,13.5
2005-03-30 00:00:00,178.0,101.0,1.2,4.9,13.0
2005-03-30 01:00:00,118.0,80.0,0.9,3.4,13.0
2005-03-30 02:00:00,95.0,68.0,0.7,2.4,11.6
2005-03-30 03:00:00,84.0,61.0,0.5,1.1,12.5
2005-03-30 04:00:00,82.0,56.0,0.4,1.4,11.5
2005-03-30 05:00:00,122.0,70.0,0.5,2.1,10.2
2005-03-30 06:00:00,146.0,78.0,0.8,3.8,11.0
2005-03-30 07:00:00,397.0,106.0,2.3,12.6,10.7
2005-03-30 08:00:00,371.0,117.0,2.9,14.7,12.1
2005-03-30 09:00:00,454.0,144.0,3.1,15.5,15.1
2005-03-30 10:00:00,433.0,158.0,2.7,12.1,18.6
2005-03-30 11:00:00,287.0,137.0,1.8,7.9,20.9
2005-03-30 12:00:00,265.0,130.0,1.9,9.6,23.6
2005-03-30 13:00:00,225.0,125.0,1.8,8.3,25.6
2005-03-30 14:00:00,210.0,124.0,1.8,9.2,26.1
2005-03-30 15:00:00,215.0,125.0,1.8,8.4,26.6
2005-03-30 16:00:00,227.0,135.0,1.7,9.2,25.1
2005-03-30 17:00:00,403.0,179.0,3.2,16.1,24.1
2005-03-30 18:00:00,444.0,183.0,3.4,17.1,21.5
2005-03-30 19:00:00,475.0,193.0,4.2,19.9,19.3
2005-03-30 20:00:00,438.0,185.0,3.5,14.9,18.2
2005-03-30 21:00:00,254.0,147.0,2.0,8.8,16.8
2005-03-30 22:00:00,172.0,117.0,1.4,5.8,16.0
2005-03-30 23:00:00,174.0,112.0,1.5,6.6,15.3
2005-03-31 00:00:00,146.0,101.0,1.2,4.8,14.5
2005-03-31 01:00:00,134.0,93.0,1.1,4.1,14.2
2005-03-31 02:00:00,83.0,64.0,0.7,2.5,13.9
2005-03-31 03:00:00,81.0,61.0,0.6,1.7,13.1
2005-03-31 04:00:00,73.0,54.0,0.5,1.6,12.9
2005-03-31 05:00:00,104.0,64.0,0.6,2.6,12.3
2005-03-31 06:00:00,191.0,80.0,0.9,6.1,12.6
2005-03-31 07:00:00,673.0,133.0,4.0,23.6,12.7
2005-03-31 08:00:00,547.0,170.0,4.1,10.9,16.8
2005-03-31 09:00:00,275.0,139.0,1.9,6.8,20.3
2005-03-31 10:00:00,200.0,124.0,1.3,4.9,21.0
2005-03-31 11:00:00,185.0,118.0,1.2,4.2,21.0
2005-03-31 12:00:00,164.0,108.0,1.2,4.3,22.8
2005-03-31 13:00:00,150.0,100.0,1.2,4.0,24.0
2005-03-31 14:00:00,134.0,91.0,0.9,3.1,22.6
2005-03-31 15:00:00,128.0,89.0,1.0,3.7,22.5
2005-03-31 16:00:00,150.0,102.0,1.1,3.8,21.5
2005-03-31 17:00:00,171.0,114.0,1.5,6.5,21.4
2005-03-31 18:00:00,204.0,124.0,2.1,7.2,20.0
2005-03-31 19:00:00,215.0,136.0,2.1,8.3,17.8
2005-03-31 20:00:00,156.0,118.0,1.5,4.4,16.3
2005-03-31 21:00:00,114.0,93.0,1.0,2.3,16.3
2005-03-31 22:00:00,81.0,72.0,0.8,1.8,15.6
2005-03-31 23:00:00,83.0,69.0,0.8,2.1,15.1
2005-04-01 00:00:00,69.0,61.0,0.7,1.5,15.1
2005-04-01 01:00:00,53.0,50.0,0.6,1.0,14.6
2005-04-01 02:00:00,36.0,35.0,0.5,1.1,14.5
2005-04-01 03:00:00,30.0,29.0,0.5,0.9,13.6
2005-04-01 05:00:00,88.0,66.0,0.5,1.4,13.5
2005-04-01 06:00:00,135.0,89.0,0.6,2.0,13.7
2005-04-01 07:00:00,280.0,150.0,1.5,6.7,13.7
2005-04-01 08:00:00,313.0,150.0,1.9,6.3,16.1
2005-04-01 09:00:00,205.0,127.0,1.3,4.3,16.1
2005-04-01 10:00:00,180.0,120.0,1.0,3.5,16.5
2005-04-01 11:00:00,197.0,123.0,1.0,3.6,18.9
2005-04-01 12:00:00,172.0,115.0,1.1,4.0,19.2
2005-04-01 13:00:00,184.0,122.0,1.3,4.5,19.9
2005-04-01 14:00:00,160.0,111.0,1.0,3.3,19.2
2005-04-01 15:00:00,176.0,119.0,1.1,3.6,19.4
2005-04-01 16:00:00,219.0,137.0,1.4,4.3,18.9
2005-04-01 17:00:00,222.0,147.0,1.5,5.1,19.3
2005-04-01 18:00:00,231.0,154.0,1.6,5.5,17.1
2005-04-01 19:00:00,248.0,160.0,2.2,7.4,15.6
2005-04-01 20:00:00,183.0,134.0,1.4,3.7,13.8
2005-04-01 21:00:00,144.0,110.0,0.9,1.9,13.1
2005-04-01 22:00:00,132.0,99.0,0.8,2.1,13.2
2005-04-01 23:00:00,180.0,127.0,1.1,3.4,13.6
2005-04-02 00:00:00,280.0,174.0,1.5,5.8,13.1
2005-04-02 01:00:00,167.0,127.0,1.1,1.9,12.7
2005-04-02 02:00:00,102.0,81.0,0.6,1.5,12.2
2005-04-02 03:00:00,92.0,70.0,0.5,1.4,11.9
2005-04-02 04:00:00,63.0,49.0,0.4,0.9,11.2
2005-04-02 05:00:00,59.0,44.0,0.4,1.4,11.0
2005-04-02 06:00:00,163.0,107.0,0.6,2.0,10.7
2005-04-02 07:00:00,227.0,141.0,0.9,3.1,11.1
2005-04-02 08:00:00,183.0,121.0,0.9,2.5,14.2
2005-04-02 09:00:00,145.0,103.0,0.8,2.7,15.6
2005-04-02 10:00:00,150.0,102.0,1.0,2.7,16.3
2005-04-02 11:00:00,138.0,95.0,0.8,2.7,17.0
2005-04-02 12:00:00,134.0,93.0,0.8,2.4,19.3
2005-04-02 13:00:00,137.0,95.0,1.0,2.4,20.5
2005-04-02 14:00:00,112.0,80.0,0.8,2.3,22.0
2005-04-02 15:00:00,112.0,81.0,0.8,2.5,21.7
2005-04-02 16:00:00,149.0,106.0,0.9,2.9,21.6
2005-04-02 17:00:00,159.0,113.0,1.1,3.5,21.0
2005-04-02 18:00:00,161.0,117.0,1.1,4.0,18.6
2005-04-02 19:00:00,171.0,124.0,1.2,3.5,15.5
2005-04-02 20:00:00,167.0,122.0,1.1,2.9,14.3
2005-04-02 21:00:00,116.0,87.0,0.8,1.8,13.5
2005-04-02 22:00:00,105.0,79.0,0.7,1.8,13.1
2005-04-02 23:00:00,125.0,93.0,0.7,2.1,13.5
2005-04-03 00:00:00,140.0,102.0,0.8,2.5,13.5
2005-04-03 01:00:00,109.0,86.0,0.8,2.8,12.7
2005-04-03 02:00:00,99.0,77.0,0.7,2.7,12.0
2005-04-03 03:00:00,120.0,88.0,0.8,2.8,10.5
2005-04-03 04:00:00,83.0,64.0,0.5,2.0,10.1
2005-04-03 05:00:00,60.0,46.0,0.3,1.0,9.6
2005-04-03 06:00:00,75.0,55.0,0.4,1.3,9.1
2005-04-03 07:00:00,127.0,84.0,0.6,1.7,8.9
2005-04-03 08:00:00,134.0,89.0,0.7,2.4,13.5
2005-04-03 09:00:00,192.0,118.0,1.2,4.1,17.8
2005-04-03 10:00:00,166.0,113.0,1.4,3.4,21.1
2005-04-03 11:00:00,171.0,115.0,1.3,5.3,24.0
2005-04-03 12:00:00,177.0,124.0,1.4,5.3,26.5
2005-04-03 13:00:00,119.0,86.0,1.0,3.8,28.7
2005-04-03 14:00:00,121.0,87.0,1.0,4.2,28.5
2005-04-03 15:00:00,142.0,100.0,1.1,5.4,30.0
2005-04-03 16:00:00,197.0,132.0,1.3,6.3,29.4
2005-04-03 17:00:00,242.0,156.0,1.4,6.1,28.9
2005-04-03 18:00:00,190.0,138.0,1.2,4.6,22.8
2005-04-03 19:00:00,367.0,181.0,2.7,11.1,19.9
2005-04-03 20:00:00,355.0,187.0,2.5,7.9,17.5
2005-04-03 21:00:00,235.0,158.0,1.5,6.0,16.4
2005-04-03 22:00:00,233.0,153.0,1.6,5.8,15.5
2005-04-03 23:00:00,170.0,128.0,1.2,5.1,14.3
2005-04-04 00:00:00,117.0,93.0,0.9,3.5,14.2
2005-04-04 01:00:00,70.0,58.0,0.6,1.9,13.8
2005-04-04 02:00:00,69.0,55.0,0.5,1.5,12.1
2005-04-04 03:00:00,62.0,51.0,0.4,1.1,11.3
2005-04-04 05:00:00,77.0,53.0,0.5,1.3,10.4
2005-04-04 06:00:00,182.0,93.0,1.1,4.4,9.5
2005-04-04 07:00:00,594.0,155.0,4.0,17.4,9.7
2005-04-04 08:00:00,586.0,174.0,5.0,22.4,13.5
2005-04-04 09:00:00,523.0,187.0,3.9,13.6,18.2
2005-04-04 10:00:00,472.0,190.0,3.1,13.5,21.9
2005-04-04 11:00:00,353.0,179.0,2.4,11.4,24.3
2005-04-04 12:00:00,293.0,175.0,2.4,12.4,26.9
2005-04-04 13:00:00,235.0,156.0,2.1,9.5,28.3
2005-04-04 14:00:00,265.0,168.0,2.2,11.9,28.5
