,CO,NO2,O3
0,2.6,113.0,0.1268
1,2.0,92.0,0.09720000000000001
2,2.2,114.0,0.10740000000000001
3,2.2,122.0,0.1203
4,1.6,116.0,0.111
5,1.2,96.0,0.0949
6,1.2,77.0,0.0733
7,1.0,76.0,0.07300000000000001
8,0.9,60.0,0.062
11,0.7,28.0,0.0422
12,0.7,48.0,0.0472
13,1.1,82.0,0.07300000000000001
14,2.0,112.0,0.1102
15,2.2,101.0,0.1028
16,1.7,98.0,0.08600000000000001
17,1.5,92.0,0.0671
18,1.6,95.0,0.0664
19,1.9,112.0,0.0799
20,2.9,128.0,0.1037
21,2.2,126.0,0.0946
22,2.2,131.0,0.09570000000000001
23,2.9,135.0,0.11040000000000001
24,4.8,151.0,0.1409
25,6.9,172.0,0.1704
26,6.1,165.0,0.16540000000000002
27,3.9,136.0,0.1285
28,1.5,85.0,0.0821
29,1.0,53.0,0.055200000000000006
30,1.7,97.0,0.0816
31,1.9,110.0,0.08320000000000001
32,1.4,91.0,0.0692
35,0.6,44.0,0.039400000000000004
36,0.8,71.0,0.0487
37,1.4,104.0,0.0748
38,4.4,141.0,0.14
40,3.1,122.0,0.1237
41,2.7,143.0,0.11670000000000001
42,2.1,113.0,0.0959
43,2.5,116.0,0.0983
44,2.7,123.0,0.1061
45,2.9,126.0,0.1139
46,2.8,120.0,0.11120000000000001
47,2.4,119.0,0.0994
48,3.9,149.0,0.14100000000000001
49,3.7,145.0,0.1448
50,6.6,170.0,0.1887
51,4.4,149.0,0.1627
52,3.5,139.0,0.1491
53,5.4,134.0,0.16570000000000001
54,2.7,113.0,0.1285
55,1.9,97.0,0.1144
56,1.6,82.0,0.1043
59,1.0,65.0,0.0819
60,1.2,60.0,0.0835
61,1.5,77.0,0.094
62,2.7,96.0,0.1192
63,3.7,119.0,0.1411
64,3.2,126.0,0.14650000000000002
65,4.1,158.0,0.1583
66,3.6,161.0,0.13870000000000002
67,2.8,124.0,0.1101
68,2.0,102.0,0.085
69,2.0,116.0,0.0947
70,2.5,124.0,0.1078
71,2.3,125.0,0.10840000000000001
72,3.2,148.0,0.1395
73,4.2,165.0,0.1612
74,4.2,161.0,0.16970000000000002
75,4.2,159.0,0.18860000000000002
76,3.1,143.0,0.16240000000000002
77,2.6,130.0,0.15360000000000001
78,2.9,129.0,0.1535
79,2.8,119.0,0.153
80,2.5,104.0,0.1337
83,1.2,70.0,0.09290000000000001
84,1.0,63.0,0.0872
85,0.9,67.0,0.0853
86,1.4,84.0,0.0959
87,1.6,83.0,0.10930000000000001
88,2.2,98.0,0.12250000000000001
89,2.8,114.0,0.1355
90,2.8,119.0,0.1262
91,2.0,104.0,0.098
92,1.8,102.0,0.0872
93,1.9,107.0,0.09000000000000001
94,3.0,129.0,0.10990000000000001
95,2.9,128.0,0.1206
96,2.5,121.0,0.1262
97,4.6,157.0,0.1698
98,5.9,173.0,0.1905
99,3.4,146.0,0.1648
100,2.1,121.0,0.1423
101,2.2,119.0,0.13490000000000002
102,1.8,99.0,0.125
103,1.8,93.0,0.1174
104,1.8,88.0,0.1149
107,1.0,74.0,0.101
108,1.4,80.0,0.10830000000000001
109,2.2,89.0,0.12350000000000001
110,5.5,114.0,0.168
111,8.1,149.0,0.2184
112,5.8,157.0,0.1973
113,4.2,155.0,0.17980000000000002
114,3.1,134.0,0.1522
115,2.9,119.0,0.1404
116,2.9,111.0,0.1263
117,2.5,104.0,0.11370000000000001
118,2.3,99.0,0.1068
119,2.8,110.0,0.1252
120,6.1,162.0,0.18430000000000002
121,8.0,187.0,0.2122
122,6.5,165.0,0.19920000000000002
123,4.2,145.0,0.17070000000000002
124,3.2,125.0,0.1494
125,1.4,101.0,0.1164
126,2.1,103.0,0.1272
127,1.2,88.0,0.10400000000000001
128,0.8,61.0,0.0867
131,0.6,52.0,0.07930000000000001
132,0.9,64.0,0.08700000000000001
133,1.3,70.0,0.093
134,3.4,97.0,0.14070000000000002
135,3.7,95.0,0.1507
136,5.3,150.0,0.18430000000000002
137,4.1,162.0,0.1729
138,3.3,154.0,0.1583
139,4.0,161.0,0.1671
140,3.8,161.0,0.1491
141,2.8,128.0,0.124
142,2.9,129.0,0.1313
143,2.9,133.0,0.1363
144,3.4,139.0,0.1296
145,3.9,137.0,0.1432
146,3.2,143.0,0.1432
147,5.1,177.0,0.2034
148,2.6,138.0,0.1602
149,1.7,117.0,0.13620000000000002
150,1.7,107.0,0.13140000000000002
151,1.2,90.0,0.1114
152,0.9,79.0,0.09920000000000001
155,0.5,40.0,0.06670000000000001
156,0.5,53.0,0.0733
157,1.6,84.0,0.1052
158,4.1,108.0,0.1534
159,6.6,127.0,0.19310000000000002
160,4.3,134.0,0.1734
161,2.9,135.0,0.1595
162,2.5,142.0,0.149
163,2.8,153.0,0.15080000000000002
164,2.6,123.0,0.13340000000000002
165,2.0,104.0,0.10450000000000001
166,2.9,129.0,0.1221
167,2.5,114.0,0.10690000000000001
168,5.0,158.0,0.1569
169,7.6,194.0,0.2306
170,6.7,182.0,0.2359
171,5.7,180.0,0.20500000000000002
172,2.8,136.0,0.17270000000000002
173,2.6,127.0,0.1705
174,2.3,116.0,0.15510000000000002
175,1.4,107.0,0.124
176,1.0,88.0,0.1115
179,0.6,57.0,0.0828
180,0.7,71.0,0.0893
181,1.5,85.0,0.1075
182,4.7,124.0,0.161
183,6.6,151.0,0.2051
184,4.5,150.0,0.1819
185,2.8,152.0,0.1568
186,2.2,139.0,0.1374
187,2.2,133.0,0.1268
188,2.3,126.0,0.1144
189,2.2,128.0,0.1109
190,2.8,169.0,0.13470000000000001
191,2.7,149.0,0.1206
192,3.7,156.0,0.13970000000000002
193,5.1,168.0,0.1588
194,5.1,176.0,0.1569
195,3.2,135.0,0.1322
196,2.1,121.0,0.1194
197,1.7,99.0,0.1062
198,2.0,106.0,0.10400000000000001
199,1.6,96.0,0.0917
200,0.9,63.0,0.0594
203,0.5,28.0,0.037000000000000005
204,0.7,61.0,0.0438
205,1.5,99.0,0.0704
206,4.8,157.0,0.1476
207,6.2,166.0,0.1716
208,4.0,149.0,0.1398
209,3.3,135.0,0.1268
210,2.8,127.0,0.1188
211,3.0,122.0,0.11710000000000001
212,3.3,135.0,0.125
213,3.5,139.0,0.13440000000000002
214,4.0,147.0,0.1378
215,4.6,158.0,0.14350000000000002
216,4.1,146.0,0.13720000000000002
217,4.5,144.0,0.1471
218,3.9,138.0,0.1439
219,4.0,143.0,0.1429
220,2.2,116.0,0.1081
221,2.1,109.0,0.0993
222,1.7,92.0,0.08370000000000001
223,1.6,83.0,0.0761
224,1.3,81.0,0.065
227,0.8,53.0,0.051800000000000006
228,0.8,67.0,0.057100000000000005
229,1.1,91.0,0.08420000000000001
230,2.1,113.0,0.1145
231,2.4,102.0,0.1218
232,2.6,107.0,0.1341
233,2.8,113.0,0.1406
234,2.6,108.0,0.1422
235,2.6,105.0,0.1373
236,2.1,93.0,0.1153
237,1.7,87.0,0.0927
238,1.6,76.0,0.0766
239,2.1,94.0,0.0941
240,2.3,110.0,0.11460000000000001
241,3.5,136.0,0.14170000000000002
242,3.9,139.0,0.1442
243,3.3,125.0,0.1323
244,2.3,111.0,0.1125
245,2.1,97.0,0.10360000000000001
246,2.8,107.0,0.1202
247,2.1,90.0,0.10540000000000001
248,1.6,84.0,0.0903
251,1.1,66.0,0.07
252,0.7,36.0,0.058
253,0.8,62.0,0.0815
254,1.2,91.0,0.10350000000000001
255,1.4,89.0,0.1067
256,1.7,93.0,0.1114
257,1.8,81.0,0.1
258,1.8,82.0,0.0906
259,1.9,80.0,0.08220000000000001
260,1.3,48.0,0.061000000000000006
261,1.6,61.0,0.06570000000000001
262,1.9,89.0,0.06470000000000001
263,2.3,105.0,0.0762
264,3.8,116.0,0.11220000000000001
265,3.5,119.0,0.113
266,4.3,144.0,0.1637
267,2.8,123.0,0.1272
268,1.9,105.0,0.10980000000000001
269,1.9,93.0,0.1066
270,1.7,86.0,0.09090000000000001
271,1.5,76.0,0.0818
272,0.6,33.0,0.0472
275,0.3,23.0,0.0378
276,0.6,46.0,0.0432
277,1.2,76.0,0.0699
278,3.6,116.0,0.1252
279,3.7,115.0,0.1237
280,1.8,83.0,0.0772
281,1.6,87.0,0.0766
282,1.9,90.0,0.0829
283,2.0,87.0,0.07830000000000001
284,2.2,99.0,0.08220000000000001
285,2.1,99.0,0.0813
286,2.3,101.0,0.0813
287,2.6,103.0,0.085
288,3.8,129.0,0.12760000000000002
289,4.4,143.0,0.1401
290,4.5,146.0,0.1356
291,3.3,124.0,0.12430000000000001
292,2.0,113.0,0.10830000000000001
293,1.1,80.0,0.0795
294,0.9,72.0,0.07350000000000001
295,0.8,64.0,0.0684
296,0.7,70.0,0.0714
299,0.3,22.0,0.0361
300,0.5,47.0,0.041800000000000004
301,1.1,88.0,0.0616
302,3.0,130.0,0.10890000000000001
303,3.8,132.0,0.13290000000000002
304,3.4,132.0,0.1311
305,3.0,131.0,0.1236
306,2.7,129.0,0.11470000000000001
307,3.5,132.0,0.1301
308,2.8,110.0,0.1097
309,1.9,99.0,0.09000000000000001
310,2.0,100.0,0.0781
311,3.0,122.0,0.1013
312,1.9,97.0,0.079
313,2.7,112.0,0.10590000000000001
314,3.3,128.0,0.12050000000000001
315,1.7,101.0,0.0975
316,1.3,96.0,0.0896
317,1.3,86.0,0.0911
318,1.2,85.0,0.0902
319,1.1,79.0,0.08320000000000001
320,0.9,61.0,0.07150000000000001
323,0.6,54.0,0.0648
324,0.8,57.0,0.061200000000000004
325,1.2,75.0,0.08
326,3.1,97.0,0.1173
327,4.4,110.0,0.1519
328,3.4,113.0,0.1287
329,1.7,88.0,0.0966
330,1.5,85.0,0.0828
331,1.7,96.0,0.0825
332,2.2,106.0,0.0872
334,2.7,126.0,0.10020000000000001
335,2.8,130.0,0.1159
336,2.7,111.0,0.0979
337,4.5,134.0,0.1311
338,3.5,136.0,0.1071
339,2.6,125.0,0.08990000000000001
340,1.7,108.0,0.0766
341,1.3,87.0,0.0589
342,1.3,89.0,0.0631
343,1.0,58.0,0.047900000000000005
344,0.7,54.0,0.047900000000000005
346,0.5,28.0,0.0378
347,0.5,20.0,0.0344
348,0.6,51.0,0.0413
349,1.1,82.0,0.060500000000000005
350,2.7,112.0,0.09910000000000001
351,3.5,119.0,0.11750000000000001
352,2.3,99.0,0.09230000000000001
353,1.6,98.0,0.0829
354,1.3,88.0,0.0733
355,2.0,96.0,0.0819
356,1.9,81.0,0.0723
357,1.9,92.0,0.0786
358,2.2,105.0,0.085
359,2.0,88.0,0.082
360,2.9,103.0,0.09910000000000001
361,5.2,141.0,0.1454
362,4.6,133.0,0.14880000000000002
363,2.5,119.0,0.12050000000000001
364,1.5,106.0,0.09090000000000001
365,1.2,92.0,0.07690000000000001
366,1.7,97.0,0.0835
367,1.4,91.0,0.07930000000000001
368,1.2,83.0,0.0733
370,0.7,59.0,0.0562
371,0.8,73.0,0.08320000000000001
372,0.9,78.0,0.09240000000000001
373,1.6,90.0,0.0974
374,3.4,110.0,0.1307
375,3.8,114.0,0.1481
376,3.1,119.0,0.1405
377,2.7,121.0,0.11950000000000001
378,2.0,97.0,0.0868
379,2.3,99.0,0.0874
380,1.9,85.0,0.0738
381,1.3,75.0,0.055
382,1.9,87.0,0.0777
383,2.3,102.0,0.0966
384,2.4,105.0,0.099
385,2.7,98.0,0.0944
386,2.6,93.0,0.09620000000000001
387,1.5,91.0,0.07780000000000001
388,1.2,85.0,0.069
389,1.1,74.0,0.0644
390,1.5,87.0,0.0753
391,1.0,79.0,0.0646
392,1.2,78.0,0.0838
395,0.8,48.0,0.0665
396,0.9,59.0,0.0717
397,1.1,65.0,0.0795
398,1.5,71.0,0.0936
399,1.8,84.0,0.1076
400,2.1,93.0,0.10160000000000001
401,2.1,99.0,0.0834
402,1.9,93.0,0.0756
403,2.1,96.0,0.0766
404,2.5,114.0,0.09050000000000001
405,1.9,101.0,0.0765
406,2.2,108.0,0.083
407,2.3,117.0,0.0853
408,2.7,125.0,0.0981
409,3.0,133.0,0.12860000000000002
410,2.8,119.0,0.12440000000000001
411,2.2,107.0,0.1056
412,1.6,96.0,0.1003
413,2.1,105.0,0.1245
414,2.3,102.0,0.12000000000000001
415,2.3,97.0,0.1188
416,1.7,79.0,0.10700000000000001
418,1.3,69.0,0.08950000000000001
419,0.8,52.0,0.0755
420,1.1,62.0,0.0806
421,1.4,69.0,0.08360000000000001
422,1.3,75.0,0.0897
423,1.9,83.0,0.1073
424,2.3,94.0,0.10880000000000001
425,2.3,96.0,0.10360000000000001
426,1.8,86.0,0.07680000000000001
427,1.4,72.0,0.0587
428,1.0,53.0,0.045200000000000004
429,1.4,65.0,0.047
430,1.3,70.0,0.0502
431,1.3,75.0,0.0516
432,1.4,86.0,0.0555
433,1.9,94.0,0.0671
434,1.8,103.0,0.07880000000000001
435,1.1,81.0,0.0538
436,1.1,80.0,0.054400000000000004
437,1.1,77.0,0.05
438,0.9,58.0,0.0417
439,0.6,31.0,0.0341
440,0.5,38.0,0.0352
442,0.6,59.0,0.0502
443,0.7,70.0,0.0648
444,0.9,75.0,0.076
445,2.9,103.0,0.1183
446,4.1,134.0,0.1431
447,1.5,98.0,0.07050000000000001
448,1.5,97.0,0.0637
449,1.5,98.0,0.0658
450,1.4,78.0,0.0546
451,1.6,83.0,0.056100000000000004
452,1.5,92.0,0.053200000000000004
453,1.4,81.0,0.053500000000000006
454,1.5,90.0,0.052500000000000005
455,1.9,95.0,0.0603
456,2.5,114.0,0.08020000000000001
457,2.1,106.0,0.0796
458,1.6,99.0,0.0689
459,1.2,90.0,0.0553
460,1.1,82.0,0.0509
461,1.0,74.0,0.0455
462,1.0,76.0,0.0425
463,0.7,66.0,0.0436
464,0.7,73.0,0.0618
467,0.7,71.0,0.06910000000000001
468,1.1,98.0,0.1013
469,2.6,115.0,0.1311
470,4.0,130.0,0.1675
471,4.2,150.0,0.1689
472,4.7,159.0,0.1688
473,3.9,146.0,0.15480000000000002
474,3.7,138.0,0.149
475,3.4,128.0,0.13540000000000002
476,2.2,97.0,0.1014
477,1.9,91.0,0.08310000000000001
478,1.6,81.0,0.0699
479,2.1,99.0,0.0926
480,2.2,101.0,0.09280000000000001
481,2.7,106.0,0.1038
482,2.4,102.0,0.10350000000000001
483,1.3,84.0,0.0789
484,1.2,81.0,0.0692
485,1.5,91.0,0.07640000000000001
486,1.3,82.0,0.0639
487,1.0,64.0,0.0541
488,0.9,70.0,0.0678
490,0.5,26.0,0.034300000000000004
491,0.6,58.0,0.0436
492,1.0,93.0,0.0688
493,3.1,110.0,0.1438
494,4.1,115.0,0.1489
495,2.2,125.0,0.10930000000000001
496,1.7,118.0,0.0965
497,1.9,109.0,0.1004
498,2.9,123.0,0.11660000000000001
499,2.2,114.0,0.09910000000000001
500,2.6,114.0,0.10540000000000001
501,3.1,119.0,0.1192
502,2.3,111.0,0.10550000000000001
503,2.4,103.0,0.1048
504,2.8,103.0,0.1073
505,2.7,107.0,0.1068
506,2.3,105.0,0.1019
507,1.5,91.0,0.0833
508,1.4,79.0,0.07590000000000001
509,1.2,79.0,0.07490000000000001
510,1.6,86.0,0.0978
511,1.2,70.0,0.0944
512,1.1,55.0,0.0891
514,0.7,49.0,0.079
515,0.9,50.0,0.0852
516,1.7,67.0,0.09870000000000001
517,4.2,94.0,0.14350000000000002
518,6.2,119.0,0.17980000000000002
519,4.6,139.0,0.16770000000000002
520,2.8,113.0,0.1282
521,1.6,88.0,0.08710000000000001
522,1.7,73.0,0.07590000000000001
523,1.7,73.0,0.079
527,3.3,106.0,0.1187
528,4.2,132.0,0.1399
529,5.5,164.0,0.16440000000000002
530,4.9,161.0,0.15990000000000001
531,2.5,124.0,0.1223
532,2.0,113.0,0.12000000000000001
533,2.0,103.0,0.11180000000000001
534,2.0,104.0,0.1067
535,1.3,93.0,0.1048
536,1.0,60.0,0.0718
539,0.7,66.0,0.0737
540,1.1,82.0,0.0903
541,2.6,109.0,0.1159
542,3.9,114.0,0.1365
543,5.0,139.0,0.151
544,3.3,127.0,0.1386
545,2.9,127.0,0.1368
546,3.1,135.0,0.13470000000000001
547,3.0,130.0,0.1242
548,2.7,126.0,0.11380000000000001
549,2.7,121.0,0.108
550,2.6,122.0,0.10020000000000001
551,3.7,138.0,0.1212
552,4.5,165.0,0.1486
553,4.7,154.0,0.1567
554,5.5,168.0,0.1723
555,3.0,146.0,0.1399
556,1.9,124.0,0.1291
557,2.3,124.0,0.1443
558,1.6,106.0,0.127
559,1.3,88.0,0.111
560,1.2,83.0,0.10600000000000001
562,0.8,74.0,0.0891
563,0.8,64.0,0.09050000000000001
564,0.9,69.0,0.08990000000000001
565,2.0,91.0,0.1136
566,3.0,96.0,0.1391
567,3.1,106.0,0.14600000000000002
616,3.1,124.0,0.1451
617,3.0,121.0,0.1409
618,3.2,114.0,0.1434
619,3.1,114.0,0.1457
620,2.5,106.0,0.1325
621,2.1,89.0,0.112
622,2.0,82.0,0.0931
623,3.2,111.0,0.1212
624,4.1,132.0,0.1353
625,3.9,121.0,0.1359
626,3.1,116.0,0.1273
627,2.0,100.0,0.10790000000000001
628,1.7,89.0,0.09730000000000001
629,1.6,92.0,0.0951
630,1.0,71.0,0.0714
631,0.8,51.0,0.0579
632,0.5,39.0,0.054200000000000005
634,0.5,35.0,0.0526
635,0.8,64.0,0.0659
636,1.7,94.0,0.1012
637,4.5,134.0,0.1564
638,6.2,129.0,0.1806
639,4.4,125.0,0.16040000000000001
640,2.9,107.0,0.1288
641,1.6,78.0,0.0931
642,2.6,91.0,0.11620000000000001
643,2.9,116.0,0.10640000000000001
644,2.5,131.0,0.0913
645,1.9,113.0,0.0684
646,1.9,98.0,0.07100000000000001
647,2.7,116.0,0.09230000000000001
648,3.0,120.0,0.10060000000000001
649,3.3,126.0,0.10830000000000001
650,3.2,126.0,0.11610000000000001
651,1.8,90.0,0.08
652,1.3,81.0,0.06470000000000001
653,1.1,74.0,0.0649
654,0.9,67.0,0.0575
655,0.7,46.0,0.0455
656,0.4,30.0,0.0392
658,0.3,19.0,0.032
659,0.3,32.0,0.033100000000000004
660,0.8,61.0,0.0426
661,2.8,111.0,0.083
662,3.1,102.0,0.10060000000000001
663,2.3,116.0,0.082
664,1.6,96.0,0.0737
665,1.5,97.0,0.079
666,1.6,110.0,0.076
667,1.8,103.0,0.0767
668,1.4,79.0,0.0626
669,1.9,104.0,0.0776
670,1.2,69.0,0.0589
671,2.3,96.0,0.0872
672,3.3,121.0,0.09960000000000001
673,3.1,129.0,0.1033
674,3.3,116.0,0.09820000000000001
675,1.2,71.0,0.051800000000000006
676,1.3,85.0,0.0631
677,1.9,101.0,0.0879
678,1.4,97.0,0.0839
679,1.5,89.0,0.0876
680,1.1,72.0,0.08270000000000001
683,0.8,62.0,0.0723
684,1.1,64.0,0.07970000000000001
685,2.6,80.0,0.11380000000000001
686,5.1,118.0,0.1605
687,4.2,130.0,0.1569
688,2.6,113.0,0.13190000000000002
689,2.4,112.0,0.1198
690,2.1,96.0,0.09580000000000001
691,2.6,125.0,0.1068
692,2.8,128.0,0.101
693,2.5,101.0,0.09280000000000001
694,1.9,95.0,0.0816
695,3.6,138.0,0.1216
696,4.6,154.0,0.1463
697,6.3,171.0,0.1791
698,4.3,136.0,0.14250000000000002
699,1.6,93.0,0.0922
700,1.4,99.0,0.0971
725,2.3,95.0,0.11510000000000001
726,1.3,79.0,0.0975
727,1.7,78.0,0.1034
728,1.7,75.0,0.098
730,0.8,52.0,0.08070000000000001
731,1.0,55.0,0.08420000000000001
732,1.4,65.0,0.095
733,1.7,72.0,0.1024
734,2.0,76.0,0.10980000000000001
735,2.0,84.0,0.10110000000000001
736,1.9,90.0,0.0931
737,2.1,89.0,0.0811
738,1.8,87.0,0.0756
739,1.5,88.0,0.060700000000000004
740,1.3,81.0,0.049800000000000004
741,1.4,89.0,0.054
742,1.5,91.0,0.054400000000000004
743,1.7,104.0,0.062
744,2.0,111.0,0.07400000000000001
745,2.5,129.0,0.0921
746,2.4,133.0,0.1033
747,2.0,115.0,0.0984
748,2.9,125.0,0.1193
749,2.5,117.0,0.12190000000000001
750,1.4,84.0,0.0913
751,1.2,63.0,0.075
752,1.0,68.0,0.0772
755,0.7,49.0,0.0727
756,0.8,49.0,0.0746
757,0.9,52.0,0.0733
758,1.1,58.0,0.0727
759,1.0,51.0,0.06420000000000001
760,1.6,77.0,0.081
761,1.8,90.0,0.08510000000000001
762,2.6,118.0,0.0911
763,1.1,70.0,0.0611
764,0.6,35.0,0.0368
765,0.9,46.0,0.0369
766,1.0,58.0,0.039400000000000004
767,1.2,61.0,0.0415
768,1.4,80.0,0.046900000000000004
769,2.0,93.0,0.060700000000000004
770,1.1,78.0,0.049800000000000004
771,1.1,76.0,0.048100000000000004
772,1.1,74.0,0.0465
773,1.1,81.0,0.0478
774,0.7,58.0,0.0366
775,0.6,59.0,0.0332
776,0.7,54.0,0.0346
778,0.3,25.0,0.0274
779,0.3,26.0,0.0263
780,0.4,49.0,0.031400000000000004
781,0.5,53.0,0.0367
782,0.6,57.0,0.0432
783,0.8,73.0,0.0536
784,1.0,78.0,0.0555
785,1.3,93.0,0.06770000000000001
786,1.1,71.0,0.0557
787,0.6,56.0,0.042100000000000005
788,0.7,60.0,0.042300000000000004
789,1.2,77.0,0.0519
790,1.4,82.0,0.0533
791,1.2,77.0,0.053700000000000005
792,1.3,91.0,0.061200000000000004
793,1.8,93.0,0.0697
794,1.2,82.0,0.057300000000000004
795,0.8,74.0,0.0489
796,0.8,68.0,0.047400000000000005
797,0.8,65.0,0.0455
798,0.7,58.0,0.043300000000000005
799,0.5,36.0,0.0376
800,0.3,29.0,0.036000000000000004
802,0.3,28.0,0.0363
803,0.7,68.0,0.052500000000000005
804,1.6,99.0,0.0873
805,3.9,130.0,0.1399
806,4.5,128.0,0.1501
807,2.7,120.0,0.11860000000000001
808,1.6,93.0,0.0911
809,1.6,96.0,0.09190000000000001
810,1.6,84.0,0.0791
811,1.5,87.0,0.0751
812,1.8,87.0,0.0805
813,2.1,103.0,0.0966
814,1.7,88.0,0.0869
815,3.0,118.0,0.11960000000000001
816,4.6,134.0,0.15230000000000002
817,5.0,144.0,0.1579
818,3.5,129.0,0.137
819,2.1,108.0,0.12040000000000001
820,2.1,104.0,0.12010000000000001
821,1.5,90.0,0.11220000000000001
822,1.1,74.0,0.1003
823,0.9,73.0,0.0918
824,0.7,60.0,0.08360000000000001
827,0.9,62.0,0.082
828,1.6,71.0,0.0998
829,3.9,94.0,0.1403
830,5.0,99.0,0.1641
831,4.3,119.0,0.1534
832,2.7,103.0,0.1257
833,2.1,95.0,0.10260000000000001
834,2.1,95.0,0.0993
855,3.9,114.0,0.1638
856,3.8,127.0,0.1633
857,3.8,135.0,0.16540000000000002
858,3.9,135.0,0.1559
859,3.5,120.0,0.1374
860,4.0,129.0,0.1418
861,3.0,114.0,0.1228
862,3.1,129.0,0.1293
863,5.2,149.0,0.1642
864,5.9,149.0,0.1895
865,7.3,158.0,0.2086
866,6.1,148.0,0.1898
867,4.6,134.0,0.1758
868,2.5,111.0,0.12840000000000001
869,2.2,106.0,0.1075
870,2.0,108.0,0.10840000000000001
871,1.9,93.0,0.10490000000000001
872,1.6,83.0,0.10210000000000001
874,1.0,69.0,0.09480000000000001
875,1.2,77.0,0.0988
876,2.0,87.0,0.1184
877,4.5,109.0,0.16
878,4.1,116.0,0.1495
879,2.6,105.0,0.1188
880,2.3,106.0,0.11660000000000001
881,2.6,108.0,0.12190000000000001
882,2.4,100.0,0.11280000000000001
883,4.3,149.0,0.1373
884,4.6,148.0,0.14150000000000001
885,4.0,126.0,0.1302
886,4.7,140.0,0.1308
887,5.7,142.0,0.1449
888,5.2,141.0,0.1385
889,6.4,149.0,0.1492
890,6.0,140.0,0.138
891,3.4,117.0,0.11670000000000001
892,2.7,103.0,0.1095
893,3.1,99.0,0.1105
894,2.6,100.0,0.1051
895,2.2,88.0,0.1009
896,1.9,83.0,0.09720000000000001
1043,0.6,59.0,0.07930000000000001
1044,0.8,67.0,0.0906
1045,4.0,95.0,0.15410000000000001
1046,5.6,123.0,0.18610000000000002
1047,5.0,142.0,0.1895
1048,3.2,142.0,0.16840000000000002
1049,3.8,169.0,0.1731
1050,3.3,142.0,0.14020000000000002
1051,3.0,136.0,0.1246
1052,3.2,147.0,0.1342
1053,4.4,196.0,0.1489
1054,4.6,186.0,0.1532
1055,5.2,177.0,0.19090000000000001
1056,4.8,164.0,0.1757
1057,5.6,161.0,0.1983
1058,4.6,146.0,0.1703
1059,1.8,98.0,0.1246
1060,2.2,108.0,0.1321
1061,2.0,107.0,0.1375
1062,2.8,113.0,0.1456
1063,2.6,100.0,0.1442
1064,1.8,87.0,0.12430000000000001
1067,0.7,65.0,0.0937
1068,0.9,64.0,0.1019
1069,1.5,73.0,0.114
1070,2.5,86.0,0.1351
1071,3.0,105.0,0.1459
1072,2.6,107.0,0.1297
1073,2.6,114.0,0.1291
1074,2.6,105.0,0.1296
1075,1.9,74.0,0.09720000000000001
1076,2.0,95.0,0.1194
1077,1.7,89.0,0.08800000000000001
1078,1.9,95.0,0.09090000000000001
1079,1.8,93.0,0.0839
1080,2.8,123.0,0.12480000000000001
1081,3.5,134.0,0.1476
1082,3.4,126.0,0.1502
1083,2.0,79.0,0.0873
1084,1.1,54.0,0.0528
1085,1.3,69.0,0.0492
1086,1.2,67.0,0.0463
1087,1.3,73.0,0.0494
1088,1.0,73.0,0.050300000000000004
1091,0.3,20.0,0.030500000000000003
1092,0.5,37.0,0.0329
1093,0.6,50.0,0.0375
1094,0.6,45.0,0.0373
1095,0.8,48.0,0.0385
1096,1.0,56.0,0.0403
1097,0.9,58.0,0.0393
1098,1.0,52.0,0.0388
1099,0.8,52.0,0.0371
1100,0.7,44.0,0.0347
1101,0.9,59.0,0.0396
1102,1.3,74.0,0.047400000000000005
1103,1.4,76.0,0.0505
1104,1.5,83.0,0.0625
1105,2.7,100.0,0.0941
1106,2.5,101.0,0.0893
1107,1.4,90.0,0.0731
1108,2.8,93.0,0.0955
1109,2.1,79.0,0.0761
1110,1.1,57.0,0.051500000000000004
1111,0.7,43.0,0.0434
1112,0.4,25.0,0.0369
1115,0.4,44.0,0.0378
1116,0.8,72.0,0.0517
1117,1.9,91.0,0.0786
1118,2.1,89.0,0.0844
1119,1.4,84.0,0.07200000000000001
1120,1.4,83.0,0.0668
1121,1.3,78.0,0.060500000000000005
1122,1.5,80.0,0.0646
1123,1.6,75.0,0.064
1124,1.3,77.0,0.057100000000000005
1125,1.4,77.0,0.060500000000000005
1126,1.5,81.0,0.0636
1127,2.2,101.0,0.0886
1128,3.2,119.0,0.1032
1129,3.0,111.0,0.09770000000000001
1130,2.6,109.0,0.09240000000000001
1131,1.6,101.0,0.08460000000000001
1132,1.5,89.0,0.0755
1133,1.2,75.0,0.061000000000000006
1134,0.8,51.0,0.0439
1135,0.7,39.0,0.0402
1136,0.5,32.0,0.040600000000000004
1139,0.7,68.0,0.0746
1140,1.4,76.0,0.1126
1141,4.1,122.0,0.1703
1142,4.6,129.0,0.1628
1143,1.9,94.0,0.0936
1144,1.9,99.0,0.08900000000000001
1145,1.7,81.0,0.0757
1146,2.4,87.0,0.0949
1147,3.0,107.0,0.1109
1148,2.0,95.0,0.08700000000000001
1149,2.7,110.0,0.10110000000000001
1150,2.2,99.0,0.08850000000000001
1151,2.9,113.0,0.1015
1152,3.4,127.0,0.1155
1153,3.9,131.0,0.1315
1154,3.6,137.0,0.1359
1155,2.5,122.0,0.1194
1156,1.8,100.0,0.0951
1157,2.0,108.0,0.10540000000000001
1158,1.3,83.0,0.098
1159,1.0,74.0,0.0898
1160,0.6,64.0,0.08030000000000001
1163,0.5,39.0,0.06770000000000001
1164,1.1,69.0,0.09960000000000001
1165,5.5,104.0,0.1736
1166,4.2,100.0,0.16920000000000002
1167,4.6,146.0,0.21080000000000002
1168,3.4,155.0,0.1807
1169,2.8,139.0,0.15660000000000002
1170,2.5,121.0,0.1293
1171,2.4,108.0,0.12190000000000001
1172,3.2,126.0,0.133
1173,3.5,145.0,0.12990000000000002
1174,2.9,121.0,0.1111
1175,3.6,145.0,0.13
1176,4.8,160.0,0.1653
1177,5.4,155.0,0.1716
1178,5.3,162.0,0.17200000000000001
1179,2.7,129.0,0.13390000000000002
1180,1.4,96.0,0.11660000000000001
1181,1.6,92.0,0.12560000000000002
1182,1.5,89.0,0.1125
1183,1.0,61.0,0.09680000000000001
1184,0.6,54.0,0.0814
1187,0.8,57.0,0.08610000000000001
1188,1.5,68.0,0.1047
1189,4.9,95.0,0.1665
1190,7.2,125.0,0.19820000000000002
1191,3.5,135.0,0.1711
1192,2.1,118.0,0.12040000000000001
1193,1.5,91.0,0.08710000000000001
1194,2.0,89.0,0.10400000000000001
1195,3.8,129.0,0.1439
1196,3.4,122.0,0.1516
1197,4.4,138.0,0.1693
1198,3.9,136.0,0.1635
1199,4.9,143.0,0.1688
1200,5.4,145.0,0.182
1201,6.5,146.0,0.2006
1202,4.3,122.0,0.17400000000000002
1203,2.9,112.0,0.1577
1204,2.7,102.0,0.1443
1205,2.8,97.0,0.1411
1206,2.3,85.0,0.1217
1207,1.7,76.0,0.1086
1208,1.2,74.0,0.10500000000000001
1211,0.8,66.0,0.0917
1212,1.7,90.0,0.1116
1213,3.0,111.0,0.138
1214,3.4,103.0,0.1378
1215,3.3,117.0,0.1365
1216,2.7,116.0,0.1273
1217,2.6,109.0,0.1242
1218,3.2,116.0,0.12940000000000002
1219,3.4,115.0,0.1413
1220,2.6,94.0,0.12240000000000001
1221,3.4,121.0,0.1318
1222,4.0,114.0,0.1404
1223,4.5,110.0,0.1471
1224,4.2,122.0,0.1623
1225,5.7,135.0,0.1786
1226,4.4,133.0,0.1569
1227,3.1,110.0,0.1495
1228,3.0,102.0,0.1471
1229,3.1,108.0,0.1384
1230,3.5,110.0,0.1789
1231,2.4,84.0,0.1323
1232,1.6,71.0,0.1081
1235,0.6,32.0,0.0543
1236,0.7,35.0,0.056100000000000004
1237,1.2,67.0,0.0862
1238,1.5,73.0,0.0901
1239,1.8,86.0,0.1048
1240,2.1,89.0,0.0971
1241,1.9,86.0,0.0915
1242,2.0,86.0,0.0891
1243,1.3,66.0,0.06280000000000001
1244,1.3,68.0,0.055600000000000004
1245,1.8,82.0,0.06520000000000001
1246,2.0,91.0,0.0683
1247,1.8,95.0,0.062400000000000004
1248,2.4,104.0,0.0733
1249,4.0,131.0,0.1062
1250,2.8,112.0,0.0988
1251,2.0,100.0,0.08710000000000001
1252,3.6,115.0,0.12430000000000001
1253,3.7,129.0,0.11750000000000001
1254,2.3,99.0,0.1126
1255,1.8,74.0,0.11180000000000001
1256,0.9,55.0,0.0864
1259,0.6,37.0,0.0689
1260,0.7,45.0,0.0767
1261,0.8,46.0,0.08170000000000001
1262,1.2,68.0,0.094
1263,1.4,77.0,0.0908
1264,1.6,79.0,0.08710000000000001
1265,1.3,72.0,0.0689
1266,1.3,68.0,0.0629
1267,1.1,64.0,0.060200000000000004
1268,1.2,73.0,0.061700000000000005
1269,1.5,84.0,0.06770000000000001
1270,1.1,67.0,0.058
1271,1.9,106.0,0.08610000000000001
1272,2.3,114.0,0.108
1273,3.3,123.0,0.1288
1274,2.6,108.0,0.1163
1275,2.2,100.0,0.1043
1276,2.3,118.0,0.10450000000000001
1277,2.0,121.0,0.09290000000000001
1278,1.6,94.0,0.0825
1279,0.8,52.0,0.0545
1280,0.6,39.0,0.05
1283,0.7,57.0,0.0717
1284,1.3,80.0,0.1126
1285,3.4,101.0,0.1597
1286,4.7,109.0,0.16870000000000002
1287,3.4,109.0,0.1529
1288,2.5,111.0,0.1366
1289,2.0,102.0,0.10740000000000001
1290,1.9,96.0,0.094
1291,1.7,90.0,0.0921
1292,1.4,69.0,0.0695
1293,1.5,74.0,0.0795
1294,2.4,102.0,0.10790000000000001
1295,3.9,128.0,0.14730000000000001
1296,4.2,130.0,0.14930000000000002
1297,3.7,120.0,0.1308
1298,3.2,113.0,0.1189
1299,2.0,100.0,0.1076
1300,1.1,70.0,0.0806
1301,1.5,83.0,0.09730000000000001
1302,1.3,81.0,0.09290000000000001
1303,1.0,69.0,0.07780000000000001
1304,0.6,48.0,0.06330000000000001
1307,0.6,47.0,0.0579
1308,1.9,88.0,0.1003
1309,4.5,109.0,0.1393
1310,4.3,113.0,0.1406
1311,3.2,104.0,0.1308
1312,1.3,65.0,0.0863
1313,2.2,87.0,0.1004
1314,2.6,99.0,0.1023
1315,2.3,100.0,0.0978
1316,2.4,105.0,0.0979
1317,2.6,97.0,0.0971
1318,1.2,54.0,0.061700000000000005
1319,1.6,59.0,0.0717
1320,3.9,109.0,0.12200000000000001
1321,4.7,125.0,0.1296
1322,5.4,132.0,0.1413
1323,3.0,110.0,0.10930000000000001
1324,0.9,53.0,0.058600000000000006
1325,1.1,61.0,0.0575
1326,0.7,41.0,0.0441
1327,0.5,22.0,0.0358
1328,0.5,28.0,0.037700000000000004
1331,0.8,54.0,0.058
1332,1.3,81.0,0.0805
1333,3.5,107.0,0.1273
1335,3.9,124.0,0.1307
1336,2.9,123.0,0.1102
1337,2.6,120.0,0.10830000000000001
1338,3.0,113.0,0.10830000000000001
1339,3.7,114.0,0.1236
1340,3.9,120.0,0.1223
1341,3.5,125.0,0.11750000000000001
1342,2.4,88.0,0.09330000000000001
1343,1.6,72.0,0.0835
1344,3.0,103.0,0.1291
1345,1.6,67.0,0.08020000000000001
1346,2.1,79.0,0.08420000000000001
1347,1.8,89.0,0.07440000000000001
1348,1.1,67.0,0.05
1349,1.5,83.0,0.056
1350,1.4,76.0,0.0589
1351,0.9,58.0,0.0488
1352,0.5,30.0,0.038700000000000005
1355,0.6,50.0,0.042
1356,1.3,92.0,0.0695
1357,2.9,101.0,0.1139
1358,3.6,121.0,0.1315
1359,3.4,130.0,0.1217
1360,2.5,114.0,0.1014
1361,2.1,100.0,0.0884
1362,1.1,56.0,0.0524
1363,1.8,75.0,0.0644
1364,3.0,121.0,0.1032
1365,3.1,128.0,0.1038
1366,3.6,139.0,0.1077
1367,3.3,122.0,0.0983
1368,1.8,92.0,0.0834
1369,2.1,97.0,0.0949
1370,2.2,98.0,0.0941
1371,1.6,93.0,0.0756
1372,0.9,65.0,0.0655
1373,1.8,81.0,0.0805
1374,2.3,102.0,0.097
1375,2.0,91.0,0.0969
1376,0.9,56.0,0.0671
1379,0.7,48.0,0.0489
1380,1.5,72.0,0.0689
1381,3.7,106.0,0.11960000000000001
1382,4.2,107.0,0.12660000000000002
1383,3.4,127.0,0.113
1384,2.4,114.0,0.0834
1385,1.3,101.0,0.0536
1386,1.5,95.0,0.0545
1387,2.2,110.0,0.07200000000000001
1388,1.8,101.0,0.0655
1389,1.9,106.0,0.0614
1390,2.3,116.0,0.07250000000000001
1391,3.6,124.0,0.10360000000000001
1392,4.3,133.0,0.11270000000000001
1393,2.2,96.0,0.0854
1394,1.5,85.0,0.0792
1395,2.0,97.0,0.0891
1396,2.0,97.0,0.0876
1397,2.1,101.0,0.08510000000000001
1398,1.5,85.0,0.0787
1399,2.2,80.0,0.0711
1400,0.5,33.0,0.0396
1455,4.4,117.0,0.1494
1456,2.5,107.0,0.11860000000000001
1457,2.1,95.0,0.1051
1458,2.4,93.0,0.1027
1459,2.2,104.0,0.0981
1460,2.2,102.0,0.0976
1461,2.3,109.0,0.0932
1462,2.1,97.0,0.08710000000000001
1463,2.5,104.0,0.099
1464,3.6,124.0,0.11960000000000001
1465,4.0,135.0,0.13290000000000002
1466,3.0,122.0,0.11510000000000001
1467,2.1,109.0,0.10310000000000001
1468,1.7,95.0,0.0917
1469,1.1,86.0,0.08600000000000001
1470,0.9,78.0,0.091
1471,0.4,53.0,0.0699
1472,0.2,43.0,0.0596
1475,0.6,48.0,0.0741
1476,1.4,64.0,0.09680000000000001
1477,4.6,95.0,0.15610000000000002
1478,5.5,120.0,0.1779
1479,4.8,153.0,0.1822
1480,4.5,163.0,0.1675
1481,3.0,119.0,0.1295
1482,2.5,96.0,0.1091
1483,2.3,94.0,0.1023
1484,2.0,86.0,0.0877
1485,1.9,91.0,0.0931
1486,1.9,97.0,0.0913
1487,3.5,125.0,0.1255
1488,4.6,140.0,0.15710000000000002
1489,6.3,158.0,0.1779
1490,5.0,159.0,0.17350000000000002
1491,3.3,128.0,0.1511
1492,2.7,114.0,0.1424
1493,2.2,100.0,0.1348
1494,1.7,88.0,0.1174
1495,0.8,67.0,0.0947
1496,0.8,65.0,0.0935
1499,0.8,57.0,0.0881
1500,1.5,73.0,0.1096
1501,4.1,95.0,0.1495
1502,5.9,110.0,0.1895
1503,5.1,121.0,0.1758
1504,3.9,108.0,0.163
1505,3.4,125.0,0.153
1506,3.3,117.0,0.1622
1507,5.1,131.0,0.18280000000000002
1508,3.1,126.0,0.1323
1509,2.5,114.0,0.1188
1510,2.4,123.0,0.11660000000000001
1511,2.8,116.0,0.11080000000000001
1512,2.9,107.0,0.0995
1513,3.4,123.0,0.11080000000000001
1514,2.2,112.0,0.0956
1515,1.6,101.0,0.08170000000000001
1516,1.3,91.0,0.0658
1517,1.3,88.0,0.0658
1518,1.6,96.0,0.0748
1519,1.2,75.0,0.056900000000000006
1520,0.6,47.0,0.044500000000000005
1523,0.4,49.0,0.0407
1524,1.0,85.0,0.0611
1525,2.0,106.0,0.0944
1526,3.6,136.0,0.1328
1527,2.4,119.0,0.1085
1528,2.4,122.0,0.1139
1529,1.6,90.0,0.0799
1530,1.9,97.0,0.0804
1531,2.4,98.0,0.093
1532,1.7,93.0,0.0771
1533,2.1,98.0,0.0845
1534,3.1,123.0,0.1192
1535,4.6,148.0,0.1494
1536,4.5,148.0,0.1457
1537,3.9,133.0,0.1489
1538,4.6,141.0,0.1602
1539,3.3,131.0,0.1468
1540,2.7,121.0,0.1274
1541,3.3,123.0,0.1401
1542,2.5,107.0,0.13540000000000002
1543,2.1,104.0,0.1188
1544,1.3,91.0,0.0975
1547,1.2,102.0,0.1012
1548,1.5,95.0,0.09050000000000001
1549,3.7,140.0,0.1449
1551,3.3,138.0,0.1301
1552,2.5,113.0,0.11810000000000001
1553,1.9,101.0,0.09620000000000001
1554,2.0,97.0,0.0862
1555,2.5,114.0,0.1017
1556,2.1,110.0,0.0993
1557,2.1,103.0,0.0879
1558,2.3,119.0,0.0926
1559,3.0,126.0,0.10110000000000001
1560,4.1,144.0,0.138
1561,4.5,164.0,0.1698
1562,3.5,148.0,0.1432
1563,2.1,119.0,0.1217
1564,2.3,111.0,0.1317
1565,1.9,115.0,0.1255
1566,1.9,103.0,0.1223
1567,1.2,81.0,0.093
1568,1.0,71.0,0.0954
1571,0.5,44.0,0.06430000000000001
1572,0.6,49.0,0.0756
1573,1.4,68.0,0.1067
1574,2.6,108.0,0.1391
1575,2.8,117.0,0.1486
1576,2.6,127.0,0.1327
1577,1.6,93.0,0.0835
1578,1.7,94.0,0.0834
1579,1.7,87.0,0.0815
1580,1.3,75.0,0.0621
1581,1.4,81.0,0.06430000000000001
1582,1.4,86.0,0.0712
1583,1.7,97.0,0.0746
1584,2.3,117.0,0.09910000000000001
1585,2.5,120.0,0.1046
1586,3.3,149.0,0.13040000000000002
1587,2.2,124.0,0.11
1588,1.6,97.0,0.10010000000000001
1589,2.6,112.0,0.129
1590,2.3,95.0,0.12050000000000001
1591,1.5,88.0,0.10450000000000001
1592,0.9,54.0,0.07390000000000001
1595,0.4,45.0,0.056400000000000006
1596,0.4,47.0,0.060200000000000004
1597,0.8,58.0,0.0785
1598,0.9,69.0,0.0878
1599,1.6,89.0,0.0981
1600,2.0,105.0,0.09910000000000001
1601,1.6,92.0,0.078
1602,1.4,82.0,0.0684
1603,0.9,56.0,0.0468
1604,0.9,60.0,0.0468
1605,1.2,64.0,0.053000000000000005
1606,1.4,85.0,0.0648
1607,1.9,107.0,0.0746
1608,1.8,106.0,0.0819
1609,2.7,125.0,0.1125
1610,2.4,118.0,0.1013
1611,1.6,95.0,0.0816
1612,1.4,97.0,0.075
1613,1.4,93.0,0.0673
1614,1.4,85.0,0.0692
1615,0.9,67.0,0.0517
1616,0.5,37.0,0.0392
1619,0.5,75.0,0.0779
1620,1.3,102.0,0.10160000000000001
1621,2.6,113.0,0.12430000000000001
1622,2.0,142.0,0.0949
1623,1.8,90.0,0.08610000000000001
1624,1.7,94.0,0.085
1625,1.5,92.0,0.07880000000000001
1626,1.9,97.0,0.0879
1627,1.7,88.0,0.0747
1628,1.5,86.0,0.07
1629,1.7,99.0,0.0695
1630,1.7,95.0,0.0756
1631,2.4,105.0,0.0941
1632,3.1,121.0,0.10210000000000001
1633,3.4,125.0,0.11670000000000001
1634,3.0,122.0,0.1105
1635,1.2,81.0,0.0712
1636,1.2,73.0,0.07350000000000001
1637,1.3,80.0,0.08510000000000001
1638,1.0,65.0,0.07060000000000001
1639,0.4,59.0,0.06430000000000001
1640,0.3,50.0,0.0608
1643,0.5,37.0,0.0618
1644,0.9,54.0,0.0931
1645,2.7,94.0,0.1519
1646,6.5,139.0,0.2054
1647,3.2,115.0,0.155
1648,2.4,119.0,0.1381
1649,1.9,103.0,0.1115
1650,2.7,123.0,0.1189
1651,2.9,126.0,0.12000000000000001
1652,2.0,106.0,0.0965
1653,2.3,127.0,0.1018
1654,1.9,105.0,0.0775
1655,3.0,130.0,0.1193
1656,4.4,160.0,0.14250000000000002
1657,4.7,162.0,0.15940000000000001
1658,3.4,135.0,0.12840000000000001
1659,2.4,122.0,0.1174
1660,1.2,75.0,0.0937
1661,1.7,96.0,0.0985
1662,1.2,84.0,0.1041
1663,0.7,68.0,0.0867
1664,0.5,65.0,0.08220000000000001
1667,0.3,46.0,0.06280000000000001
1668,0.7,54.0,0.081
1669,3.1,94.0,0.1495
1670,6.2,155.0,0.2018
1671,4.6,165.0,0.1696
1672,2.6,134.0,0.134
1673,2.1,122.0,0.11230000000000001
1674,2.0,113.0,0.0971
1675,2.2,115.0,0.1
1676,2.1,118.0,0.0891
1677,2.3,125.0,0.0852
1678,2.5,135.0,0.0975
1679,3.4,149.0,0.1192
1680,4.3,162.0,0.1373
1681,3.8,151.0,0.1307
1682,3.8,154.0,0.1325
1683,2.0,118.0,0.0918
1684,1.7,103.0,0.0877
1685,2.0,122.0,0.1024
1686,1.5,102.0,0.1019
1687,0.8,73.0,0.0823
1688,0.5,59.0,0.07010000000000001
1691,0.3,35.0,0.0533
1692,0.9,68.0,0.0906
1693,2.8,97.0,0.1447
1694,5.4,146.0,0.1835
1695,4.0,83.0,0.1552
1696,2.2,117.0,0.1092
1697,2.2,117.0,0.1071
1698,2.0,108.0,0.0881
1699,2.0,107.0,0.0907
1700,1.9,120.0,0.08990000000000001
1701,2.7,150.0,0.10740000000000001
1702,2.2,138.0,0.0969
1703,3.5,148.0,0.1267
1704,4.1,168.0,0.14020000000000002
1705,4.4,172.0,0.1437
1706,4.5,179.0,0.13820000000000002
1707,2.9,143.0,0.128
1708,2.6,137.0,0.125
1709,2.1,117.0,0.1359
1710,1.2,93.0,0.1102
1711,0.6,64.0,0.07680000000000001
1712,0.3,58.0,0.0656
1715,0.3,47.0,0.0656
1716,0.7,62.0,0.0926
1717,4.2,113.0,0.16770000000000002
1718,4.8,126.0,0.18280000000000002
1719,3.4,139.0,0.1752
1720,2.8,148.0,0.15810000000000002
1721,1.8,117.0,0.11320000000000001
1722,1.9,106.0,0.1037
1723,2.0,98.0,0.1023
1724,1.9,98.0,0.1022
1725,2.0,110.0,0.0989
1726,2.3,114.0,0.0925
1727,2.7,122.0,0.0795
1728,3.6,155.0,0.1263
1729,3.8,145.0,0.1184
1730,3.5,146.0,0.1272
1731,2.5,130.0,0.1177
1732,2.5,126.0,0.1231
1733,3.0,127.0,0.12430000000000001
1734,3.7,126.0,0.1427
1735,3.3,124.0,0.1454
1736,1.5,93.0,0.1183
1739,0.5,59.0,0.0777
1740,0.5,66.0,0.0888
1741,1.2,80.0,0.1076
1742,2.2,94.0,0.1285
1743,2.2,102.0,0.1315
1744,2.1,96.0,0.125
1745,1.8,91.0,0.0978
1746,2.2,104.0,0.1072
1747,2.0,84.0,0.10640000000000001
1748,1.4,76.0,0.0825
1749,1.8,87.0,0.09240000000000001
1750,2.1,101.0,0.0966
1751,2.8,115.0,0.1302
1752,2.8,110.0,0.12560000000000002
1753,2.7,103.0,0.1068
1754,1.8,90.0,0.10700000000000001
1755,1.2,68.0,0.0792
1756,2.6,85.0,0.1017
1757,3.1,100.0,0.1207
1758,4.1,114.0,0.1499
1759,3.6,108.0,0.1474
1760,1.9,78.0,0.1163
1763,0.3,37.0,0.0507
1764,0.4,53.0,0.0506
1765,0.8,79.0,0.0716
1766,0.8,65.0,0.0795
1767,0.8,64.0,0.0594
1768,0.8,66.0,0.0565
1769,0.9,53.0,0.0523
1770,1.2,69.0,0.0591
1771,1.0,57.0,0.055900000000000005
1772,0.8,36.0,0.043000000000000003
1773,1.1,57.0,0.0522
1774,1.5,73.0,0.0641
1775,1.5,81.0,0.0738
1776,1.4,91.0,0.07780000000000001
1777,1.1,65.0,0.0718
1778,0.9,56.0,0.0689
1779,1.0,69.0,0.0852
1780,1.1,73.0,0.0854
1781,1.0,76.0,0.0664
1782,0.7,67.0,0.054400000000000004
1783,0.5,44.0,0.0461
1784,0.2,21.0,0.0352
1787,0.1,29.0,0.0307
1788,0.5,69.0,0.0441
1789,1.6,111.0,0.0775
1790,2.0,81.0,0.0907
1791,1.3,56.0,0.0763
1792,1.0,90.0,0.0649
1793,0.9,85.0,0.059800000000000006
1794,1.2,83.0,0.0579
1795,1.3,85.0,0.0596
1796,1.1,85.0,0.059500000000000004
1797,1.2,81.0,0.060700000000000004
1798,1.4,92.0,0.06620000000000001
1799,2.0,108.0,0.08220000000000001
1800,2.4,106.0,0.09870000000000001
1801,2.1,114.0,0.0966
1802,1.2,96.0,0.0763
1803,0.7,77.0,0.061700000000000005
1804,0.7,73.0,0.056400000000000006
1805,0.8,86.0,0.0646
1806,0.5,84.0,0.0753
1807,0.2,56.0,0.0669
1811,0.1,51.0,0.053200000000000004
1812,0.2,45.0,0.0536
1813,1.1,82.0,0.0917
1814,3.0,100.0,0.1481
1815,2.1,91.0,0.1187
1816,2.6,130.0,0.12200000000000001
1817,3.2,155.0,0.1381
1818,2.1,114.0,0.11030000000000001
1819,2.2,127.0,0.1105
1820,2.4,138.0,0.12480000000000001
1840,2.2,136.0,0.1327
1841,1.8,135.0,0.1292
1842,1.6,115.0,0.1114
1843,1.8,112.0,0.10600000000000001
1844,1.6,112.0,0.0915
1845,1.6,109.0,0.0893
1846,1.3,112.0,0.07680000000000001
1893,1.7,115.0,0.0814
1894,1.7,117.0,0.0845
1895,2.1,105.0,0.0956
1896,2.2,114.0,0.1102
1897,1.8,103.0,0.0994
1898,1.8,119.0,0.0935
1899,0.9,102.0,0.0839
1900,1.0,96.0,0.07970000000000001
1901,2.0,109.0,0.09680000000000001
1902,1.8,119.0,0.0886
1903,1.1,103.0,0.07640000000000001
1904,0.6,84.0,0.06570000000000001
1908,0.1,45.0,0.0434
1909,0.5,80.0,0.055900000000000005
1910,0.6,77.0,0.0548
1911,0.5,68.0,0.052500000000000005
1912,0.7,66.0,0.0522
1913,0.7,70.0,0.053500000000000006
1914,0.9,74.0,0.0585
1915,0.7,64.0,0.0521
1916,0.4,60.0,0.049300000000000004
1917,0.5,63.0,0.050100000000000006
1918,0.6,75.0,0.055900000000000005
1919,0.6,79.0,0.0589
1920,0.8,83.0,0.0596
1921,1.0,93.0,0.06810000000000001
1922,1.2,112.0,0.07830000000000001
1923,1.0,103.0,0.0738
1924,1.3,93.0,0.0762
1925,2.7,112.0,0.09290000000000001
1926,2.7,125.0,0.1044
1927,1.6,107.0,0.0892
1928,0.6,76.0,0.08070000000000001
1931,0.1,37.0,0.0568
1932,0.1,45.0,0.0575
1933,0.2,61.0,0.0658
1934,0.3,67.0,0.053700000000000005
1935,0.3,60.0,0.048600000000000004
1936,0.4,64.0,0.0507
1937,0.3,64.0,0.049600000000000005
1938,0.3,59.0,0.0502
1939,0.1,41.0,0.043000000000000003
1940,0.1,46.0,0.0439
1941,0.2,46.0,0.0471
1942,0.6,77.0,0.0589
1943,0.5,83.0,0.059800000000000006
1944,0.9,90.0,0.0695
1945,1.1,95.0,0.07390000000000001
1946,1.3,113.0,0.0891
1947,1.5,128.0,0.093
1948,1.2,117.0,0.08800000000000001
1949,0.4,64.0,0.061000000000000006
1950,0.2,28.0,0.051800000000000006
1951,0.3,46.0,0.0664
1956,0.5,60.0,0.0763
1957,1.6,83.0,0.1111
1958,3.6,129.0,0.139
1959,2.2,137.0,0.12510000000000002
1960,1.6,121.0,0.11410000000000001
1961,1.4,123.0,0.0942
1962,1.4,120.0,0.0795
1963,1.5,119.0,0.08360000000000001
1964,1.3,121.0,0.0847
1965,1.2,111.0,0.07690000000000001
1966,1.8,128.0,0.09680000000000001
1967,3.0,159.0,0.11570000000000001
1968,3.5,161.0,0.13670000000000002
1969,2.4,116.0,0.1101
1970,1.1,96.0,0.0916
1971,0.8,69.0,0.0825
1972,0.4,58.0,0.0693
1973,0.6,59.0,0.0734
1974,0.3,45.0,0.0685
1979,0.1,41.0,0.0565
1980,0.3,65.0,0.0799
1981,1.4,94.0,0.1102
1982,2.7,100.0,0.12990000000000002
1983,2.3,103.0,0.1272
1984,1.8,89.0,0.1206
1985,1.6,86.0,0.1218
1986,1.9,89.0,0.13670000000000002
1987,2.5,88.0,0.129
1988,1.6,73.0,0.11750000000000001
1989,1.5,78.0,0.1139
1990,2.5,95.0,0.1293
1991,3.6,109.0,0.1419
1992,3.5,95.0,0.1326
1993,4.8,101.0,0.1517
1994,3.7,88.0,0.1391
1995,2.1,77.0,0.1275
1996,1.6,75.0,0.1168
1997,2.2,81.0,0.11320000000000001
1998,0.8,57.0,0.09770000000000001
2074,0.7,63.0,0.08370000000000001
2075,0.7,71.0,0.09040000000000001
2076,1.2,91.0,0.10650000000000001
2077,1.5,95.0,0.0999
2078,1.5,96.0,0.09860000000000001
2079,1.6,81.0,0.0874
2080,1.1,68.0,0.0689
2081,1.1,57.0,0.0608
2082,1.4,68.0,0.07060000000000001
2083,1.4,72.0,0.0704
2084,1.0,62.0,0.0609
2085,1.3,75.0,0.0687
2086,1.9,92.0,0.0976
2087,1.7,89.0,0.08600000000000001
2088,2.3,105.0,0.10210000000000001
2089,2.4,111.0,0.10790000000000001
2090,1.8,102.0,0.0826
2091,0.6,30.0,0.0558
2092,0.8,43.0,0.0679
2093,1.7,67.0,0.085
2094,1.1,58.0,0.0733
2095,0.6,24.0,0.061200000000000004
2096,1.1,58.0,0.07880000000000001
2098,1.0,62.0,0.0724
2099,0.5,34.0,0.0543
2100,0.7,46.0,0.0616
2101,1.0,62.0,0.06770000000000001
2102,1.2,70.0,0.0723
2103,0.7,54.0,0.0529
2104,0.9,61.0,0.0528
2105,0.8,53.0,0.049100000000000005
2106,0.8,49.0,0.0489
2107,0.5,48.0,0.045000000000000005
2108,0.5,45.0,0.0451
2109,0.7,60.0,0.0512
2110,0.9,59.0,0.052500000000000005
2111,1.0,67.0,0.055600000000000004
2112,1.2,72.0,0.0599
2113,1.3,88.0,0.0694
2114,1.6,94.0,0.07440000000000001
2115,1.4,89.0,0.0724
2116,1.7,96.0,0.0804
2117,1.7,98.0,0.0862
2118,1.4,95.0,0.0811
2119,0.8,64.0,0.0627
2120,0.4,38.0,0.0575
2123,0.5,40.0,0.060500000000000005
2124,1.5,76.0,0.0974
2125,2.6,90.0,0.11320000000000001
2126,4.3,118.0,0.1378
2127,3.1,118.0,0.116
2128,2.9,122.0,0.1213
2129,2.5,120.0,0.1057
2130,1.9,132.0,0.08320000000000001
2131,2.5,115.0,0.0983
2132,2.5,127.0,0.1047
2133,2.8,126.0,0.1078
2134,2.3,113.0,0.0979
2135,3.3,124.0,0.1139
2136,2.8,108.0,0.1111
2137,4.8,142.0,0.14700000000000002
2138,2.5,125.0,0.098
2139,2.0,116.0,0.0893
2140,1.8,101.0,0.0858
2141,1.7,101.0,0.09040000000000001
2142,1.3,92.0,0.09050000000000001
2143,0.7,55.0,0.0678
2144,0.5,42.0,0.058600000000000006
2146,0.3,30.0,0.0514
2147,0.5,40.0,0.058800000000000005
2148,1.4,69.0,0.0884
2149,3.3,100.0,0.1338
2150,5.8,125.0,0.1708
2151,5.0,174.0,0.1681
2152,3.5,171.0,0.1509
2153,2.9,149.0,0.133
2154,2.5,124.0,0.11380000000000001
2155,2.3,119.0,0.09630000000000001
2156,2.4,130.0,0.1015
2157,2.6,143.0,0.1008
2159,3.5,183.0,0.12150000000000001
2160,3.9,161.0,0.13340000000000002
2161,4.5,170.0,0.138
2162,3.8,143.0,0.16010000000000002
2163,2.8,123.0,0.1376
2164,1.7,89.0,0.11610000000000001
2165,1.2,67.0,0.0878
2166,1.6,81.0,0.10310000000000001
2167,1.0,54.0,0.0847
2168,0.9,57.0,0.0908
2170,0.5,51.0,0.0751
2171,0.5,58.0,0.0799
2172,1.0,69.0,0.0954
2173,3.5,107.0,0.14250000000000002
2174,6.4,151.0,0.2147
2175,2.9,146.0,0.1532
2176,3.4,165.0,0.157
2177,2.8,159.0,0.138
2178,2.8,174.0,0.1337
2179,2.8,167.0,0.1308
2180,2.3,137.0,0.1013
2181,1.8,116.0,0.0816
2182,2.0,125.0,0.08360000000000001
2183,3.5,194.0,0.1267
2184,4.9,222.0,0.16490000000000002
2185,4.6,206.0,0.1622
2186,3.4,162.0,0.13490000000000002
2187,2.7,132.0,0.11860000000000001
2188,1.9,107.0,0.10260000000000001
2189,1.5,84.0,0.08170000000000001
2190,1.0,61.0,0.06620000000000001
2191,0.7,42.0,0.055200000000000006
2192,1.0,66.0,0.0775
2195,0.9,76.0,0.0874
2196,1.2,78.0,0.09730000000000001
2197,2.9,104.0,0.1327
2198,4.8,139.0,0.1626
2199,4.3,166.0,0.164
2200,3.1,151.0,0.1341
2201,2.4,134.0,0.11130000000000001
2202,2.8,148.0,0.12240000000000001
2203,2.5,126.0,0.1095
2204,2.6,144.0,0.11520000000000001
2205,2.3,133.0,0.1047
2206,2.4,139.0,0.09820000000000001
2207,3.5,178.0,0.132
2208,4.8,206.0,0.15410000000000001
2209,5.1,211.0,0.151
2210,4.7,180.0,0.1511
2211,2.4,116.0,0.1078
2212,2.5,118.0,0.12350000000000001
2213,2.7,115.0,0.1202
2214,1.5,96.0,0.11030000000000001
2215,1.1,86.0,0.1013
2216,0.6,65.0,0.0765
2218,0.4,53.0,0.0663
2219,0.6,74.0,0.0813
2220,1.0,69.0,0.08940000000000001
2221,4.6,131.0,0.1495
2222,4.8,134.0,0.1658
2223,4.0,148.0,0.1506
2226,2.0,111.0,0.091
2227,2.0,110.0,0.0912
2228,1.9,110.0,0.0814
2229,1.9,116.0,0.1341
2230,1.9,120.0,0.0847
2231,2.6,142.0,0.0925
2232,3.2,146.0,0.1087
2233,3.4,153.0,0.11320000000000001
2234,3.4,158.0,0.1197
2235,2.9,140.0,0.12290000000000001
2236,2.7,127.0,0.11710000000000001
2237,1.3,97.0,0.0921
2238,1.3,91.0,0.1008
2239,0.9,68.0,0.0849
2240,0.6,52.0,0.0668
2242,0.5,58.0,0.0707
2243,0.9,78.0,0.09390000000000001
2244,0.7,61.0,0.0886
2245,0.6,64.0,0.08370000000000001
2246,1.3,81.0,0.1005
2247,1.9,92.0,0.11910000000000001
2248,2.1,101.0,0.12000000000000001
2249,1.8,96.0,0.0971
2250,1.8,101.0,0.0907
2251,1.6,91.0,0.08020000000000001
2252,1.2,68.0,0.0695
2253,1.2,76.0,0.0777
2254,1.4,84.0,0.0818
2255,1.3,76.0,0.06810000000000001
2256,1.1,61.0,0.0631
2257,1.1,52.0,0.0641
2258,1.1,59.0,0.0683
2259,1.8,89.0,0.1013
2260,2.3,113.0,0.11510000000000001
2261,2.6,112.0,0.1134
2262,2.0,89.0,0.0945
2263,1.0,53.0,0.0734
2264,0.6,36.0,0.055400000000000005
2266,0.5,39.0,0.056400000000000006
2267,0.4,33.0,0.0512
2268,0.4,37.0,0.041
2269,0.4,36.0,0.0392
2270,0.4,42.0,0.037700000000000004
2271,0.5,52.0,0.038900000000000004
2272,0.6,60.0,0.0432
2273,0.7,74.0,0.0502
2274,0.7,65.0,0.046900000000000004
2275,0.6,52.0,0.0427
2276,0.5,40.0,0.040600000000000004
2277,0.6,49.0,0.043000000000000003
2278,0.8,56.0,0.0453
2279,0.8,59.0,0.047
2280,1.0,68.0,0.048
2281,1.0,72.0,0.0472
2282,1.0,78.0,0.0521
2283,0.9,71.0,0.052000000000000005
2284,0.7,54.0,0.044000000000000004
2285,0.8,57.0,0.0446
2286,0.7,45.0,0.0417
2287,0.5,30.0,0.0381
2288,0.3,16.0,0.035
2291,0.3,28.0,0.038
2292,0.7,62.0,0.0563
2293,1.5,92.0,0.0779
2294,1.8,96.0,0.08420000000000001
2295,1.4,87.0,0.0692
2296,1.5,84.0,0.0779
2297,1.2,73.0,0.06330000000000001
2298,1.2,72.0,0.0616
2299,1.3,68.0,0.0606
2300,1.0,62.0,0.0526
2301,1.4,70.0,0.058800000000000005
2302,1.6,83.0,0.0674
2303,2.7,92.0,0.08850000000000001
2304,2.3,103.0,0.0879
2305,1.5,82.0,0.0703
2306,1.4,74.0,0.0637
2307,1.0,67.0,0.056100000000000004
2308,1.1,74.0,0.061200000000000004
2309,1.2,72.0,0.0621
2310,1.2,79.0,0.0702
2311,0.7,43.0,0.055900000000000005
2312,0.5,33.0,0.043500000000000004
2314,0.4,38.0,0.052700000000000004
2315,0.5,51.0,0.07200000000000001
2316,1.0,69.0,0.0937
2317,4.4,116.0,0.1482
2318,4.0,119.0,0.1489
2319,2.4,96.0,0.1015
2320,2.1,109.0,0.1004
2321,2.7,115.0,0.1129
2322,2.8,118.0,0.1068
2323,2.3,118.0,0.09240000000000001
2324,2.0,112.0,0.08610000000000001
2325,2.6,140.0,0.0981
2326,2.7,137.0,0.1043
2327,3.1,143.0,0.1124
2328,3.1,148.0,0.1004
2329,3.6,158.0,0.11900000000000001
2330,2.9,127.0,0.1072
2331,2.2,109.0,0.0925
2332,2.0,101.0,0.0862
2333,2.1,114.0,0.0969
2334,1.9,104.0,0.0932
2335,1.4,81.0,0.0794
2336,0.8,51.0,0.0599
2338,0.6,40.0,0.0625
2339,0.5,34.0,0.059500000000000004
2340,1.0,61.0,0.0886
2341,2.7,95.0,0.1257
2342,5.0,142.0,0.15610000000000002
2343,3.3,128.0,0.11910000000000001
2344,2.4,115.0,0.1061
2345,1.7,84.0,0.0751
2346,1.7,85.0,0.0733
2347,2.4,110.0,0.0906
2348,2.2,107.0,0.0902
2349,2.2,107.0,0.08360000000000001
2350,2.3,113.0,0.0863
2351,2.6,107.0,0.0824
2352,2.3,106.0,0.08420000000000001
2353,3.3,125.0,0.11320000000000001
2354,3.5,139.0,0.11750000000000001
2355,2.5,117.0,0.1111
2356,2.5,107.0,0.1125
2357,2.4,98.0,0.1077
2358,2.5,97.0,0.1087
2359,2.1,95.0,0.1014
2360,1.0,68.0,0.0801
2363,0.5,44.0,0.06960000000000001
2364,1.3,77.0,0.09960000000000001
2365,3.6,100.0,0.15130000000000002
2366,4.8,125.0,0.1598
2367,3.7,154.0,0.169
2368,1.9,125.0,0.1053
2369,1.7,117.0,0.0931
2370,1.9,105.0,0.08650000000000001
2371,1.8,103.0,0.0818
2372,1.7,106.0,0.08020000000000001
2373,1.8,107.0,0.07780000000000001
2374,1.7,102.0,0.0767
2375,2.8,124.0,0.1
2376,3.6,133.0,0.1143
2377,3.3,125.0,0.1009
2378,2.9,124.0,0.1076
2379,1.7,97.0,0.083
2380,1.7,94.0,0.0853
2381,2.8,120.0,0.131
2382,1.8,105.0,0.1119
2383,1.0,81.0,0.0918
2384,0.5,43.0,0.0609
2386,0.3,32.0,0.051000000000000004
2387,0.4,36.0,0.055400000000000005
2388,0.8,59.0,0.076
2389,2.2,92.0,0.117
2390,4.4,121.0,0.1545
2391,3.7,151.0,0.15080000000000002
2392,2.5,142.0,0.1292
2393,2.5,141.0,0.1287
2394,2.3,129.0,0.1042
2395,2.0,106.0,0.08170000000000001
2396,2.0,125.0,0.0847
2397,2.1,126.0,0.0806
2398,2.4,147.0,0.0896
2399,3.1,180.0,0.10690000000000001
2400,2.9,164.0,0.0945
2401,3.5,180.0,0.1168
2402,2.9,153.0,0.10650000000000001
2403,1.5,105.0,0.06720000000000001
2404,1.7,98.0,0.08420000000000001
2405,2.2,107.0,0.11230000000000001
2406,1.6,87.0,0.10070000000000001
2407,1.0,80.0,0.0855
2408,0.6,62.0,0.0689
2410,0.6,54.0,0.0658
2411,0.5,56.0,0.06280000000000001
2412,0.5,62.0,0.0659
2413,0.9,72.0,0.0799
2414,1.4,86.0,0.0964
2415,1.6,99.0,0.091
2416,1.6,98.0,0.0999
2417,1.7,102.0,0.0853
2418,1.7,84.0,0.0752
2419,1.5,83.0,0.07780000000000001
2458,0.3,24.0,0.0466
2459,0.5,43.0,0.0609
2460,1.3,64.0,0.0863
2461,2.5,91.0,0.1203
2462,3.7,109.0,0.14120000000000002
2463,2.5,110.0,0.10690000000000001
2464,1.8,111.0,0.08170000000000001
2465,1.5,106.0,0.0649
2466,1.5,104.0,0.059800000000000006
2467,1.2,76.0,0.054
2468,1.4,84.0,0.0601
2469,1.6,102.0,0.0668
2470,1.6,102.0,0.06470000000000001
2471,2.2,124.0,0.0816
2472,3.0,147.0,0.09630000000000001
2473,3.0,138.0,0.101
2474,2.7,126.0,0.09670000000000001
2475,2.1,112.0,0.09040000000000001
2476,1.6,95.0,0.0852
2477,1.3,80.0,0.07440000000000001
2478,1.1,79.0,0.076
2479,0.7,49.0,0.0613
2480,0.4,36.0,0.0531
2482,0.2,40.0,0.0509
2483,0.3,37.0,0.056
2484,0.9,67.0,0.0826
2485,3.1,106.0,0.13340000000000002
2486,5.0,134.0,0.166
2487,2.8,123.0,0.13620000000000002
2488,2.8,136.0,0.1316
2489,2.1,109.0,0.10890000000000001
2490,3.1,144.0,0.1129
2491,3.0,154.0,0.112
2492,2.1,126.0,0.0916
2493,1.7,98.0,0.08120000000000001
2494,2.2,120.0,0.0959
2495,3.5,145.0,0.1189
2496,3.6,139.0,0.1199
2497,4.1,148.0,0.1283
2498,4.0,139.0,0.1291
2499,1.8,93.0,0.0949
2500,1.7,96.0,0.1018
2501,2.4,104.0,0.11220000000000001
2502,1.2,83.0,0.09680000000000001
2503,0.8,66.0,0.0806
2504,0.5,55.0,0.0714
2507,0.4,40.0,0.0606
2508,1.0,51.0,0.0819
2509,3.8,117.0,0.1462
2510,3.2,110.0,0.14780000000000001
2511,3.5,136.0,0.1598
2512,3.2,152.0,0.1449
2513,2.3,119.0,0.1221
2514,2.2,106.0,0.1023
2515,2.1,101.0,0.091
2516,1.9,110.0,0.0913
2517,2.4,124.0,0.10350000000000001
2518,2.5,137.0,0.1085
2519,3.6,159.0,0.1278
2520,3.9,152.0,0.1383
2521,4.4,166.0,0.14730000000000001
2522,4.8,163.0,0.1507
2523,2.5,121.0,0.12150000000000001
2524,2.8,125.0,0.1242
2525,3.2,120.0,0.1356
2526,2.6,103.0,0.11950000000000001
2527,1.5,64.0,0.08990000000000001
2528,1.0,44.0,0.0726
2530,0.6,35.0,0.0684
2531,0.6,46.0,0.0779
2532,0.7,54.0,0.0801
2533,1.2,68.0,0.0983
2534,1.5,77.0,0.0989
2535,1.3,74.0,0.08750000000000001
2536,1.6,92.0,0.08070000000000001
2537,1.5,83.0,0.0727
2538,1.2,58.0,0.054900000000000004
2539,1.1,55.0,0.057
2540,1.2,61.0,0.0596
2541,1.3,65.0,0.0585
2542,1.4,74.0,0.0637
2543,1.6,89.0,0.0664
2544,2.1,103.0,0.07970000000000001
2545,3.0,128.0,0.1046
2546,2.8,122.0,0.1058
2547,3.8,125.0,0.12140000000000001
2548,3.2,119.0,0.1056
2549,4.1,126.0,0.128
2550,2.6,100.0,0.10450000000000001
2551,2.0,94.0,0.1039
2552,0.9,52.0,0.064
2554,0.6,64.0,0.06620000000000001
2555,0.6,46.0,0.0579
2556,1.6,88.0,0.09870000000000001
2557,2.6,104.0,0.1197
2558,2.9,125.0,0.1328
2559,2.8,151.0,0.137
2560,1.9,113.0,0.0921
2561,1.9,102.0,0.0876
2562,2.1,108.0,0.0819
2563,1.9,93.0,0.0763
2564,1.6,89.0,0.0675
2565,1.6,84.0,0.0637
2566,2.1,111.0,0.0826
2567,2.4,115.0,0.0854
2568,2.8,127.0,0.08940000000000001
2569,3.4,129.0,0.1077
2570,3.4,140.0,0.1121
2571,2.7,137.0,0.1071
2572,2.6,130.0,0.11670000000000001
2573,2.3,121.0,0.11620000000000001
2574,1.2,79.0,0.0848
2575,1.0,69.0,0.07590000000000001
2576,0.9,61.0,0.0694
2579,0.4,58.0,0.061000000000000006
2580,0.9,70.0,0.0816
2581,1.8,104.0,0.1158
2582,2.2,109.0,0.1228
2583,2.4,129.0,0.1323
2584,2.3,144.0,0.1274
2585,1.6,101.0,0.08460000000000001
2586,1.4,90.0,0.0737
2587,1.4,86.0,0.0675
2588,1.0,69.0,0.055900000000000005
2589,1.0,65.0,0.0604
2590,1.2,73.0,0.0729
2591,1.3,73.0,0.0741
2592,1.5,78.0,0.0747
2593,1.9,98.0,0.0932
2594,1.8,99.0,0.09280000000000001
2595,1.4,83.0,0.08600000000000001
2596,1.7,88.0,0.09630000000000001
2597,2.7,117.0,0.13090000000000002
2598,2.1,97.0,0.12660000000000002
2599,1.4,75.0,0.11810000000000001
2600,1.0,53.0,0.0937
2602,0.8,45.0,0.0789
2603,0.5,42.0,0.0682
2604,0.6,44.0,0.0717
2605,0.6,50.0,0.06960000000000001
2606,1.0,60.0,0.08070000000000001
2607,1.6,100.0,0.10250000000000001
2608,1.9,111.0,0.109
2609,1.7,110.0,0.0932
2610,1.1,74.0,0.0639
2611,0.8,56.0,0.046700000000000005
2612,0.7,50.0,0.0476
2613,0.7,54.0,0.049
2614,1.2,90.0,0.0669
2615,1.6,109.0,0.08
2616,1.6,110.0,0.0791
2617,1.7,103.0,0.0849
2618,2.0,120.0,0.09340000000000001
2619,2.3,134.0,0.1081
2620,2.4,137.0,0.1102
2621,1.7,99.0,0.09140000000000001
2622,1.2,78.0,0.0926
2623,1.0,63.0,0.0786
2624,0.6,41.0,0.061900000000000004
2626,0.4,39.0,0.0634
2627,0.5,60.0,0.0722
2628,0.7,54.0,0.0717
2629,3.2,119.0,0.14450000000000002
2630,5.6,159.0,0.1786
2631,4.6,182.0,0.1791
2632,3.3,183.0,0.1413
2633,2.1,144.0,0.1092
2634,1.9,118.0,0.094
2635,1.9,106.0,0.0883
2636,1.6,97.0,0.085
2637,2.0,129.0,0.09280000000000001
2638,1.8,130.0,0.0835
2639,2.9,163.0,0.11570000000000001
2640,3.4,160.0,0.1232
2641,3.1,140.0,0.1288
2642,2.5,115.0,0.1143
2643,1.8,92.0,0.1014
2644,1.8,99.0,0.10880000000000001
2645,2.0,96.0,0.1092
2646,1.5,80.0,0.109
2647,0.8,65.0,0.0979
2648,0.4,46.0,0.0806
2651,0.5,54.0,0.0816
2652,0.7,62.0,0.09340000000000001
2653,3.4,102.0,0.15480000000000002
2654,5.7,140.0,0.18580000000000002
2655,3.2,121.0,0.14100000000000001
2656,2.7,132.0,0.13340000000000002
2657,2.1,122.0,0.114
2658,2.8,148.0,0.1111
2659,2.5,133.0,0.10540000000000001
2660,2.1,130.0,0.09240000000000001
2661,2.5,141.0,0.1041
2662,2.7,172.0,0.1282
2663,3.7,198.0,0.13620000000000002
2664,3.7,181.0,0.1441
2665,4.6,202.0,0.1559
2666,2.6,120.0,0.1198
2667,2.5,115.0,0.1246
2668,2.3,112.0,0.1192
2669,2.2,97.0,0.1194
2670,2.5,100.0,0.1252
2671,0.9,47.0,0.0777
2672,0.8,44.0,0.07980000000000001
2674,0.5,42.0,0.0728
2675,0.7,57.0,0.09530000000000001
2676,0.9,61.0,0.10600000000000001
2677,2.2,106.0,0.1338
2678,2.8,136.0,0.1622
2679,2.9,157.0,0.1812
2680,2.9,171.0,0.1784
2681,3.0,190.0,0.1509
2682,2.5,155.0,0.1139
2683,2.3,139.0,0.1044
2684,2.1,152.0,0.1015
2685,1.9,143.0,0.0825
2686,2.3,168.0,0.1022
2687,4.2,226.0,0.1913
2688,4.9,207.0,0.2043
2689,4.9,197.0,0.1661
2690,3.5,158.0,0.1404
2691,2.5,124.0,0.1233
2692,2.5,110.0,0.11810000000000001
2693,2.6,112.0,0.1272
2694,2.3,102.0,0.11900000000000001
2695,1.5,77.0,0.09820000000000001
2696,0.9,50.0,0.0805
2698,0.6,40.0,0.0727
2699,0.8,66.0,0.10010000000000001
2700,0.9,60.0,0.0994
2701,2.4,85.0,0.1322
2702,3.9,120.0,0.1617
2703,2.9,134.0,0.14300000000000002
2704,2.7,149.0,0.13570000000000002
2705,2.0,125.0,0.0994
2706,2.4,132.0,0.10540000000000001
2707,2.0,114.0,0.0945
2708,1.8,110.0,0.08080000000000001
2709,1.9,121.0,0.0888
2710,1.8,127.0,0.0787
2711,2.9,157.0,0.1077
2712,3.3,169.0,0.1106
2713,4.4,179.0,0.1356
2714,3.4,149.0,0.11520000000000001
2715,1.9,111.0,0.0925
2716,2.1,112.0,0.10590000000000001
2717,2.5,120.0,0.12010000000000001
2718,2.3,105.0,0.12050000000000001
2719,1.7,90.0,0.11030000000000001
2720,1.5,87.0,0.1072
2723,0.5,61.0,0.07400000000000001
2724,0.8,63.0,0.077
2725,2.6,102.0,0.1327
2726,4.9,149.0,0.1763
2727,2.9,147.0,0.1477
2728,2.8,158.0,0.1311
2729,1.8,112.0,0.098
2730,1.8,108.0,0.0961
2731,1.9,120.0,0.09230000000000001
2732,1.7,117.0,0.0839
2733,1.7,119.0,0.08270000000000001
2734,1.9,149.0,0.0821
2735,2.1,174.0,0.07490000000000001
2736,2.4,163.0,0.08710000000000001
2737,3.0,161.0,0.1077
2738,2.8,154.0,0.11750000000000001
2739,1.9,124.0,0.1125
2740,2.1,122.0,0.1124
2741,1.8,119.0,0.10640000000000001
2742,2.5,131.0,0.124
2743,1.1,84.0,0.08990000000000001
2744,0.7,77.0,0.08070000000000001
2746,0.4,41.0,0.057300000000000004
2747,0.7,68.0,0.07680000000000001
2748,0.7,69.0,0.08070000000000001
2749,1.8,101.0,0.12040000000000001
2750,2.3,120.0,0.1401
2751,1.9,124.0,0.12560000000000002
2752,1.7,113.0,0.0999
2753,1.3,97.0,0.0712
2754,1.5,94.0,0.0712
2755,1.3,86.0,0.0614
2756,0.8,70.0,0.055400000000000005
2757,0.8,70.0,0.0722
2758,1.1,82.0,0.0636
2759,1.2,93.0,0.0664
2760,1.2,89.0,0.062400000000000004
2761,1.4,90.0,0.0659
2762,1.1,67.0,0.0695
2763,1.5,94.0,0.092
2764,2.0,109.0,0.115
2765,1.9,103.0,0.11410000000000001
2766,2.2,101.0,0.1227
2767,1.1,71.0,0.0887
2768,1.1,71.0,0.09870000000000001
2770,0.6,49.0,0.078
2771,0.6,43.0,0.0767
2772,0.6,44.0,0.078
2773,0.6,42.0,0.0698
2774,1.1,69.0,0.0821
2775,1.0,65.0,0.0772
2776,1.0,68.0,0.069
2777,1.0,58.0,0.058600000000000006
2778,0.8,52.0,0.0523
2779,0.7,46.0,0.0488
2780,0.4,40.0,0.0427
2781,0.5,47.0,0.0468
2782,0.6,56.0,0.0489
2783,0.7,64.0,0.051500000000000004
2784,0.9,71.0,0.0562
2785,1.6,103.0,0.0776
2786,1.6,97.0,0.0833
2787,1.7,108.0,0.1023
2788,1.3,87.0,0.09670000000000001
2789,1.9,104.0,0.10890000000000001
2790,1.5,93.0,0.11030000000000001
2791,0.6,55.0,0.0734
2792,0.4,49.0,0.0671
2795,0.4,43.0,0.0641
2796,0.7,57.0,0.0825
2797,2.0,80.0,0.1179
2798,3.9,134.0,0.1651
2799,3.6,157.0,0.1474
2800,3.2,175.0,0.137
2801,2.2,147.0,0.11410000000000001
2802,2.2,140.0,0.1076
2803,2.1,137.0,0.10360000000000001
2804,1.8,123.0,0.0881
2805,2.0,138.0,0.096
2806,1.8,132.0,0.0883
2807,3.0,174.0,0.1221
2808,4.3,203.0,0.15180000000000002
2809,3.5,176.0,0.1264
2810,2.5,125.0,0.1061
2811,1.8,98.0,0.0947
2812,1.9,103.0,0.10590000000000001
2813,1.9,104.0,0.10300000000000001
2814,1.9,105.0,0.10650000000000001
2815,0.9,75.0,0.0893
2816,0.7,60.0,0.08370000000000001
2818,0.4,36.0,0.0596
2819,0.7,66.0,0.0884
2820,1.6,97.0,0.117
2821,3.8,115.0,0.15960000000000002
2822,5.1,145.0,0.18730000000000002
2823,3.4,162.0,0.1608
2824,2.6,147.0,0.14700000000000002
2825,2.2,132.0,0.1275
2826,3.4,179.0,0.14070000000000002
2827,3.4,174.0,0.1302
2828,1.8,132.0,0.0931
2829,2.0,151.0,0.0917
2830,2.4,168.0,0.0985
2831,3.8,192.0,0.1265
2832,4.4,194.0,0.24750000000000003
2833,3.9,155.0,0.2021
2834,4.0,159.0,0.1834
2835,2.5,125.0,0.1426
2836,2.1,108.0,0.1272
2837,2.4,110.0,0.149
2838,2.1,99.0,0.14400000000000002
2839,1.6,95.0,0.12710000000000002
2840,0.8,69.0,0.0985
2842,0.4,45.0,0.07540000000000001
2843,0.5,53.0,0.0853
2844,1.3,88.0,0.134
2845,4.1,136.0,0.1869
2846,4.1,141.0,0.2021
2847,4.0,189.0,0.1902
2848,2.2,166.0,0.1527
2849,2.0,154.0,0.126
2850,2.0,149.0,0.1124
2851,2.2,142.0,0.13090000000000002
2852,2.2,130.0,0.1283
2853,1.8,121.0,0.1068
2854,1.8,116.0,0.0937
2855,3.3,177.0,0.1416
2856,4.3,233.0,0.16110000000000002
2857,5.3,223.0,0.19190000000000002
2858,4.3,184.0,0.17450000000000002
2859,3.6,165.0,0.1837
2860,2.4,132.0,0.1759
2861,2.1,122.0,0.1593
2862,1.2,88.0,0.13570000000000002
2863,0.9,79.0,0.1231
2864,0.6,60.0,0.1066
2867,0.6,74.0,0.12040000000000001
2868,0.6,62.0,0.10790000000000001
2869,2.2,115.0,0.1593
2870,3.2,119.0,0.17450000000000002
2871,3.0,155.0,0.1847
2872,2.7,162.0,0.1845
2873,3.2,189.0,0.18860000000000002
2874,1.4,115.0,0.1039
2875,1.3,109.0,0.09230000000000001
2876,1.4,108.0,0.0926
2877,2.1,145.0,0.1277
2878,2.4,167.0,0.1301
2879,3.1,200.0,0.1385
2880,3.5,178.0,0.1474
2881,5.1,206.0,0.1948
2882,4.5,192.0,0.16770000000000002
2883,2.9,137.0,0.1434
2884,2.6,128.0,0.1424
2885,2.7,121.0,0.1504
2886,3.2,136.0,0.1661
2887,2.3,109.0,0.1714
2888,1.0,74.0,0.10500000000000001
2890,0.4,40.0,0.0456
2891,0.6,61.0,0.055400000000000005
2892,1.0,83.0,0.07440000000000001
2893,2.9,129.0,0.128
2895,1.8,115.0,0.0927
2896,1.8,130.0,0.084
2897,1.7,137.0,0.0786
2898,1.5,116.0,0.069
2899,1.7,129.0,0.0742
2900,1.3,117.0,0.068
2901,1.5,138.0,0.07050000000000001
2902,1.5,139.0,0.06770000000000001
2903,2.3,180.0,0.0877
2904,2.2,162.0,0.0844
2905,2.8,158.0,0.10060000000000001
2906,2.7,162.0,0.09870000000000001
2907,1.7,112.0,0.0868
2908,1.5,104.0,0.08610000000000001
2909,2.3,125.0,0.1042
2910,2.3,127.0,0.108
2911,1.5,95.0,0.0811
2912,1.0,70.0,0.0704
2914,0.3,33.0,0.048400000000000006
2915,0.4,45.0,0.058
2916,0.5,56.0,0.0668
2917,0.9,74.0,0.0835
2918,1.1,84.0,0.07390000000000001
2919,1.4,93.0,0.0763
2920,1.1,97.0,0.0614
2921,0.9,83.0,0.056600000000000004
2922,0.8,71.0,0.050800000000000005
2923,0.8,78.0,0.0509
2924,0.6,62.0,0.045700000000000005
2925,0.6,54.0,0.0438
2926,0.5,59.0,0.0427
2927,0.7,69.0,0.0453
2928,0.8,67.0,0.047900000000000005
2929,0.9,58.0,0.05
2930,1.3,77.0,0.06470000000000001
2931,1.3,94.0,0.0728
2932,1.4,97.0,0.082
2933,1.9,110.0,0.0946
2934,2.3,116.0,0.1018
2935,1.0,74.0,0.0789
2936,0.5,51.0,0.06470000000000001
2938,0.4,40.0,0.057600000000000005
2939,0.3,36.0,0.0555
2940,0.2,35.0,0.055200000000000006
2941,0.4,48.0,0.062
2942,0.3,38.0,0.0557
2943,0.6,54.0,0.055600000000000004
2944,0.6,57.0,0.057300000000000004
2945,0.6,54.0,0.0514
2946,0.5,46.0,0.0478
2947,0.4,36.0,0.0424
2948,0.2,19.0,0.0386
2949,0.4,34.0,0.0403
2950,0.6,63.0,0.046200000000000005
2951,0.9,86.0,0.0489
2952,0.7,65.0,0.0463
2953,1.2,101.0,0.0585
2954,1.6,116.0,0.0748
2955,1.8,124.0,0.094
2956,2.4,136.0,0.1022
2957,1.5,108.0,0.09290000000000001
2958,0.9,82.0,0.0834
2959,0.8,68.0,0.0751
2960,0.2,22.0,0.0505
2963,0.5,43.0,0.06280000000000001
2964,1.4,84.0,0.1043
2965,3.3,108.0,0.1463
2966,3.6,112.0,0.1358
2967,1.7,104.0,0.0971
2968,1.5,107.0,0.08940000000000001
2969,1.6,102.0,0.08710000000000001
2970,2.1,104.0,0.0952
2971,2.1,96.0,0.0843
2972,1.6,80.0,0.075
2973,1.3,72.0,0.07100000000000001
2974,1.6,106.0,0.0814
2975,3.1,119.0,0.1052
2976,3.3,119.0,0.10600000000000001
2977,3.4,128.0,0.1153
2978,2.8,112.0,0.09860000000000001
2979,1.5,95.0,0.0781
2980,1.3,85.0,0.0653
2981,1.6,101.0,0.0777
2982,1.5,94.0,0.1015
2983,1.0,76.0,0.0922
2984,0.5,50.0,0.0678
2986,0.6,51.0,0.07250000000000001
2987,0.7,42.0,0.0688
2988,1.3,62.0,0.0887
2989,4.0,111.0,0.1494
2990,5.0,129.0,0.1647
2991,3.6,135.0,0.1489
2992,2.8,139.0,0.1361
2993,2.6,134.0,0.12240000000000001
2994,2.7,141.0,0.1174
2995,2.3,112.0,0.0901
2996,2.0,105.0,0.0794
2997,1.3,72.0,0.0577
2998,1.7,90.0,0.0776
2999,2.8,126.0,0.09820000000000001
3000,3.8,154.0,0.12560000000000002
3001,4.9,173.0,0.14830000000000002
3002,4.3,162.0,0.139
3003,2.6,128.0,0.11950000000000001
3004,2.4,120.0,0.1135
3005,1.9,111.0,0.1115
3006,1.4,89.0,0.10260000000000001
3007,1.1,69.0,0.08360000000000001
3008,0.9,70.0,0.0925
3010,0.5,59.0,0.0781
3011,0.8,73.0,0.0959
3012,1.3,89.0,0.1155
3013,4.7,142.0,0.1686
3014,4.6,145.0,0.1791
3015,3.7,156.0,0.1643
3016,2.8,148.0,0.136
3017,1.8,122.0,0.0944
3018,1.9,106.0,0.09050000000000001
3019,2.0,106.0,0.0884
3020,2.0,127.0,0.09680000000000001
3021,2.1,113.0,0.09290000000000001
3022,2.1,136.0,0.0936
3023,3.2,153.0,0.1107
3024,4.0,172.0,0.12250000000000001
3025,4.6,190.0,0.13720000000000002
3026,3.0,160.0,0.1139
3027,2.9,159.0,0.1505
3028,1.9,123.0,0.10740000000000001
3029,1.4,101.0,0.0868
3030,2.1,116.0,0.1095
3031,1.2,80.0,0.0989
3032,0.6,51.0,0.0658
3035,0.4,46.0,0.0618
3036,0.7,64.0,0.0747
3037,2.3,108.0,0.12290000000000001
3038,4.0,151.0,0.1494
3039,2.8,153.0,0.12810000000000002
3040,1.6,116.0,0.0954
3041,1.6,116.0,0.081
3042,2.0,130.0,0.0882
3043,2.0,131.0,0.084
3044,1.7,131.0,0.0743
3045,2.0,135.0,0.08800000000000001
3046,2.2,152.0,0.09280000000000001
3047,3.2,198.0,0.1218
3048,3.6,183.0,0.117
3049,3.8,175.0,0.162
3050,4.8,193.0,0.15080000000000002
3051,2.8,140.0,0.1318
3052,2.6,128.0,0.1189
3053,1.9,100.0,0.1
3054,1.7,97.0,0.10200000000000001
3055,1.0,67.0,0.0767
3056,0.7,58.0,0.0674
3058,0.4,45.0,0.0545
3059,0.6,62.0,0.0685
3060,0.7,59.0,0.0702
3061,2.4,102.0,0.1188
3062,4.4,154.0,0.1589
3063,3.1,157.0,0.1331
3064,2.0,138.0,0.10400000000000001
3065,2.1,142.0,0.11370000000000001
3066,2.1,125.0,0.08510000000000001
3067,2.1,120.0,0.0782
3068,2.2,150.0,0.0908
3069,1.6,120.0,0.0806
3070,2.4,173.0,0.0985
3071,3.3,187.0,0.1211
3072,4.0,206.0,0.1411
3073,4.1,187.0,0.1395
3074,4.2,170.0,0.1578
3075,2.9,149.0,0.1325
3076,2.3,124.0,0.11850000000000001
3077,2.2,119.0,0.12350000000000001
3078,2.1,108.0,0.1317
3079,1.6,93.0,0.1114
3080,1.2,77.0,0.1015
3082,0.9,76.0,0.0961
3083,0.6,58.0,0.0796
3084,0.7,63.0,0.0826
3085,1.3,75.0,0.1057
3086,2.0,111.0,0.1302
3087,1.9,116.0,0.12840000000000001
3088,2.2,138.0,0.1348
3089,1.9,117.0,0.10250000000000001
3090,1.5,94.0,0.07590000000000001
3091,1.4,91.0,0.068
3092,1.0,60.0,0.0516
3093,1.0,66.0,0.05
3094,1.4,87.0,0.07
3095,1.6,106.0,0.136
3096,1.6,94.0,0.0722
3097,2.1,112.0,0.08420000000000001
3098,2.0,120.0,0.0879
3099,1.9,106.0,0.08360000000000001
3100,2.3,112.0,0.1062
3101,2.4,120.0,0.1188
3102,2.2,114.0,0.1236
3103,1.2,70.0,0.0853
3104,1.1,64.0,0.08750000000000001
3107,0.6,50.0,0.0679
3108,0.7,62.0,0.0877
3109,0.4,53.0,0.0826
3110,0.6,85.0,0.0881
3111,0.9,102.0,0.111
3112,0.9,97.0,0.0927
3113,0.8,91.0,0.0665
3114,0.4,62.0,0.047400000000000005
3115,0.3,57.0,0.0459
3116,0.1,40.0,0.0437
3117,0.5,60.0,0.060700000000000004
3118,0.4,70.0,0.062
3119,0.3,53.0,0.0551
3120,0.4,54.0,0.053200000000000004
3121,0.6,58.0,0.057800000000000004
3122,0.8,73.0,0.0721
3123,1.2,99.0,0.0912
3124,1.6,102.0,0.1155
3125,1.2,101.0,0.1279
3126,0.5,77.0,0.1018
3127,0.3,55.0,0.08420000000000001
3128,0.1,51.0,0.07400000000000001
3130,0.1,50.0,0.07390000000000001
3131,0.3,75.0,0.097
3132,0.8,89.0,0.1177
3133,2.3,112.0,0.15180000000000002
3134,3.4,142.0,0.1811
3135,2.5,145.0,0.1696
3136,2.4,165.0,0.1603
3137,2.1,159.0,0.137
3192,4.1,140.0,0.1153
3193,3.8,163.0,0.1492
3194,3.4,144.0,0.13820000000000002
3195,2.9,120.0,0.1303
3196,3.1,120.0,0.1404
3197,3.5,106.0,0.1308
3198,2.4,95.0,0.132
3199,1.6,70.0,0.1179
3200,1.3,67.0,0.116
3202,1.0,70.0,0.11810000000000001
3203,0.8,50.0,0.101
3204,1.1,60.0,0.1075
3205,4.4,127.0,0.1839
3208,3.3,190.0,0.1834
3209,2.1,127.0,0.1268
3210,2.1,130.0,0.1422
3211,2.0,125.0,0.1028
3212,1.5,113.0,0.09290000000000001
3213,2.1,143.0,0.115
3214,2.3,157.0,0.12350000000000001
3215,2.8,170.0,0.1315
3216,3.6,187.0,0.1469
3217,4.0,181.0,0.1515
3218,3.7,158.0,0.151
3219,2.5,112.0,0.1327
3220,2.3,100.0,0.1318
3221,2.5,105.0,0.1436
3222,2.7,107.0,0.1608
3223,1.3,72.0,0.1257
3224,0.8,59.0,0.10940000000000001
3226,0.5,55.0,0.1022
3227,0.8,70.0,0.1139
3228,1.0,59.0,0.1158
3229,2.9,95.0,0.1602
3230,3.8,120.0,0.17700000000000002
3231,3.5,133.0,0.1651
3232,2.4,133.0,0.14350000000000002
3233,1.8,120.0,0.1159
3234,2.1,132.0,0.1193
3235,2.1,135.0,0.10940000000000001
3236,1.5,121.0,0.0912
3237,1.5,123.0,0.0908
3238,1.8,129.0,0.101
3239,2.1,129.0,0.10200000000000001
3240,3.0,156.0,0.128
3241,2.8,131.0,0.1287
3242,2.5,115.0,0.1216
3243,1.4,79.0,0.099
3244,1.7,86.0,0.11460000000000001
3245,1.8,91.0,0.1273
3246,2.4,99.0,0.1346
3247,1.9,83.0,0.1353
3248,1.4,74.0,0.1231
3250,0.7,64.0,0.1126
3251,0.8,61.0,0.0995
3252,0.7,62.0,0.1003
3253,1.0,65.0,0.10550000000000001
3254,1.7,79.0,0.11560000000000001
3255,1.9,90.0,0.1179
3256,2.3,116.0,0.1306
3257,1.7,89.0,0.09340000000000001
3258,1.3,68.0,0.0689
3259,1.2,53.0,0.0626
3260,0.8,34.0,0.0488
3261,0.9,38.0,0.0495
3262,1.1,53.0,0.0562
3263,1.2,62.0,0.061500000000000006
3264,1.3,82.0,0.066
3265,1.4,88.0,0.0664
3266,1.2,70.0,0.0567
3267,0.9,53.0,0.0506
3268,1.1,57.0,0.056
3269,1.5,73.0,0.0724
3270,1.7,83.0,0.09770000000000001
3271,0.9,52.0,0.0653
3272,0.7,52.0,0.06420000000000001
3275,0.3,17.0,0.0427
3276,0.4,28.0,0.047
3277,0.4,29.0,0.044700000000000004
3278,0.5,37.0,0.0463
3279,0.5,31.0,0.0454
3280,0.7,46.0,0.05
3281,0.9,66.0,0.0528
3282,0.8,54.0,0.049
3283,0.8,50.0,0.0488
3284,0.7,44.0,0.0475
3285,0.8,52.0,0.048600000000000004
3286,0.7,37.0,0.0438
3287,0.8,51.0,0.0477
3288,1.2,78.0,0.0626
3289,1.6,90.0,0.0747
3290,1.6,110.0,0.0858
3291,1.5,86.0,0.0775
3292,1.5,88.0,0.08030000000000001
3293,1.5,91.0,0.0777
3294,1.5,93.0,0.077
3295,1.2,68.0,0.0663
3296,0.8,48.0,0.0529
3419,0.8,49.0,0.0742
3420,1.2,71.0,0.0942
3421,1.0,71.0,0.0926
3422,1.5,86.0,0.1039
3423,2.8,125.0,0.1158
3424,3.4,160.0,0.13470000000000001
3425,3.3,174.0,0.1262
3426,2.9,146.0,0.1073
3427,2.2,127.0,0.08170000000000001
3428,1.6,114.0,0.0606
3429,0.9,65.0,0.0506
3430,1.1,77.0,0.055900000000000005
3431,1.0,68.0,0.053000000000000005
3432,1.3,92.0,0.061200000000000004
3433,1.6,104.0,0.07740000000000001
3434,1.8,114.0,0.08990000000000001
3435,2.2,105.0,0.1066
3436,1.8,85.0,0.10400000000000001
3437,2.3,92.0,0.1139
3438,2.0,82.0,0.1086
3439,1.8,70.0,0.10490000000000001
3440,0.9,40.0,0.0811
3442,0.6,26.0,0.0723
3443,0.4,21.0,0.0646
3444,0.4,30.0,0.067
3445,0.4,21.0,0.0603
3446,0.8,35.0,0.0687
3447,0.8,36.0,0.0733
3448,0.9,48.0,0.0766
3449,0.7,39.0,0.0621
3450,0.6,34.0,0.056
3451,0.5,33.0,0.0451
3452,0.6,42.0,0.0393
3453,0.7,85.0,0.0417
3454,0.9,92.0,0.0451
3455,0.9,84.0,0.0461
3456,1.2,100.0,0.0536
3457,1.4,95.0,0.061900000000000004
3458,1.5,77.0,0.0766
3459,1.7,85.0,0.0785
3460,1.7,83.0,0.07930000000000001
3461,1.7,88.0,0.0838
3462,1.9,68.0,0.0799
3463,1.2,97.0,0.0553
3464,0.7,51.0,0.0465
3466,0.2,5.0,0.0396
3467,0.4,35.0,0.0468
3468,0.8,56.0,0.06380000000000001
3469,1.9,110.0,0.1097
3471,1.9,124.0,0.1067
3472,1.9,115.0,0.0964
3473,1.9,119.0,0.0903
3474,1.7,107.0,0.0839
3475,1.4,99.0,0.0692
3476,1.2,95.0,0.0629
3477,1.4,105.0,0.0666
3478,1.4,117.0,0.0684
3479,1.9,157.0,0.0816
3480,2.2,173.0,0.0876
3481,1.9,139.0,0.08360000000000001
3482,1.7,116.0,0.08460000000000001
3483,1.2,91.0,0.0795
3484,0.3,98.0,0.08360000000000001
3485,0.1,93.0,0.0818
3486,0.1,74.0,0.0777
3563,0.7,57.0,0.0947
3564,1.2,56.0,0.1081
3565,2.3,72.0,0.1257
3566,3.0,84.0,0.1404
3567,2.9,97.0,0.14120000000000002
3568,2.6,107.0,0.1428
3569,2.6,117.0,0.1451
3570,2.6,120.0,0.1346
3571,2.1,110.0,0.10930000000000001
3572,1.7,104.0,0.094
3573,1.9,110.0,0.09090000000000001
3574,2.5,111.0,0.1005
3575,1.1,64.0,0.0756
3576,2.1,92.0,0.108
3577,2.6,114.0,0.12200000000000001
3578,2.6,116.0,0.1208
3579,1.7,94.0,0.1057
3580,1.5,77.0,0.1009
3581,1.8,74.0,0.10880000000000001
3582,1.4,62.0,0.1062
3583,1.2,57.0,0.0975
3584,0.7,45.0,0.07930000000000001
3586,0.7,49.0,0.08020000000000001
3587,0.5,45.0,0.07540000000000001
3588,0.6,44.0,0.07740000000000001
3589,0.9,43.0,0.08600000000000001
3590,1.2,51.0,0.0988
3591,2.0,84.0,0.11130000000000001
3592,1.9,96.0,0.1063
3593,1.7,88.0,0.0858
3594,1.2,67.0,0.06420000000000001
3595,1.1,64.0,0.058800000000000005
3596,1.0,54.0,0.048400000000000006
3597,1.0,56.0,0.049800000000000004
3598,1.0,68.0,0.0538
3599,1.2,67.0,0.0565
3600,1.6,95.0,0.06720000000000001
3601,1.6,86.0,0.0689
3602,1.6,93.0,0.0714
3603,1.3,68.0,0.0631
3604,1.9,95.0,0.0829
3605,1.9,93.0,0.08750000000000001
3606,1.5,69.0,0.08030000000000001
3607,1.1,55.0,0.07590000000000001
3608,0.8,39.0,0.06380000000000001
3610,0.6,33.0,0.061500000000000006
3611,0.6,29.0,0.0596
3612,0.7,36.0,0.065
3613,0.6,38.0,0.0655
3614,1.0,47.0,0.0779
3615,1.2,64.0,0.0758
3616,1.0,49.0,0.059800000000000006
3617,1.3,64.0,0.06430000000000001
3618,1.4,79.0,0.07780000000000001
3619,0.8,45.0,0.0522
3620,0.6,30.0,0.0419
3621,0.7,35.0,0.0444
3622,0.8,37.0,0.047400000000000005
3623,0.9,46.0,0.0495
3624,1.0,54.0,0.0504
3625,1.5,79.0,0.0616
3626,1.5,79.0,0.069
3627,1.7,98.0,0.08460000000000001
3628,1.9,93.0,0.1013
3629,1.7,89.0,0.0978
3630,1.2,57.0,0.0821
3631,1.1,51.0,0.0862
3632,0.8,39.0,0.0755
3635,0.7,46.0,0.0853
3636,1.2,55.0,0.099
3637,2.3,63.0,0.1206
3638,2.5,42.0,0.1274
3639,2.4,5.0,0.1336
3640,1.4,39.0,0.1068
3641,1.2,39.0,0.0804
3642,1.6,71.0,0.0826
3643,1.4,65.0,0.0745
3644,1.2,71.0,0.06380000000000001
3645,1.5,72.0,0.0684
3650,1.9,95.0,0.10200000000000001
3651,1.6,74.0,0.11
3652,1.5,76.0,0.1086
3653,1.4,66.0,0.10600000000000001
3654,1.0,49.0,0.09960000000000001
3655,0.7,29.0,0.08560000000000001
3656,0.5,11.0,0.0722
3658,0.5,25.0,0.0772
3659,0.7,34.0,0.091
3660,1.2,42.0,0.1051
3661,2.2,47.0,0.1257
3662,2.9,62.0,0.14100000000000001
3663,2.6,81.0,0.1433
3664,2.6,90.0,0.1413
3665,2.2,95.0,0.1206
3666,1.5,86.0,0.08310000000000001
3667,0.9,64.0,0.054400000000000004
3668,1.0,62.0,0.052500000000000005
3669,1.1,75.0,0.0644
3670,1.2,88.0,0.0702
3671,1.8,126.0,0.0844
3672,1.8,96.0,0.09050000000000001
3673,1.7,79.0,0.0878
3674,1.7,67.0,0.0927
3675,1.6,62.0,0.091
3676,1.7,64.0,0.1024
3677,1.8,63.0,0.10210000000000001
3678,1.5,60.0,0.1027
3679,1.2,49.0,0.0993
3680,0.8,36.0,0.091
3682,0.5,24.0,0.076
3683,0.7,32.0,0.0834
3684,1.1,42.0,0.1075
3685,1.4,42.0,0.11670000000000001
3686,1.7,51.0,0.1178
3687,1.8,58.0,0.112
3688,1.8,67.0,0.1131
3689,1.7,68.0,0.09720000000000001
3690,1.3,56.0,0.07640000000000001
3691,1.3,47.0,0.067
3692,1.0,46.0,0.061500000000000006
3693,1.0,50.0,0.0557
3694,1.4,65.0,0.07
3695,1.6,69.0,0.0734
3696,1.4,63.0,0.0684
3697,1.7,69.0,0.0823
3698,1.4,57.0,0.0801
3699,1.5,59.0,0.0916
3700,1.4,54.0,0.082
3701,1.5,57.0,0.0838
3702,1.6,46.0,0.0882
3703,1.2,65.0,0.0801
3704,0.9,62.0,0.069
3707,0.7,37.0,0.0799
3708,0.7,41.0,0.0818
3709,1.7,60.0,0.1034
3710,2.2,65.0,0.1189
3711,1.9,71.0,0.1034
3712,1.5,61.0,0.09290000000000001
3713,1.6,65.0,0.08800000000000001
3714,1.3,54.0,0.07010000000000001
3715,1.1,58.0,0.062
3716,1.0,56.0,0.057300000000000004
3717,1.0,60.0,0.054400000000000004
3718,1.1,69.0,0.058100000000000006
3719,1.3,67.0,0.061000000000000006
3720,1.5,79.0,0.0695
3721,1.6,86.0,0.0709
3722,1.5,79.0,0.0736
3723,1.3,67.0,0.0722
3724,1.2,65.0,0.068
3725,1.6,67.0,0.0772
3726,1.4,62.0,0.07690000000000001
3727,1.1,48.0,0.0654
3728,0.7,33.0,0.0516
3730,0.5,11.0,0.045200000000000004
3731,0.5,34.0,0.0492
3732,0.8,52.0,0.058800000000000005
3733,1.6,80.0,0.09090000000000001
3734,1.6,86.0,0.10070000000000001
3735,1.4,77.0,0.0809
3736,1.5,93.0,0.082
3737,1.2,109.0,0.06570000000000001
3738,1.1,89.0,0.0551
3739,0.8,71.0,0.0511
3740,0.7,56.0,0.0451
3741,0.7,68.0,0.046200000000000005
3742,0.7,61.0,0.044000000000000004
3743,1.0,70.0,0.0472
3744,1.0,76.0,0.0494
3745,1.2,78.0,0.0524
3746,1.1,80.0,0.056
3747,1.0,71.0,0.0534
3748,1.2,74.0,0.0577
3749,1.4,90.0,0.0674
3750,1.3,78.0,0.06760000000000001
3751,1.0,63.0,0.0611
3752,0.6,42.0,0.0529
3754,0.4,27.0,0.0497
3755,0.4,29.0,0.051300000000000005
3756,0.5,41.0,0.0563
3757,1.1,61.0,0.08220000000000001
3758,1.2,68.0,0.08900000000000001
3759,0.9,58.0,0.0742
3760,0.9,52.0,0.0629
3761,1.0,57.0,0.0609
3762,0.8,51.0,0.0534
3763,0.8,53.0,0.0528
3764,0.7,49.0,0.0463
3765,0.7,44.0,0.046200000000000005
3766,0.7,48.0,0.050100000000000006
3767,0.7,46.0,0.049300000000000004
3768,0.9,56.0,0.0572
3769,1.2,73.0,0.0668
3770,1.4,85.0,0.0771
3771,1.2,72.0,0.0732
3772,1.0,53.0,0.0687
3773,0.9,47.0,0.0664
3774,0.7,37.0,0.058800000000000005
3775,0.5,34.0,0.061000000000000006
3776,0.5,33.0,0.059300000000000005
3779,0.4,27.0,0.0614
3780,0.4,27.0,0.056600000000000004
3781,0.5,28.0,0.0594
3782,0.7,36.0,0.0611
3783,1.1,59.0,0.07590000000000001
3784,1.0,56.0,0.07
3785,1.2,70.0,0.06910000000000001
3786,1.1,36.0,0.0579
3787,0.6,17.0,0.0478
3788,0.4,14.0,0.041
3789,0.4,24.0,0.040400000000000005
3790,0.5,36.0,0.044000000000000004
3791,0.6,43.0,0.0461
3792,0.8,60.0,0.0526
3793,1.0,81.0,0.06470000000000001
3794,1.1,87.0,0.0693
3795,1.1,85.0,0.0729
3796,1.6,91.0,0.10020000000000001
3797,0.9,55.0,0.07970000000000001
3798,0.7,42.0,0.0685
3799,0.7,43.0,0.07100000000000001
3800,0.5,20.0,0.0629
3802,0.3,23.0,0.046200000000000005
3803,0.4,43.0,0.053000000000000005
3804,0.9,68.0,0.0838
3805,1.3,62.0,0.0946
3806,1.6,65.0,0.1014
3807,2.1,93.0,0.1135
3808,2.0,110.0,0.1027
3809,1.4,106.0,0.07490000000000001
3810,1.4,77.0,0.0632
3811,0.9,60.0,0.047900000000000005
3812,0.8,67.0,0.0463
3813,0.8,57.0,0.0458
3814,1.0,60.0,0.052000000000000005
3815,1.3,69.0,0.0606
3816,1.3,77.0,0.0631
3817,1.3,77.0,0.0695
3818,1.6,87.0,0.08710000000000001
3819,1.4,88.0,0.0879
3820,1.3,84.0,0.078
3821,1.0,65.0,0.0728
3822,0.9,54.0,0.0821
3823,0.6,37.0,0.0663
3824,0.5,36.0,0.0656
3826,0.4,29.0,0.0603
3827,0.4,25.0,0.056
3828,1.0,41.0,0.0789
3829,2.2,68.0,0.1145
3830,2.5,82.0,0.1302
3831,2.3,137.0,0.1297
3832,2.0,119.0,0.1192
3862,1.4,71.0,0.0711
3863,1.7,78.0,0.0801
3864,1.5,72.0,0.077
3865,1.7,74.0,0.0813
3866,1.6,70.0,0.08510000000000001
3867,1.4,55.0,0.0823
3868,1.4,54.0,0.07780000000000001
3869,1.4,53.0,0.08270000000000001
3870,1.2,46.0,0.0753
3871,0.9,38.0,0.0726
3872,0.6,30.0,0.0597
3874,0.5,16.0,0.0463
3875,0.5,12.0,0.0526
3876,0.8,38.0,0.0712
3877,1.4,56.0,0.0918
3878,1.2,57.0,0.08940000000000001
3879,1.0,39.0,0.07100000000000001
3880,1.2,47.0,0.0737
3881,1.1,35.0,0.068
3882,1.2,44.0,0.067
3883,1.1,43.0,0.0654
3884,1.0,34.0,0.0618
3885,1.0,36.0,0.06520000000000001
3886,1.2,44.0,0.0732
3887,1.7,63.0,0.0853
3888,1.7,60.0,0.0821
3889,1.7,66.0,0.08950000000000001
3890,1.7,68.0,0.0927
3977,1.6,83.0,0.0826
3978,1.3,64.0,0.0632
3979,1.0,50.0,0.053200000000000004
3980,0.9,53.0,0.049600000000000005
3981,1.0,57.0,0.051300000000000005
3982,1.1,55.0,0.0512
3983,1.5,70.0,0.061500000000000006
3984,1.5,68.0,0.060000000000000005
3985,1.6,73.0,0.0634
3986,1.7,92.0,0.083
3987,1.4,80.0,0.08710000000000001
3988,1.2,60.0,0.0787
3989,1.1,49.0,0.08410000000000001
3990,1.1,53.0,0.0862
3991,1.2,50.0,0.0881
3992,0.7,34.0,0.0709
3994,0.4,21.0,0.0492
3995,0.7,48.0,0.0592
3996,1.1,71.0,0.0824
3997,1.6,94.0,0.1014
3998,2.3,118.0,0.1208
3999,1.6,105.0,0.1178
4000,2.0,122.0,0.11760000000000001
4001,1.6,121.0,0.0891
4002,1.6,115.0,0.0731
4003,1.3,107.0,0.0626
4004,1.0,86.0,0.0553
4005,1.6,118.0,0.077
4006,2.0,129.0,0.09380000000000001
4007,1.7,90.0,0.0716
4008,1.7,87.0,0.0714
4009,1.4,65.0,0.0702
4010,1.3,61.0,0.0687
4011,1.3,62.0,0.07390000000000001
4012,1.6,85.0,0.0867
4013,1.8,83.0,0.0927
4014,1.5,84.0,0.0872
4015,1.3,71.0,0.0848
4016,1.1,62.0,0.0777
4018,0.6,40.0,0.0651
4019,0.7,50.0,0.07740000000000001
4020,1.1,78.0,0.09820000000000001
4021,1.9,89.0,0.11750000000000001
4022,3.5,106.0,0.139
4023,2.9,107.0,0.13520000000000001
4024,2.2,93.0,0.11520000000000001
4025,2.0,95.0,0.1022
4026,1.7,78.0,0.0922
4027,1.6,76.0,0.0825
4028,1.3,66.0,0.063
4029,1.3,71.0,0.0621
4030,1.3,61.0,0.060200000000000004
4031,1.6,73.0,0.0668
4032,1.3,54.0,0.056400000000000006
4033,1.4,53.0,0.058100000000000006
4034,1.4,69.0,0.0604
4035,1.3,77.0,0.059000000000000004
4036,1.4,83.0,0.065
4037,1.5,94.0,0.0745
4038,1.5,84.0,0.0821
4039,0.9,55.0,0.0656
4040,0.6,35.0,0.052000000000000005
4043,0.5,45.0,0.059500000000000004
4090,0.6,56.0,0.0714
4091,0.4,33.0,0.0584
4092,0.5,39.0,0.06760000000000001
4093,0.7,43.0,0.0685
4094,1.2,62.0,0.08940000000000001
4095,1.7,81.0,0.09770000000000001
4096,1.8,102.0,0.1034
4097,1.5,86.0,0.0737
4098,1.2,37.0,0.066
4099,1.1,64.0,0.058100000000000006
4173,1.9,101.0,0.08320000000000001
4174,1.4,71.0,0.0635
4175,2.0,82.0,0.0733
4176,2.7,104.0,0.0912
4177,2.8,105.0,0.0947
4178,2.0,87.0,0.08990000000000001
4179,2.1,98.0,0.0984
4180,2.0,105.0,0.0955
4181,1.8,104.0,0.0966
4182,1.9,96.0,0.08990000000000001
4183,1.3,79.0,0.078
4184,0.7,61.0,0.0636
4186,0.5,48.0,0.0596
4187,0.6,63.0,0.0887
4188,1.3,92.0,0.1115
4189,3.6,99.0,0.1374
4190,4.9,117.0,0.16440000000000002
4191,3.9,142.0,0.1375
4192,2.2,121.0,0.1199
4193,1.9,122.0,0.09920000000000001
4194,2.2,108.0,0.0966
4195,2.0,80.0,0.0814
4196,1.7,93.0,0.0727
4197,2.0,108.0,0.0806
4198,2.1,118.0,0.0852
4199,3.2,149.0,0.10930000000000001
4200,4.0,171.0,0.1211
4201,4.4,154.0,0.1346
4202,3.0,122.0,0.12000000000000001
4203,2.2,126.0,0.1192
4204,1.7,121.0,0.10740000000000001
4205,1.9,125.0,0.11610000000000001
4206,2.0,126.0,0.12100000000000001
4207,1.5,96.0,0.10500000000000001
4208,0.8,73.0,0.0873
4210,0.6,65.0,0.0835
4211,0.7,90.0,0.0901
4212,0.8,58.0,0.0853
4213,2.9,27.0,0.1321
4214,5.2,67.0,0.1738
4215,3.3,96.0,0.1603
4332,1.3,64.0,0.10400000000000001
4333,2.5,72.0,0.13240000000000002
4334,3.4,73.0,0.1486
4335,2.1,64.0,0.10790000000000001
4336,2.2,74.0,0.1081
4337,1.7,89.0,0.0806
4368,4.0,188.0,0.15430000000000002
4369,4.7,176.0,0.1678
4370,3.8,163.0,0.1431
4371,2.8,155.0,0.1413
4372,2.6,146.0,0.1419
4373,2.0,131.0,0.1145
4374,1.4,119.0,0.096
4375,1.2,98.0,0.0949
4376,0.6,89.0,0.0819
4378,0.2,68.0,0.07250000000000001
4379,0.4,65.0,0.07100000000000001
4380,0.6,81.0,0.0806
4381,3.0,136.0,0.1416
4382,3.2,130.0,0.1521
4383,3.5,157.0,0.1605
4384,3.1,171.0,0.1481
4385,2.2,143.0,0.1188
4386,1.7,116.0,0.094
4387,2.0,129.0,0.09860000000000001
4388,2.5,168.0,0.11620000000000001
4389,2.4,152.0,0.1047
4390,2.9,175.0,0.11800000000000001
4391,4.2,212.0,0.1399
4392,5.4,220.0,0.2321
4393,4.3,175.0,0.1894
4394,3.6,165.0,0.16060000000000002
4395,2.0,136.0,0.1297
4396,1.5,111.0,0.1182
4397,1.5,114.0,0.11380000000000001
4398,1.2,96.0,0.09720000000000001
4399,1.0,75.0,0.0799
4400,0.5,58.0,0.063
4402,0.4,41.0,0.0629
4403,0.5,55.0,0.0709
4404,0.7,73.0,0.0858
4405,2.4,108.0,0.13
4406,4.1,147.0,0.1676
4407,3.0,150.0,0.1384
4408,2.0,131.0,0.1125
4409,2.5,144.0,0.1189
4410,2.4,151.0,0.10880000000000001
4411,2.6,165.0,0.11180000000000001
4412,1.9,135.0,0.09240000000000001
4413,2.1,143.0,0.0935
4414,2.5,153.0,0.1009
4415,2.7,149.0,0.10160000000000001
4416,3.3,164.0,0.1188
4417,3.2,180.0,0.129
4418,2.6,159.0,0.113
4419,1.4,119.0,0.08800000000000001
4420,1.6,127.0,0.09960000000000001
4421,1.7,131.0,0.10540000000000001
4422,1.6,101.0,0.1081
4480,3.1,138.0,0.1588
4481,2.9,138.0,0.1482
4482,3.0,138.0,0.1458
4483,3.0,137.0,0.1356
4484,2.2,120.0,0.11
4485,2.0,208.0,0.1212
4486,2.3,128.0,0.10490000000000001
4487,3.1,145.0,0.1149
4489,6.2,168.0,0.1716
4490,4.7,177.0,0.16
4491,3.0,172.0,0.1592
4492,2.1,112.0,0.1491
4493,1.0,39.0,0.10840000000000001
4494,0.8,68.0,0.10070000000000001
4495,0.7,51.0,0.0823
4535,3.3,112.0,0.13190000000000002
4536,6.1,170.0,0.16490000000000002
4537,6.7,173.0,0.1686
4538,4.4,135.0,0.138
4539,1.9,93.0,0.10790000000000001
4540,1.8,74.0,0.1096
4541,1.5,69.0,0.10490000000000001
4542,1.6,109.0,0.11610000000000001
4543,0.8,55.0,0.08650000000000001
4544,0.5,49.0,0.07680000000000001
4546,0.6,42.0,0.0843
4547,0.9,50.0,0.0964
4548,1.4,53.0,0.10650000000000001
4549,4.2,86.0,0.1467
4550,4.1,81.0,0.151
4551,3.6,96.0,0.15180000000000002
4552,2.5,96.0,0.12760000000000002
4553,1.3,79.0,0.0873
4554,1.7,95.0,0.09580000000000001
4555,2.1,127.0,0.1076
4556,1.7,102.0,0.0952
4557,1.9,107.0,0.09770000000000001
4558,2.3,110.0,0.10590000000000001
4559,3.3,124.0,0.1199
4560,3.5,113.0,0.1212
4561,3.6,104.0,0.1193
4562,2.9,117.0,0.1105
4563,2.0,94.0,0.0926
4566,1.1,109.0,0.10940000000000001
4567,0.8,72.0,0.07740000000000001
4568,0.5,40.0,0.0558
4570,0.3,23.0,0.0471
4571,0.3,24.0,0.0471
4572,0.5,41.0,0.0529
4573,2.4,99.0,0.1114
4574,2.2,91.0,0.09870000000000001
4575,1.4,81.0,0.08510000000000001
4576,1.6,95.0,0.0901
4577,1.6,113.0,0.0949
4578,1.6,89.0,0.0855
4579,2.1,88.0,0.0911
4580,1.1,81.0,0.06720000000000001
4581,1.6,82.0,0.0826
4582,2.4,115.0,0.0988
4583,2.9,112.0,0.1105
4584,2.7,116.0,0.10890000000000001
4585,3.1,129.0,0.1077
4586,2.2,110.0,0.09230000000000001
4587,1.5,105.0,0.0824
4588,1.2,90.0,0.0717
4589,1.3,94.0,0.0734
4590,1.4,96.0,0.0776
4591,0.9,70.0,0.0594
4592,0.7,57.0,0.051800000000000006
4595,0.5,42.0,0.0468
4596,0.8,71.0,0.0621
4597,1.2,82.0,0.0757
4598,1.1,81.0,0.0712
4599,1.6,89.0,0.0859
4600,1.4,83.0,0.0728
4601,1.2,82.0,0.064
4602,1.4,78.0,0.068
4603,1.6,79.0,0.0704
4604,1.1,78.0,0.061900000000000004
4605,1.1,73.0,0.058300000000000005
4606,1.3,73.0,0.0594
4607,1.5,100.0,0.07
4608,2.0,122.0,0.0912
4609,2.4,132.0,0.1038
4610,2.0,116.0,0.0952
4611,1.5,109.0,0.0887
4612,1.7,109.0,0.1004
4613,2.5,116.0,0.1221
4614,2.2,104.0,0.1177
4615,1.4,81.0,0.09570000000000001
4616,1.2,64.0,0.0853
4618,0.9,54.0,0.0736
4619,0.5,35.0,0.059000000000000004
4620,0.6,44.0,0.0655
4621,1.0,62.0,0.0854
4622,1.3,68.0,0.09530000000000001
4623,1.7,85.0,0.10500000000000001
4624,2.2,110.0,0.1114
4625,2.1,115.0,0.10490000000000001
4626,2.2,129.0,0.09960000000000001
4627,2.0,106.0,0.08410000000000001
4628,2.0,87.0,0.07690000000000001
4629,1.2,70.0,0.0541
4630,1.8,106.0,0.0742
4631,4.3,151.0,0.11960000000000001
4632,3.8,179.0,0.1338
4633,4.4,188.0,0.1416
4634,3.8,187.0,0.1341
4635,1.9,121.0,0.1019
4636,1.7,99.0,0.0935
4637,1.8,100.0,0.1081
4638,1.1,79.0,0.0903
4639,0.8,57.0,0.0731
4640,0.7,43.0,0.0625
4642,0.5,50.0,0.0646
4643,0.5,47.0,0.0671
4644,0.9,60.0,0.0801
4645,3.5,91.0,0.1353
4647,5.7,159.0,0.1749
4648,3.5,173.0,0.1582
4649,3.7,174.0,0.1484
4650,3.1,165.0,0.1321
4651,3.0,136.0,0.1125
4652,2.6,125.0,0.09670000000000001
4653,2.4,122.0,0.0975
4654,2.6,124.0,0.10250000000000001
4655,5.0,184.0,0.1469
4656,5.6,200.0,0.1648
4657,6.5,225.0,0.17850000000000002
4658,4.1,168.0,0.1371
4659,2.1,118.0,0.1071
4660,2.0,115.0,0.11180000000000001
4661,1.4,94.0,0.0931
4662,0.8,62.0,0.0722
4663,0.8,68.0,0.07730000000000001
4664,0.6,50.0,0.0665
4666,0.4,36.0,0.0565
4667,0.6,53.0,0.0688
4668,1.4,79.0,0.0974
4669,5.6,133.0,0.15910000000000002
4670,7.3,148.0,0.182
4671,5.3,161.0,0.1807
4672,4.4,191.0,0.1704
4673,3.1,158.0,0.127
4674,3.3,157.0,0.1265
4675,3.8,188.0,0.1226
4676,2.3,143.0,0.09870000000000001
4677,2.6,152.0,0.1024
4678,3.2,168.0,0.11270000000000001
4679,5.0,205.0,0.1442
4680,5.6,204.0,0.16390000000000002
4681,5.4,210.0,0.16240000000000002
4682,4.4,173.0,0.1454
4683,2.4,123.0,0.11380000000000001
4684,1.5,92.0,0.0951
4685,1.3,77.0,0.0864
4686,1.1,74.0,0.0868
4687,1.0,74.0,0.0825
4688,0.6,47.0,0.0626
4690,0.6,44.0,0.08220000000000001
4691,0.8,69.0,0.09050000000000001
4692,1.5,79.0,0.1075
4693,4.1,108.0,0.15410000000000001
4694,5.5,119.0,0.1749
4695,5.5,165.0,0.17980000000000002
4696,3.7,172.0,0.1584
4697,3.3,180.0,0.1441
4698,2.5,130.0,0.10930000000000001
4699,2.6,120.0,0.1019
4700,2.2,117.0,0.0944
4701,2.6,141.0,0.1046
4702,2.9,151.0,0.10890000000000001
4703,5.0,218.0,0.1537
4704,5.1,213.0,0.15660000000000002
4705,5.2,194.0,0.151
4706,3.8,167.0,0.13
4707,2.2,115.0,0.1058
4708,2.1,98.0,0.10020000000000001
4709,1.8,93.0,0.09230000000000001
4710,1.6,87.0,0.08360000000000001
4711,1.4,71.0,0.0779
4712,0.8,49.0,0.0678
4715,0.5,58.0,0.067
4716,0.9,66.0,0.08370000000000001
4717,3.2,112.0,0.14
4718,2.8,104.0,0.1393
4719,2.7,103.0,0.14150000000000001
4720,2.4,118.0,0.1285
4721,2.7,129.0,0.12300000000000001
4722,2.8,127.0,0.11470000000000001
4723,2.9,130.0,0.1107
4724,2.6,130.0,0.1068
4725,2.6,118.0,0.1115
4726,3.2,146.0,0.13620000000000002
4727,4.6,190.0,0.16190000000000002
4728,4.9,189.0,0.1572
4729,4.7,173.0,0.1446
4730,3.3,148.0,0.1233
4731,2.3,116.0,0.1102
4732,2.1,109.0,0.1028
4733,1.7,94.0,0.0942
4734,1.0,64.0,0.07730000000000001
4735,0.9,59.0,0.0737
4736,0.7,64.0,0.0815
4738,0.4,52.0,0.06420000000000001
4739,0.5,55.0,0.061000000000000006
4740,1.3,83.0,0.09290000000000001
4741,3.5,114.0,0.1427
4742,5.5,137.0,0.1776
4743,5.6,160.0,0.17880000000000001
4744,3.4,138.0,0.1521
4745,3.2,134.0,0.1293
4746,3.7,143.0,0.14350000000000002
4747,4.6,153.0,0.1592
4748,4.2,145.0,0.15510000000000002
4749,3.3,123.0,0.1429
4750,2.7,96.0,0.11950000000000001
4751,2.2,107.0,0.0981
4752,2.8,119.0,0.09620000000000001
4753,2.9,109.0,0.09140000000000001
4754,2.0,107.0,0.0785
4755,0.7,57.0,0.0482
4756,0.6,60.0,0.0446
4757,1.2,22.0,0.0553
4758,1.2,2.0,0.0592
4759,1.1,7.0,0.0584
4760,0.6,8.0,0.0451
4762,0.3,27.0,0.0391
4763,0.3,14.0,0.0398
4764,0.4,3.0,0.043000000000000003
4765,0.6,9.0,0.0461
4766,0.7,14.0,0.05
4767,1.0,52.0,0.0594
4768,1.1,64.0,0.0603
4769,1.5,66.0,0.06860000000000001
4770,1.4,14.0,0.062200000000000005
4771,1.4,9.0,0.062400000000000004
4772,1.0,12.0,0.0565
4773,0.9,14.0,0.0514
4774,1.1,21.0,0.0536
4775,1.3,43.0,0.0669
4776,1.8,62.0,0.0786
4777,2.4,68.0,0.0891
4778,2.7,81.0,0.0926
4779,1.7,88.0,0.0902
4780,2.2,99.0,0.10110000000000001
4781,2.8,98.0,0.12490000000000001
4782,2.4,97.0,0.11330000000000001
4783,2.5,101.0,0.11660000000000001
4784,1.4,90.0,0.09530000000000001
4787,0.9,55.0,0.07930000000000001
4788,0.6,46.0,0.07
4789,1.0,56.0,0.078
4790,1.6,83.0,0.0931
4791,0.9,55.0,0.0575
4792,0.9,47.0,0.0507
4793,1.0,61.0,0.051800000000000006
4794,1.0,58.0,0.051800000000000006
4795,0.9,59.0,0.0516
4796,0.9,54.0,0.0507
4797,0.9,69.0,0.049
4798,0.9,54.0,0.0465
4799,2.7,95.0,0.0781
4800,2.2,99.0,0.0765
4801,3.3,127.0,0.10060000000000001
4802,2.1,98.0,0.07980000000000001
4803,1.8,112.0,0.09380000000000001
4804,1.9,115.0,0.09960000000000001
4805,2.3,114.0,0.1109
4806,1.9,103.0,0.1042
4807,1.3,81.0,0.094
4808,1.0,75.0,0.09000000000000001
4810,0.6,64.0,0.079
4811,0.9,71.0,0.0908
4812,1.5,99.0,0.10350000000000001
4813,5.5,132.0,0.15560000000000002
4814,4.0,135.0,0.13920000000000002
4815,1.8,94.0,0.09040000000000001
4816,1.9,103.0,0.0936
4817,1.7,123.0,0.0907
4818,1.6,95.0,0.07440000000000001
4819,1.9,90.0,0.07730000000000001
4820,1.6,99.0,0.08120000000000001
4821,1.8,107.0,0.08560000000000001
4822,2.0,112.0,0.0927
4823,3.1,132.0,0.1131
4824,3.9,148.0,0.127
4825,4.3,158.0,0.1365
4826,3.5,145.0,0.1274
4827,2.4,128.0,0.1169
4828,1.5,105.0,0.1
4829,1.3,90.0,0.091
4830,1.0,85.0,0.0829
4831,0.8,73.0,0.0756
4832,0.5,74.0,0.0742
4834,0.5,61.0,0.06770000000000001
4835,0.7,69.0,0.0748
4836,1.2,82.0,0.08900000000000001
4837,2.4,120.0,0.1155
4838,4.3,135.0,0.15330000000000002
4839,4.1,152.0,0.155
4840,3.7,177.0,0.22360000000000002
4841,3.4,181.0,0.21780000000000002
4842,3.8,176.0,0.19010000000000002
4843,4.1,163.0,0.1743
4844,3.4,174.0,0.1502
4845,2.3,117.0,0.1153
4846,3.2,145.0,0.1287
4847,4.8,173.0,0.1547
4848,6.7,204.0,0.1842
4849,7.5,209.0,0.1908
4850,4.5,175.0,0.1693
4851,2.1,129.0,0.1336
4852,1.5,111.0,0.1177
4853,1.1,85.0,0.09770000000000001
4854,1.1,86.0,0.0974
4855,0.9,71.0,0.0872
4856,0.5,60.0,0.0734
4859,0.4,45.0,0.065
4860,0.7,53.0,0.07490000000000001
4861,2.0,94.0,0.1106
4862,4.2,122.0,0.16090000000000002
4863,5.2,170.0,0.17700000000000002
4864,3.8,174.0,0.1633
4865,3.7,191.0,0.1583
4866,3.4,179.0,0.1449
4867,3.1,148.0,0.1451
4868,2.4,129.0,0.11470000000000001
4869,2.8,148.0,0.11080000000000001
4870,3.6,184.0,0.1267
4871,4.0,188.0,0.1303
4872,5.6,204.0,0.1643
4873,6.3,201.0,0.1749
4874,4.7,165.0,0.1585
4875,1.9,133.0,0.1315
4876,1.9,125.0,0.129
4877,1.2,101.0,0.10590000000000001
4878,0.9,79.0,0.09430000000000001
4891,1.7,101.0,0.11570000000000001
4892,2.2,113.0,0.12190000000000001
4893,2.8,121.0,0.1288
4894,3.9,146.0,0.15030000000000002
4895,6.5,188.0,0.18610000000000002
4896,6.3,182.0,0.1781
4897,5.7,166.0,0.17450000000000002
4898,4.4,142.0,0.159
4899,1.6,84.0,0.11270000000000001
4900,1.5,87.0,0.10980000000000001
4901,1.7,91.0,0.11760000000000001
4902,1.9,91.0,0.1178
4903,1.6,74.0,0.1091
4904,1.3,69.0,0.10020000000000001
4906,0.6,54.0,0.0824
4907,0.7,60.0,0.0892
4908,1.6,69.0,0.1092
4909,2.9,91.0,0.1413
4910,4.1,97.0,0.1565
4911,3.7,114.0,0.15940000000000001
4912,3.6,129.0,0.16770000000000002
4913,3.4,137.0,0.16160000000000002
4914,3.7,134.0,0.161
4915,4.1,132.0,0.16140000000000002
4917,2.4,105.0,0.12860000000000002
4918,3.4,136.0,0.1487
4919,5.6,169.0,0.1703
5062,2.9,87.0,0.11950000000000001
5063,5.4,111.0,0.1618
5064,5.3,119.0,0.1637
5065,6.7,128.0,0.18760000000000002
5066,7.0,117.0,0.19590000000000002
5067,2.8,92.0,0.1477
5068,1.7,73.0,0.12100000000000001
5069,1.7,60.0,0.116
5070,1.7,60.0,0.1116
5071,1.2,53.0,0.0974
5072,0.7,47.0,0.082
5074,0.8,43.0,0.0839
5075,0.9,47.0,0.0898
5076,1.7,50.0,0.1096
5077,5.7,81.0,0.1786
5078,4.3,75.0,0.16040000000000001
5079,3.9,87.0,0.1637
5080,5.1,128.0,0.1827
5081,3.7,105.0,0.1641
5082,3.3,101.0,0.1505
5083,3.6,100.0,0.14650000000000002
5084,3.2,98.0,0.1368
5085,3.5,98.0,0.1748
5086,2.4,98.0,0.1301
5087,2.9,90.0,0.1338
5088,2.3,84.0,0.1337
5089,3.1,101.0,0.1516
5090,2.9,98.0,0.14350000000000002
5091,1.5,76.0,0.1178
5092,1.5,71.0,0.1111
5093,1.7,71.0,0.11120000000000001
5094,1.6,66.0,0.1109
5095,1.3,62.0,0.1072
5096,1.4,58.0,0.10300000000000001
5098,0.9,48.0,0.0922
5099,1.3,53.0,0.10540000000000001
5100,1.3,55.0,0.1082
5101,2.9,63.0,0.1365
5102,3.2,69.0,0.1497
5103,3.4,84.0,0.154
5104,3.6,95.0,0.1554
5105,2.3,80.0,0.1252
5106,3.1,87.0,0.14550000000000002
5107,3.3,94.0,0.13390000000000002
5108,1.9,76.0,0.1062
5109,2.6,92.0,0.12660000000000002
5110,2.7,94.0,0.1223
5111,3.7,110.0,0.1469
5112,3.8,109.0,0.1553
5113,4.8,122.0,0.1689
5114,3.5,107.0,0.13870000000000002
5115,2.2,83.0,0.1139
5116,1.5,62.0,0.096
5117,3.4,89.0,0.1293
5118,3.7,103.0,0.13570000000000002
5119,2.0,74.0,0.11030000000000001
5120,1.4,52.0,0.0857
5123,0.7,39.0,0.0627
5124,1.2,59.0,0.093
5125,1.3,56.0,0.10010000000000001
5126,1.1,51.0,0.0917
5127,1.0,51.0,0.0834
5128,1.2,58.0,0.0796
5129,1.9,68.0,0.10400000000000001
5130,2.3,81.0,0.111
5131,1.6,73.0,0.08360000000000001
5132,1.3,69.0,0.0704
5133,1.8,81.0,0.07730000000000001
5134,1.7,82.0,0.0811
5135,1.8,71.0,0.0848
5136,2.0,81.0,0.0892
5137,2.2,87.0,0.09920000000000001
5138,1.6,72.0,0.095
5139,1.3,63.0,0.0882
5140,1.5,63.0,0.0883
5141,1.5,63.0,0.0892
5142,1.3,55.0,0.08360000000000001
5143,1.4,52.0,0.08370000000000001
5144,0.5,32.0,0.049800000000000004
5146,0.4,29.0,0.0507
5147,0.6,44.0,0.066
5148,1.1,53.0,0.0902
5149,2.9,62.0,0.124
5150,3.5,68.0,0.1395
5151,4.6,85.0,0.1625
5152,3.4,88.0,0.1359
5153,2.3,82.0,0.11520000000000001
5154,2.7,91.0,0.1159
5155,3.1,87.0,0.1179
5156,3.2,90.0,0.1227
5157,2.5,97.0,0.1119
5158,3.4,99.0,0.12430000000000001
5159,4.8,109.0,0.1449
5160,4.5,95.0,0.1405
5161,4.0,80.0,0.1444
5162,3.2,76.0,0.1386
5163,1.9,62.0,0.1102
5164,1.9,57.0,0.1041
5165,1.3,57.0,0.0881
5166,1.1,54.0,0.0791
5167,1.0,50.0,0.0796
5168,0.5,44.0,0.06470000000000001
5170,0.5,34.0,0.0719
5171,0.8,44.0,0.0733
5172,1.2,74.0,0.0835
5173,2.7,101.0,0.10940000000000001
5174,3.0,103.0,0.1114
5199,1.5,78.0,0.07880000000000001
5200,1.2,72.0,0.076
5374,4.7,167.0,0.1956
5375,8.0,194.0,0.22030000000000002
5376,7.7,172.0,0.2073
5377,6.8,134.0,0.1923
5378,6.0,130.0,0.17800000000000002
5379,4.7,113.0,0.16090000000000002
5380,3.4,99.0,0.1466
5381,3.9,109.0,0.1504
5382,4.4,105.0,0.15180000000000002
5383,3.3,91.0,0.12890000000000001
5384,2.0,77.0,0.1076
5387,0.8,60.0,0.09000000000000001
5388,1.3,72.0,0.1034
5389,2.7,83.0,0.12350000000000001
5390,3.6,104.0,0.14550000000000002
5391,3.6,119.0,0.14780000000000001
5392,2.6,105.0,0.1393
5393,2.0,91.0,0.1237
5394,3.3,103.0,0.1373
5396,2.1,111.0,0.1287
5397,2.9,101.0,0.1413
5398,3.0,102.0,0.14830000000000002
5399,3.2,101.0,0.1539
5400,4.4,118.0,0.1691
5401,6.0,120.0,0.18460000000000001
5402,5.0,107.0,0.1665
5403,4.3,104.0,0.1577
5404,4.3,91.0,0.1603
5405,4.2,91.0,0.153
5406,2.2,74.0,0.12050000000000001
5407,1.3,63.0,0.0999
5408,1.0,57.0,0.09040000000000001
5411,0.9,49.0,0.0886
5412,1.0,55.0,0.0911
5413,2.8,78.0,0.13190000000000002
5414,4.1,91.0,0.1927
5415,2.9,88.0,0.1554
5416,2.7,83.0,0.1565
5417,2.1,81.0,0.1462
5418,2.4,83.0,0.1487
5419,3.8,111.0,0.169
5420,3.7,112.0,0.1603
5421,3.7,112.0,0.1568
5422,5.5,137.0,0.1743
5423,5.4,152.0,0.20070000000000002
5424,8.4,163.0,0.2235
5425,6.8,135.0,0.1998
5426,4.5,119.0,0.17950000000000002
5427,2.5,91.0,0.14070000000000002
5428,1.6,74.0,0.1211
5429,1.7,73.0,0.1202
5430,1.7,71.0,0.1136
5431,1.1,57.0,0.0946
5432,1.0,51.0,0.0915
5435,0.7,43.0,0.08420000000000001
5436,1.2,52.0,0.10020000000000001
5437,2.3,65.0,0.1165
5438,3.0,69.0,0.12940000000000002
5439,3.3,91.0,0.14750000000000002
5440,2.8,92.0,0.1436
5441,3.0,102.0,0.14650000000000002
5442,3.4,118.0,0.1583
5443,3.0,111.0,0.1432
5444,2.3,101.0,0.127
5445,3.1,119.0,0.13540000000000002
5446,3.0,115.0,0.1318
5447,3.3,120.0,0.1351
5448,4.0,115.0,0.153
5449,4.6,118.0,0.1615
5450,4.1,117.0,0.14150000000000001
5451,2.3,96.0,0.12190000000000001
5452,2.6,89.0,0.1307
5453,2.6,84.0,0.1297
5454,2.9,97.0,0.1321
5455,2.1,68.0,0.11330000000000001
5456,2.1,66.0,0.1124
5459,1.4,48.0,0.09720000000000001
5460,1.2,47.0,0.0965
5461,1.5,48.0,0.0984
5462,0.9,45.0,0.08800000000000001
5463,1.4,59.0,0.10010000000000001
5464,2.1,84.0,0.11370000000000001
5465,1.6,72.0,0.1023
5466,1.5,68.0,0.09620000000000001
5467,1.1,52.0,0.0825
5468,1.4,70.0,0.0877
5469,2.0,90.0,0.1046
5470,2.0,87.0,0.10600000000000001
5471,2.5,99.0,0.1155
5472,4.3,128.0,0.1464
5473,5.2,127.0,0.2185
5474,3.4,99.0,0.19590000000000002
5475,1.3,72.0,0.1375
5476,1.2,62.0,0.1212
5477,1.7,62.0,0.1273
5478,1.7,63.0,0.12490000000000001
5479,1.4,56.0,0.1097
5480,0.9,44.0,0.09330000000000001
5483,0.9,48.0,0.1013
5484,1.2,59.0,0.1087
5485,3.2,77.0,0.15660000000000002
5486,4.4,88.0,0.1631
5487,3.5,111.0,0.1564
5488,3.2,114.0,0.16010000000000002
5489,3.0,108.0,0.1539
5490,3.5,111.0,0.1577
5491,4.0,126.0,0.17320000000000002
5492,3.8,117.0,0.16720000000000002
5493,4.2,119.0,0.1744
5494,5.0,125.0,0.1845
5495,7.9,158.0,0.2164
5496,8.4,149.0,0.2106
5497,8.0,136.0,0.20070000000000002
5498,6.4,112.0,0.1791
5499,3.5,87.0,0.1444
5500,3.5,82.0,0.1373
5501,1.9,67.0,0.111
5502,2.2,68.0,0.10990000000000001
5503,1.6,60.0,0.09680000000000001
5504,1.0,48.0,0.0847
5507,0.9,46.0,0.0834
5508,1.4,54.0,0.0956
5509,3.0,82.0,0.1259
5510,4.5,93.0,0.1494
5511,3.8,95.0,0.1458
5512,3.4,120.0,0.1491
5513,3.5,132.0,0.156
5514,4.4,146.0,0.17500000000000002
5515,4.0,157.0,0.1709
5516,4.5,158.0,0.1786
5517,5.3,175.0,0.19
5518,5.8,166.0,0.1963
5519,8.4,187.0,0.21610000000000001
5520,9.5,180.0,0.23720000000000002
5521,6.2,134.0,0.20620000000000002
5522,5.0,127.0,0.1736
5523,2.1,95.0,0.1192
5524,1.4,79.0,0.1043
5525,1.6,78.0,0.09480000000000001
5526,2.0,80.0,0.09920000000000001
5527,1.2,67.0,0.0867
5528,0.8,61.0,0.0825
5531,0.7,56.0,0.08660000000000001
5532,1.7,68.0,0.11130000000000001
5533,3.4,101.0,0.1384
5534,4.9,119.0,0.1516
5535,2.7,108.0,0.1222
5536,3.2,132.0,0.13540000000000002
5537,2.7,130.0,0.1291
5538,3.2,129.0,0.1308
5539,4.1,117.0,0.14200000000000002
5540,3.6,119.0,0.1297
5541,2.8,113.0,0.11570000000000001
5542,2.1,102.0,0.113
5543,2.4,101.0,0.11950000000000001
5544,3.6,116.0,0.1341
5545,2.6,101.0,0.1228
5546,2.8,94.0,0.1273
5547,1.4,75.0,0.10060000000000001
5548,1.1,69.0,0.0898
5549,1.3,60.0,0.08940000000000001
5550,0.9,58.0,0.0789
5551,1.0,51.0,0.0805
5552,0.9,45.0,0.077
5555,0.8,48.0,0.0825
5556,1.6,61.0,0.1013
5557,3.4,88.0,0.1341
5558,4.4,102.0,0.15280000000000002
5559,3.5,97.0,0.1432
5560,3.4,116.0,0.1499
5561,2.4,112.0,0.1236
5562,2.3,101.0,0.11800000000000001
5563,2.6,99.0,0.11960000000000001
5564,2.9,113.0,0.1301
5565,4.4,122.0,0.1646
5566,5.0,139.0,0.17200000000000001
5567,6.5,149.0,0.1852
5568,5.9,136.0,0.167
5569,2.7,103.0,0.1208
5570,2.5,112.0,0.116
5571,1.5,88.0,0.0937
5572,1.0,63.0,0.07830000000000001
5573,1.2,69.0,0.08070000000000001
5574,1.0,65.0,0.0729
5575,0.8,50.0,0.061200000000000004
5576,0.6,43.0,0.0574
5579,1.1,69.0,0.08560000000000001
5580,1.3,91.0,0.0976
5581,2.9,111.0,0.1208
5582,3.7,124.0,0.14
5583,3.0,119.0,0.1278
5584,1.4,77.0,0.09340000000000001
5585,2.6,101.0,0.1073
5586,4.2,116.0,0.1363
5587,5.1,137.0,0.1346
5588,5.5,163.0,0.1393
5589,4.5,144.0,0.1255
5590,2.7,118.0,0.1213
5591,3.1,135.0,0.1332
5592,4.2,129.0,0.14300000000000002
5593,3.1,128.0,0.1102
5594,1.7,103.0,0.08950000000000001
5595,1.8,116.0,0.09050000000000001
5596,1.7,95.0,0.0869
5597,2.1,107.0,0.09820000000000001
5598,2.4,108.0,0.0999
5599,1.8,94.0,0.0881
5600,1.5,84.0,0.0868
5603,1.0,76.0,0.0825
5604,1.4,82.0,0.0901
5605,2.4,94.0,0.109
5606,3.1,102.0,0.1165
5607,3.0,106.0,0.12010000000000001
5608,2.7,108.0,0.1231
5609,4.0,152.0,0.1461
5610,3.7,160.0,0.1434
5611,3.4,133.0,0.1399
5612,3.4,147.0,0.14170000000000002
5613,3.2,135.0,0.1395
5614,3.9,135.0,0.1442
5615,3.7,129.0,0.14250000000000002
5616,4.3,117.0,0.1496
5617,4.9,116.0,0.15510000000000002
5618,4.0,109.0,0.1381
5619,2.8,96.0,0.12290000000000001
5620,2.4,90.0,0.1082
5621,1.9,82.0,0.09630000000000001
5622,2.0,86.0,0.09390000000000001
5623,1.5,72.0,0.0825
5624,1.3,61.0,0.0811
5627,0.5,37.0,0.0589
5628,0.4,31.0,0.054
5629,0.4,30.0,0.0551
5630,0.9,41.0,0.0742
5631,1.3,64.0,0.0824
5632,2.1,74.0,0.10590000000000001
5633,2.4,77.0,0.1144
5634,2.0,83.0,0.0994
5635,1.8,71.0,0.1014
5636,1.5,62.0,0.09240000000000001
5637,1.6,62.0,0.1023
5638,2.2,79.0,0.1033
5639,2.3,93.0,0.10650000000000001
5640,6.6,106.0,0.1516
5641,4.7,100.0,0.1648
5642,4.1,89.0,0.1466
5643,4.1,83.0,0.1365
5644,2.7,76.0,0.1247
5645,2.6,68.0,0.1183
5646,3.2,69.0,0.215
5647,3.7,77.0,0.2519
5648,3.5,68.0,0.1925
5651,2.7,49.0,0.15990000000000001
5652,1.8,45.0,0.1395
5653,1.3,51.0,0.1323
5654,1.5,51.0,0.13090000000000002
5655,1.9,62.0,0.1441
5656,2.2,74.0,0.183
5657,2.6,88.0,0.1704
5658,2.7,90.0,0.15760000000000002
5659,2.5,91.0,0.1305
5660,1.5,64.0,0.09910000000000001
5661,2.0,72.0,0.1148
5662,3.1,88.0,0.1307
5663,3.7,110.0,0.1386
5664,4.0,95.0,0.14200000000000002
5665,4.1,91.0,0.1341
5666,3.1,94.0,0.1258
5667,3.2,86.0,0.1245
5668,3.2,79.0,0.1231
5669,2.7,71.0,0.11510000000000001
5670,2.3,62.0,0.1048
5671,1.6,56.0,0.09280000000000001
5672,1.1,49.0,0.0813
5675,0.6,35.0,0.0721
5676,0.5,37.0,0.07100000000000001
5677,1.5,56.0,0.0951
5678,3.4,85.0,0.1336
5679,4.4,112.0,0.1489
5680,4.4,107.0,0.1558
5681,5.8,151.0,0.19440000000000002
5682,4.9,151.0,0.1782
5683,5.1,150.0,0.19210000000000002
5684,7.5,190.0,0.2039
5685,5.8,168.0,0.1912
5686,5.9,127.0,0.1827
5687,6.8,140.0,0.19190000000000002
5688,7.9,158.0,0.2013
5689,8.0,121.0,0.19190000000000002
5690,9.2,119.0,0.1927
5691,5.9,96.0,0.1573
5692,3.7,77.0,0.1325
5693,2.6,66.0,0.1203
5694,1.1,56.0,0.0947
5695,2.6,62.0,0.1106
5696,2.2,58.0,0.10450000000000001
5699,0.5,35.0,0.0748
5700,0.7,50.0,0.0833
5701,1.3,64.0,0.096
5702,2.2,75.0,0.11570000000000001
5703,3.7,101.0,0.1444
5704,3.7,94.0,0.1522
5705,3.4,95.0,0.1452
5706,3.4,124.0,0.1437
5707,2.6,86.0,0.12090000000000001
5708,2.5,79.0,0.117
5709,2.5,87.0,0.11900000000000001
5710,2.7,94.0,0.1278
5711,3.2,107.0,0.1305
5712,3.7,107.0,0.1364
5713,4.6,117.0,0.1428
5714,3.3,97.0,0.1285
5715,2.4,90.0,0.1143
5716,2.8,86.0,0.12350000000000001
5717,2.7,77.0,0.1208
5718,1.8,66.0,0.1041
5719,1.1,57.0,0.0897
5720,1.2,55.0,0.0862
5722,0.6,40.0,0.0747
5723,0.5,40.0,0.0727
5724,0.7,46.0,0.0799
5725,0.8,53.0,0.08070000000000001
5726,3.5,84.0,0.13240000000000002
5727,3.6,88.0,0.1404
5736,8.7,171.0,0.2204
5737,5.8,124.0,0.17800000000000002
5738,4.3,97.0,0.159
5739,3.6,92.0,0.1419
5740,3.9,96.0,0.14150000000000001
5741,2.4,74.0,0.11800000000000001
5742,1.6,65.0,0.1015
5743,1.8,62.0,0.1014
5744,1.5,59.0,0.09380000000000001
5746,0.5,41.0,0.0723
5747,0.4,38.0,0.0702
5748,0.5,43.0,0.07250000000000001
5749,0.8,52.0,0.08360000000000001
5750,2.0,75.0,0.1129
5751,6.2,118.0,0.1718
5752,4.5,126.0,0.1646
5753,4.6,151.0,0.16640000000000002
5754,3.3,107.0,0.1496
5755,3.6,114.0,0.1506
5756,4.4,125.0,0.16040000000000001
5757,4.3,138.0,0.1632
5758,5.0,144.0,0.1736
5759,8.1,180.0,0.2165
5760,8.0,154.0,0.2152
5761,3.6,105.0,0.15560000000000002
5762,2.9,98.0,0.1389
5763,2.7,93.0,0.13
5764,1.9,76.0,0.1126
5765,1.3,69.0,0.09820000000000001
5766,1.2,66.0,0.0941
5767,1.8,76.0,0.101
5768,1.9,73.0,0.0985
5770,0.9,54.0,0.0791
5771,0.5,44.0,0.07100000000000001
5772,0.6,45.0,0.0743
5773,1.1,58.0,0.0857
5774,2.8,87.0,0.1143
5775,2.9,97.0,0.12100000000000001
5776,1.7,80.0,0.10600000000000001
5777,2.3,82.0,0.1252
5778,3.3,112.0,0.14350000000000002
5779,3.5,121.0,0.1544
5780,3.8,132.0,0.16
5781,3.4,141.0,0.1534
5782,3.8,130.0,0.1495
5783,3.6,113.0,0.1442
5784,3.5,101.0,0.134
5785,2.8,91.0,0.1231
5786,2.5,90.0,0.11280000000000001
5787,3.1,90.0,0.1188
5788,1.8,83.0,0.0998
5789,1.6,73.0,0.0944
5790,1.9,80.0,0.09280000000000001
5791,2.0,87.0,0.1037
5792,1.4,79.0,0.093
5795,0.7,42.0,0.0533
5796,0.4,31.0,0.0449
5797,0.4,35.0,0.044000000000000004
5798,0.5,51.0,0.0453
5799,0.7,58.0,0.0465
5800,0.7,57.0,0.045700000000000005
5801,0.7,63.0,0.0475
5802,1.0,61.0,0.053200000000000004
5803,1.0,34.0,0.0526
5804,0.9,26.0,0.052000000000000005
5805,0.9,28.0,0.05
5806,0.9,50.0,0.0482
5807,1.1,55.0,0.0539
5808,3.2,84.0,0.09430000000000001
5809,3.1,140.0,0.10160000000000001
5810,3.1,138.0,0.1063
5811,2.3,127.0,0.1034
5812,1.8,117.0,0.0864
5813,0.8,57.0,0.05
5814,0.9,59.0,0.053700000000000005
5815,0.8,62.0,0.0524
5816,0.7,42.0,0.045700000000000005
5818,0.2,13.0,0.0333
5819,0.2,18.0,0.0339
5820,0.3,26.0,0.0358
5821,0.7,72.0,0.0494
5822,1.7,131.0,0.0828
5823,1.8,133.0,0.07690000000000001
5824,1.5,116.0,0.0714
5825,1.3,117.0,0.06720000000000001
5826,1.2,103.0,0.0671
5827,1.3,100.0,0.0631
5828,1.8,105.0,0.0805
5829,1.7,121.0,0.08080000000000001
5830,2.2,132.0,0.0964
5831,3.2,156.0,0.1188
5832,5.9,183.0,0.15710000000000002
5866,0.2,29.0,0.0373
5867,0.2,26.0,0.0363
5868,0.3,39.0,0.041100000000000005
5869,0.5,72.0,0.049600000000000005
5870,1.4,128.0,0.0738
5871,2.0,149.0,0.091
5872,1.6,165.0,0.0821
5873,1.3,150.0,0.07400000000000001
5874,1.4,165.0,0.0852
5875,1.9,175.0,0.08950000000000001
5876,2.7,145.0,0.1019
5877,2.1,98.0,0.0993
5878,2.4,105.0,0.1043
5879,2.7,106.0,0.1111
5880,2.5,141.0,0.1087
5881,3.7,177.0,0.125
5882,4.6,182.0,0.1331
5883,3.9,193.0,0.12430000000000001
5884,2.2,148.0,0.10740000000000001
5885,2.7,167.0,0.1258
5886,2.6,158.0,0.1189
5887,2.1,132.0,0.1092
5888,1.4,97.0,0.09960000000000001
5890,1.1,74.0,0.0902
5891,1.1,68.0,0.0859
5892,1.1,89.0,0.097
5893,1.5,117.0,0.1062
5894,3.1,190.0,0.13040000000000002
5895,6.8,211.0,0.1643
5896,5.4,190.0,0.14880000000000002
5897,4.5,194.0,0.14650000000000002
5898,3.0,210.0,0.1198
5899,2.8,199.0,0.116
5900,3.9,178.0,0.1277
5901,3.4,184.0,0.11710000000000001
5902,3.2,186.0,0.1106
5903,2.8,168.0,0.10360000000000001
5904,3.9,187.0,0.11960000000000001
5905,3.5,166.0,0.117
5906,4.7,177.0,0.1312
5907,4.6,207.0,0.12510000000000002
5908,1.2,114.0,0.0805
5909,1.1,84.0,0.0736
5910,1.2,92.0,0.07740000000000001
5911,1.6,111.0,0.0826
5912,0.7,71.0,0.0636
5915,0.6,50.0,0.0558
5916,0.5,53.0,0.0565
5917,0.6,67.0,0.0604
5918,1.4,113.0,0.0794
5919,2.0,140.0,0.0907
5920,1.6,116.0,0.0838
5921,1.6,122.0,0.0884
5922,1.7,116.0,0.08660000000000001
5923,2.0,118.0,0.09090000000000001
5924,2.3,125.0,0.099
5925,2.4,126.0,0.10500000000000001
5926,2.2,135.0,0.1023
5927,2.6,140.0,0.11030000000000001
5928,4.0,163.0,0.12390000000000001
5929,5.2,178.0,0.1384
5930,3.9,160.0,0.12890000000000001
5931,3.8,166.0,0.11800000000000001
5932,1.6,115.0,0.0855
5933,1.5,107.0,0.0857
5934,1.6,108.0,0.0811
5935,1.5,111.0,0.0794
5936,1.0,75.0,0.061200000000000004
5938,1.3,88.0,0.08070000000000001
5939,1.0,71.0,0.0702
5940,1.0,75.0,0.0753
5941,0.9,86.0,0.0709
5942,2.1,124.0,0.1087
5943,2.1,128.0,0.1126
5944,3.1,164.0,0.1386
5945,3.8,199.0,0.1476
5946,3.7,192.0,0.1424
5947,3.6,166.0,0.131
5948,3.3,133.0,0.1114
5949,2.1,118.0,0.1029
5950,2.3,133.0,0.1101
5951,2.1,128.0,0.10400000000000001
5952,1.9,116.0,0.08560000000000001
5953,1.9,118.0,0.08360000000000001
5954,2.3,142.0,0.08940000000000001
5955,1.7,113.0,0.06960000000000001
5956,0.8,59.0,0.0524
5957,0.8,52.0,0.0506
5958,0.8,57.0,0.0453
5959,0.8,58.0,0.0434
5960,0.6,44.0,0.0373
5962,0.3,26.0,0.030500000000000003
5963,0.3,20.0,0.0286
5964,0.2,17.0,0.0268
5965,0.2,21.0,0.0261
5966,0.3,29.0,0.0274
5967,0.3,39.0,0.0291
5968,0.4,41.0,0.0304
5969,0.4,44.0,0.030100000000000002
5970,0.6,54.0,0.0329
5971,0.6,62.0,0.035
5972,0.6,62.0,0.038
5973,0.5,48.0,0.0356
5974,0.6,59.0,0.0383
5975,0.7,63.0,0.0429
5976,1.4,78.0,0.055600000000000004
5977,1.2,99.0,0.053700000000000005
5978,1.1,106.0,0.055400000000000005
5979,1.0,97.0,0.051800000000000006
5980,0.6,67.0,0.041600000000000005
5981,0.8,73.0,0.043300000000000005
5982,0.6,62.0,0.0393
5983,0.5,44.0,0.035300000000000005
5984,0.3,31.0,0.031400000000000004
5987,0.3,22.0,0.0302
5988,0.4,41.0,0.034800000000000005
5989,0.7,94.0,0.050800000000000005
5990,2.0,167.0,0.0936
5991,2.4,162.0,0.0944
5992,1.8,141.0,0.0843
5993,1.6,127.0,0.082
5994,1.7,116.0,0.07930000000000001
5995,1.8,104.0,0.0737
5996,1.7,111.0,0.0718
5997,1.7,114.0,0.0743
5998,1.7,121.0,0.0848
5999,2.6,164.0,0.09910000000000001
6000,4.0,194.0,0.11910000000000001
6001,3.8,175.0,0.1169
6002,4.0,180.0,0.11670000000000001
6003,2.4,147.0,0.0966
6004,1.4,112.0,0.0796
6005,1.3,94.0,0.0712
6006,1.3,91.0,0.07010000000000001
6007,1.0,76.0,0.0591
6008,0.8,73.0,0.0609
6010,0.4,32.0,0.0391
6011,0.5,40.0,0.0395
6012,0.5,63.0,0.051000000000000004
6013,0.9,119.0,0.0779
6014,3.5,202.0,0.1395
6015,5.2,222.0,0.1706
6016,4.3,212.0,0.1479
6017,3.5,219.0,0.1403
6018,2.6,189.0,0.1072
6019,2.5,147.0,0.09290000000000001
6020,2.8,161.0,0.1024
6021,2.2,148.0,0.101
6022,2.4,148.0,0.1046
6023,3.5,188.0,0.1264
6024,4.2,206.0,0.1365
6025,3.1,168.0,0.12810000000000002
6026,3.2,171.0,0.1463
6027,2.8,171.0,0.1388
6028,2.2,142.0,0.11950000000000001
6029,1.8,134.0,0.1111
6030,1.7,107.0,0.09920000000000001
6031,1.6,121.0,0.1019
6032,1.1,85.0,0.0828
6034,0.7,68.0,0.0699
6035,0.8,69.0,0.0719
6036,0.9,81.0,0.0761
6037,1.2,92.0,0.083
6038,3.3,200.0,0.1318
6039,3.8,201.0,0.1482
6040,3.2,213.0,0.1474
6042,3.2,187.0,0.1592
6043,4.2,205.0,0.16790000000000002
6044,4.3,212.0,0.167
6045,4.0,198.0,0.165
6046,4.1,171.0,0.16920000000000002
6047,7.8,272.0,0.2155
6048,10.2,192.0,0.2452
6049,6.6,288.0,0.20320000000000002
6050,4.3,254.0,0.1751
6051,4.9,267.0,0.1675
6052,2.6,198.0,0.1312
6053,2.3,145.0,0.1179
6054,2.7,167.0,0.1197
6055,2.2,127.0,0.0995
6056,2.0,119.0,0.0971
6058,1.2,84.0,0.0844
6059,1.1,89.0,0.0813
6060,1.4,122.0,0.1005
6061,2.1,162.0,0.117
6062,4.5,225.0,0.15330000000000002
6063,5.6,249.0,0.17830000000000001
6064,5.6,282.0,0.18180000000000002
6065,4.7,278.0,0.1826
6066,4.2,251.0,0.1839
6067,3.6,208.0,0.1428
6068,3.2,187.0,0.1353
6069,3.1,182.0,0.1491
6070,3.8,212.0,0.1517
6071,3.9,174.0,0.1413
6072,4.6,220.0,0.1429
6073,4.9,214.0,0.15030000000000002
6074,5.4,212.0,0.1636
6075,4.3,191.0,0.16870000000000002
6076,3.1,160.0,0.1405
6077,2.5,130.0,0.1199
6078,2.4,133.0,0.109
6079,1.9,110.0,0.0898
6080,1.3,65.0,0.0663
6082,1.1,41.0,0.0625
6083,0.9,36.0,0.0606
6084,1.0,45.0,0.051500000000000004
6085,1.6,98.0,0.0826
6086,4.8,194.0,0.1542
6087,5.9,191.0,0.1626
6088,5.6,193.0,0.15380000000000002
6089,3.5,231.0,0.1441
6090,2.8,202.0,0.1217
6091,3.6,188.0,0.132
6092,4.8,184.0,0.1368
6093,5.0,222.0,0.1199
6094,5.6,221.0,0.1375
6095,7.5,193.0,0.16820000000000002
6096,7.2,187.0,0.1761
6097,8.3,188.0,0.1883
6098,8.6,185.0,0.1855
6099,4.3,146.0,0.1078
6100,2.6,120.0,0.062
6101,2.6,110.0,0.0645
6102,2.7,121.0,0.0627
6103,2.7,126.0,0.0645
6104,2.6,117.0,0.0641
6107,0.6,70.0,0.05
6108,0.7,96.0,0.06280000000000001
6109,1.2,136.0,0.10400000000000001
6110,2.0,177.0,0.1159
6111,2.8,214.0,0.133
6112,2.9,243.0,0.14020000000000002
6113,2.2,192.0,0.11040000000000001
6114,1.6,149.0,0.0855
6115,1.5,141.0,0.0862
6116,1.9,137.0,0.09730000000000001
6117,1.5,138.0,0.0936
6118,1.8,149.0,0.1009
6119,3.4,196.0,0.14750000000000002
6120,4.6,239.0,0.17650000000000002
6121,1.6,164.0,0.13290000000000002
6122,1.2,149.0,0.1262
6123,1.2,159.0,0.12300000000000001
6124,0.9,149.0,0.12290000000000001
6125,0.7,133.0,0.11960000000000001
6126,2.5,216.0,0.1433
6127,1.5,196.0,0.12490000000000001
6128,0.5,120.0,0.0983
6130,0.5,101.0,0.0932
6131,0.1,75.0,0.077
6132,0.2,73.0,0.07880000000000001
6134,0.2,116.0,0.0879
6135,0.5,132.0,0.09240000000000001
6136,0.4,125.0,0.0964
6137,0.8,148.0,0.10550000000000001
6138,1.5,186.0,0.1383
6139,1.9,193.0,0.13670000000000002
6140,1.1,174.0,0.112
6141,0.3,106.0,0.0775
6142,0.9,127.0,0.115
6143,2.1,172.0,0.15280000000000002
6144,2.4,179.0,0.1655
6145,1.6,150.0,0.1393
6146,1.1,147.0,0.1338
6147,1.3,163.0,0.1403
6148,0.8,145.0,0.1327
6149,1.0,186.0,0.1346
6150,0.3,116.0,0.11320000000000001
6151,1.0,145.0,0.12090000000000001
6152,0.4,122.0,0.1044
6156,0.1,108.0,0.0959
6157,0.4,149.0,0.11330000000000001
6158,2.4,232.0,0.1511
6159,3.1,215.0,0.2346
6160,3.1,218.0,0.2311
6161,2.7,239.0,0.17980000000000002
6162,2.3,224.0,0.17500000000000002
6163,3.0,235.0,0.18630000000000002
6164,3.6,237.0,0.1883
6165,3.1,239.0,0.18510000000000001
6166,3.5,235.0,0.19190000000000002
6167,4.0,199.0,0.2078
6168,6.3,240.0,0.2434
6169,6.9,245.0,0.2515
6170,6.5,239.0,0.25220000000000004
6171,3.3,191.0,0.23340000000000002
6172,2.4,164.0,0.2199
6173,1.7,130.0,0.18610000000000002
6174,1.3,121.0,0.1751
6175,1.1,118.0,0.1652
6176,0.8,113.0,0.14550000000000002
6179,1.3,92.0,0.1126
6180,1.4,98.0,0.1158
6181,2.1,111.0,0.1237
6182,4.5,139.0,0.1696
6183,5.7,160.0,0.18000000000000002
6184,6.6,183.0,0.1967
6185,5.0,185.0,0.1862
6186,5.3,198.0,0.2003
6187,5.4,201.0,0.2041
6188,7.3,233.0,0.2202
6189,5.1,202.0,0.1966
6190,5.3,186.0,0.203
6191,7.3,215.0,0.22010000000000002
6192,10.2,227.0,0.2386
6193,11.9,220.0,0.23420000000000002
6194,11.5,190.0,0.2237
6195,8.3,178.0,0.2025
6196,4.7,147.0,0.18530000000000002
6197,4.0,138.0,0.1817
6198,3.9,135.0,0.1704
6199,2.8,123.0,0.1463
6200,2.3,106.0,0.12990000000000002
6202,1.4,81.0,0.1019
6203,1.0,66.0,0.0867
6204,1.0,64.0,0.0911
6205,1.8,86.0,0.1106
6206,3.8,114.0,0.1479
6207,4.2,115.0,0.1568
6208,3.6,110.0,0.153
6209,3.3,116.0,0.1582
6210,2.0,162.0,0.12350000000000001
6211,2.0,104.0,0.11950000000000001
6212,2.9,129.0,0.1471
6213,2.7,146.0,0.1582
6214,3.4,160.0,0.1671
6215,4.5,169.0,0.1711
6216,6.1,167.0,0.1852
6217,6.8,166.0,0.1902
6218,8.4,181.0,0.1961
6219,5.3,144.0,0.1689
6220,4.5,141.0,0.158
6221,4.1,123.0,0.1428
6222,4.0,121.0,0.1434
6223,4.0,114.0,0.1389
6224,3.0,93.0,0.113
6226,2.2,89.0,0.10250000000000001
6227,2.2,94.0,0.10500000000000001
6228,2.0,93.0,0.1038
6229,2.2,100.0,0.108
6230,4.0,127.0,0.1411
6231,4.8,137.0,0.1549
6232,4.6,190.0,0.16590000000000002
6233,2.8,171.0,0.1434
6234,2.1,127.0,0.131
6235,2.0,109.0,0.1227
6236,2.5,126.0,0.12610000000000002
6237,2.5,136.0,0.12610000000000002
6238,2.8,156.0,0.1345
6239,4.0,187.0,0.1608
6240,4.5,173.0,0.1653
6241,3.1,137.0,0.1442
6242,2.6,122.0,0.1421
6243,2.6,129.0,0.13290000000000002
6244,2.0,110.0,0.1212
6245,1.8,102.0,0.1179
6246,2.5,114.0,0.1231
6247,2.3,117.0,0.12140000000000001
6248,2.1,98.0,0.1134
6251,1.2,77.0,0.0897
6252,1.0,75.0,0.08850000000000001
6253,1.7,95.0,0.10590000000000001
6254,4.3,137.0,0.1567
6255,5.8,149.0,0.17270000000000002
6256,5.6,197.0,0.2021
6257,4.0,183.0,0.17950000000000002
6258,4.0,179.0,0.1852
6259,4.9,196.0,0.1943
6260,5.6,208.0,0.2058
6261,5.1,203.0,0.19720000000000001
6262,6.2,213.0,0.20980000000000001
6263,7.7,233.0,0.22440000000000002
6264,10.1,255.0,0.24650000000000002
6265,6.4,170.0,0.2096
6266,7.7,167.0,0.219
6267,8.1,205.0,0.22340000000000002
6268,4.7,170.0,0.2048
6269,4.3,154.0,0.2044
6270,4.1,143.0,0.18810000000000002
6271,4.2,140.0,0.1774
6272,3.8,122.0,0.1615
6274,2.4,103.0,0.138
6275,2.0,97.0,0.12510000000000002
6276,1.7,99.0,0.1173
6277,2.1,110.0,0.1217
6278,2.5,110.0,0.1193
6279,3.8,121.0,0.1358
6280,3.9,122.0,0.1481
6281,4.2,136.0,0.1532
6282,4.0,170.0,0.1675
6283,4.4,156.0,0.1709
6284,4.7,158.0,0.1743
6285,4.6,174.0,0.1774
6286,4.8,187.0,0.1804
6287,4.5,147.0,0.1555
6288,5.6,136.0,0.1621
6289,4.9,134.0,0.16140000000000002
6290,5.3,126.0,0.1637
6291,4.6,130.0,0.14850000000000002
6292,2.4,98.0,0.128
6293,2.7,89.0,0.1236
6294,2.5,88.0,0.12040000000000001
6295,2.3,86.0,0.10690000000000001
6297,1.3,70.0,0.0828
6298,1.0,55.0,0.0748
6299,0.9,45.0,0.0663
6300,0.7,44.0,0.0644
6301,0.8,50.0,0.06620000000000001
6302,1.0,74.0,0.0736
6303,1.1,81.0,0.0761
6304,0.8,65.0,0.06960000000000001
6305,1.4,76.0,0.08710000000000001
6306,2.2,110.0,0.1004
6307,2.7,124.0,0.11330000000000001
6308,2.3,120.0,0.114
6309,1.9,99.0,0.0999
6310,2.7,117.0,0.1124
6311,3.2,132.0,0.1193
6312,3.2,113.0,0.1258
6313,3.5,117.0,0.1356
6314,4.5,127.0,0.1468
6315,4.1,132.0,0.139
6316,3.3,121.0,0.1348
6317,3.1,122.0,0.1355
6318,3.0,113.0,0.1315
6319,2.3,99.0,0.1183
6320,2.3,86.0,0.11170000000000001
6322,1.5,66.0,0.0925
6323,1.3,67.0,0.094
6324,1.4,78.0,0.0956
6325,2.0,90.0,0.10640000000000001
6326,4.2,120.0,0.1515
6327,5.9,139.0,0.18030000000000002
6328,6.3,172.0,0.1927
6329,6.6,232.0,0.2197
6330,5.0,168.0,0.2038
6331,2.5,120.0,0.13390000000000002
6332,2.6,121.0,0.1328
6333,1.9,117.0,0.1227
6334,2.3,121.0,0.1199
6335,1.9,107.0,0.1046
6336,2.3,115.0,0.11320000000000001
6337,1.8,94.0,0.09860000000000001
6338,1.9,98.0,0.09910000000000001
6339,1.4,87.0,0.0847
6340,1.2,78.0,0.07830000000000001
6341,1.0,69.0,0.0752
6342,1.2,67.0,0.0737
6343,1.4,81.0,0.0796
6344,1.2,75.0,0.0765
6346,0.6,42.0,0.0539
6347,0.6,38.0,0.0483
6348,0.7,64.0,0.053700000000000005
6349,1.1,86.0,0.0707
6350,2.5,127.0,0.10700000000000001
6351,3.6,122.0,0.12480000000000001
6352,3.6,141.0,0.12610000000000002
6353,3.3,139.0,0.12090000000000001
6354,2.0,105.0,0.1039
6355,1.9,103.0,0.09770000000000001
6356,2.2,108.0,0.0976
6357,2.2,109.0,0.0995
6358,3.8,149.0,0.135
6359,3.5,143.0,0.12150000000000001
6360,5.2,159.0,0.1461
6361,6.3,178.0,0.1598
6362,6.8,168.0,0.16690000000000002
6363,4.1,160.0,0.1223
6364,2.3,117.0,0.09390000000000001
6365,1.9,113.0,0.0902
6366,2.2,113.0,0.09330000000000001
6367,1.3,94.0,0.0766
6368,1.2,76.0,0.07490000000000001
6371,0.6,63.0,0.0757
6372,0.9,74.0,0.0792
6373,1.4,96.0,0.0921
6374,3.4,121.0,0.1318
6375,5.0,145.0,0.1547
6376,4.7,158.0,0.1516
6377,3.2,143.0,0.134
6378,3.5,182.0,0.15560000000000002
6379,4.0,163.0,0.1582
6380,5.7,178.0,0.1791
6381,5.0,162.0,0.1631
6382,5.6,171.0,0.16790000000000002
6383,6.2,174.0,0.1681
6384,7.5,185.0,0.1718
6385,3.0,126.0,0.1193
6386,2.6,113.0,0.1044
6387,2.1,111.0,0.0925
6388,1.8,107.0,0.0889
6389,2.0,107.0,0.09290000000000001
6390,2.2,102.0,0.09580000000000001
6391,1.9,96.0,0.0844
6392,1.6,86.0,0.083
6394,0.9,70.0,0.0743
6395,0.7,59.0,0.0711
6396,0.9,74.0,0.0819
6397,1.4,89.0,0.0981
6398,4.2,131.0,0.14800000000000002
6399,5.0,139.0,0.1691
6400,4.4,145.0,0.15480000000000002
6401,3.4,137.0,0.15230000000000002
6402,2.8,128.0,0.1406
6403,3.4,128.0,0.1476
6404,2.9,123.0,0.1481
6405,3.9,136.0,0.1534
6406,4.0,137.0,0.1592
6407,4.9,151.0,0.1688
6408,7.7,171.0,0.194
6409,9.4,171.0,0.2069
6410,7.8,161.0,0.1943
6411,6.6,154.0,0.18460000000000001
6412,4.7,127.0,0.16110000000000002
6413,4.8,115.0,0.1487
6414,3.2,102.0,0.1208
6415,2.6,100.0,0.1043
6416,2.1,86.0,0.0979
6418,1.1,80.0,0.07680000000000001
6419,0.7,74.0,0.07200000000000001
6420,0.9,82.0,0.0785
6421,1.5,96.0,0.0903
6422,3.8,124.0,0.1389
6423,6.0,142.0,0.16490000000000002
6424,5.1,154.0,0.1621
6425,3.6,144.0,0.13620000000000002
6426,3.0,144.0,0.16240000000000002
6427,3.1,139.0,0.1605
6428,3.3,138.0,0.1608
6429,3.4,134.0,0.1522
6430,4.6,150.0,0.1708
6431,6.9,173.0,0.1885
6432,5.1,134.0,0.16570000000000001
6433,4.9,128.0,0.1645
6434,6.1,132.0,0.1729
6435,6.2,134.0,0.15560000000000002
6436,3.0,107.0,0.1317
6437,3.4,101.0,0.129
6438,3.5,94.0,0.1287
6439,3.2,99.0,0.12350000000000001
6440,2.9,90.0,0.1144
6443,1.7,71.0,0.09720000000000001
6444,1.7,66.0,0.09680000000000001
6445,1.3,70.0,0.0954
6446,2.8,90.0,0.12010000000000001
6447,2.5,102.0,0.1017
6448,2.7,102.0,0.1039
6449,1.5,94.0,0.0911
6450,2.6,122.0,0.10590000000000001
6451,3.1,124.0,0.1213
6452,2.5,103.0,0.1003
6453,2.6,115.0,0.1017
6454,2.5,107.0,0.0937
6455,2.3,120.0,0.09870000000000001
6456,3.1,120.0,0.1131
6457,1.9,108.0,0.0969
6458,2.5,115.0,0.1062
6459,3.1,124.0,0.1058
6460,2.0,109.0,0.0959
6461,1.9,93.0,0.0887
6462,2.4,103.0,0.0911
6463,2.0,106.0,0.09140000000000001
6464,1.2,96.0,0.0786
6466,1.0,81.0,0.0727
6467,0.8,70.0,0.06860000000000001
6468,0.6,60.0,0.0648
6469,0.7,63.0,0.0645
6470,0.8,68.0,0.0679
6471,0.9,68.0,0.06960000000000001
6472,1.0,66.0,0.07350000000000001
6473,1.3,72.0,0.08030000000000001
6474,1.7,81.0,0.0848
6475,2.4,89.0,0.0882
6476,1.7,85.0,0.08120000000000001
6477,1.8,86.0,0.0889
6478,1.5,83.0,0.07490000000000001
6479,1.1,77.0,0.0682
6480,2.4,93.0,0.0922
6481,2.0,103.0,0.0833
6482,1.5,90.0,0.08080000000000001
6483,1.7,93.0,0.079
6484,1.0,72.0,0.0685
6485,1.0,73.0,0.07060000000000001
6486,1.0,64.0,0.0636
6487,0.9,66.0,0.0678
6488,1.1,71.0,0.0714
6490,0.6,54.0,0.0646
6491,0.7,58.0,0.0685
6492,0.9,72.0,0.075
6493,1.3,89.0,0.0878
6494,3.1,112.0,0.12380000000000001
6495,4.9,131.0,0.1572
6496,4.7,161.0,0.14880000000000002
6497,3.2,135.0,0.1424
6498,2.5,119.0,0.1338
6499,3.8,144.0,0.1559
6500,3.3,130.0,0.14150000000000001
6501,2.5,109.0,0.1331
6502,2.7,114.0,0.1315
6503,2.9,115.0,0.12890000000000001
6504,3.1,123.0,0.1389
6505,4.0,138.0,0.1351
6506,3.1,123.0,0.1267
6507,2.7,112.0,0.1279
6508,1.7,87.0,0.1071
6509,1.5,79.0,0.0994
6510,1.4,74.0,0.0956
6511,1.4,75.0,0.0936
6512,1.1,70.0,0.0826
6515,0.6,63.0,0.07400000000000001
6516,0.8,67.0,0.07830000000000001
6517,1.0,71.0,0.0891
6518,2.8,98.0,0.1197
6519,3.4,114.0,0.1311
6520,3.3,130.0,0.1472
6521,4.1,155.0,0.1694
6522,3.5,141.0,0.16390000000000002
6523,3.0,118.0,0.1469
6524,3.6,134.0,0.14150000000000001
6525,3.0,123.0,0.125
6526,2.6,117.0,0.1236
6527,2.6,110.0,0.1212
6528,3.1,115.0,0.1212
6529,3.2,116.0,0.11950000000000001
6530,2.4,99.0,0.12000000000000001
6531,2.6,115.0,0.12090000000000001
6532,2.4,104.0,0.12760000000000002
6533,1.8,92.0,0.11320000000000001
6534,1.7,84.0,0.1061
6535,1.9,81.0,0.10360000000000001
6536,1.4,77.0,0.0911
6538,1.7,75.0,0.1033
6539,1.0,69.0,0.0816
6540,0.9,67.0,0.08220000000000001
6541,1.0,68.0,0.08410000000000001
6542,1.0,68.0,0.0795
6543,1.1,69.0,0.08310000000000001
6544,1.7,81.0,0.10250000000000001
6545,2.3,95.0,0.1178
6546,2.1,92.0,0.11810000000000001
6547,2.7,113.0,0.125
6548,2.3,98.0,0.1039
6549,1.2,82.0,0.08990000000000001
6550,1.4,96.0,0.1019
6551,1.9,107.0,0.1057
6552,2.6,119.0,0.12290000000000001
6553,2.4,114.0,0.1135
6554,3.5,127.0,0.1188
6555,3.5,121.0,0.10600000000000001
6556,2.2,109.0,0.09620000000000001
6557,2.3,107.0,0.09390000000000001
6558,1.9,100.0,0.0864
6559,1.0,83.0,0.0741
6560,0.8,66.0,0.06420000000000001
6562,0.4,30.0,0.0449
6563,0.4,29.0,0.0437
6564,0.4,41.0,0.045700000000000005
6565,0.6,63.0,0.0512
6566,1.9,114.0,0.0931
6567,2.0,114.0,0.09050000000000001
6568,1.4,102.0,0.079
6569,1.4,101.0,0.085
6570,1.5,103.0,0.08700000000000001
6571,1.6,100.0,0.08420000000000001
6572,1.8,95.0,0.0886
6573,1.4,99.0,0.0801
6574,1.7,102.0,0.08950000000000001
6575,1.7,105.0,0.08270000000000001
6576,2.3,118.0,0.09720000000000001
6577,3.2,135.0,0.10790000000000001
6578,2.6,124.0,0.0964
6579,1.6,100.0,0.0743
6580,0.8,66.0,0.0517
6581,0.7,57.0,0.0468
6582,0.6,58.0,0.0461
6583,0.7,59.0,0.0483
6584,0.7,60.0,0.0482
6587,0.3,27.0,0.0324
6588,0.4,39.0,0.0378
6589,0.5,63.0,0.048
6590,1.4,110.0,0.08220000000000001
6591,2.4,128.0,0.10600000000000001
6592,1.8,122.0,0.0916
6593,1.5,111.0,0.0844
6594,1.5,110.0,0.08070000000000001
6595,1.8,114.0,0.0853
6596,2.1,114.0,0.0884
6597,1.7,111.0,0.0834
6598,2.3,116.0,0.0893
6599,2.9,148.0,0.1037
6600,4.0,177.0,0.12440000000000001
6601,4.2,164.0,0.1269
6602,3.5,151.0,0.1125
6603,2.6,147.0,0.0946
6604,1.3,110.0,0.0751
6605,1.0,99.0,0.067
6606,1.6,116.0,0.07540000000000001
6607,1.6,121.0,0.0781
6608,1.1,103.0,0.08420000000000001
6610,0.8,83.0,0.0746
6611,0.8,76.0,0.07540000000000001
6612,1.0,107.0,0.09050000000000001
6613,1.2,106.0,0.096
6614,1.7,124.0,0.108
6615,2.4,134.0,0.12090000000000001
6616,2.8,147.0,0.12430000000000001
6617,2.9,146.0,0.1273
6618,2.6,133.0,0.1216
6619,2.3,120.0,0.0976
6620,2.3,117.0,0.09730000000000001
6621,1.7,109.0,0.08270000000000001
6622,1.8,112.0,0.0912
6623,2.5,131.0,0.10840000000000001
6624,2.4,133.0,0.10450000000000001
6625,2.0,138.0,0.10260000000000001
6626,2.3,142.0,0.11720000000000001
6627,2.9,138.0,0.1452
6628,2.0,118.0,0.1317
6629,2.5,120.0,0.1365
6630,3.0,132.0,0.1378
6631,2.4,121.0,0.1246
6632,2.6,117.0,0.11860000000000001
6634,2.1,102.0,0.1187
6635,1.7,95.0,0.10070000000000001
6636,1.5,81.0,0.1019
6637,1.3,95.0,0.0921
6638,1.9,111.0,0.1038
6639,2.0,118.0,0.1105
6640,2.7,130.0,0.1208
6641,2.4,116.0,0.1208
6642,2.7,128.0,0.1282
6643,3.2,156.0,0.1494
6644,3.4,169.0,0.15
6645,3.2,168.0,0.1463
6646,4.3,178.0,0.17220000000000002
6647,5.0,178.0,0.19340000000000002
6648,6.3,188.0,0.2018
6649,4.6,169.0,0.1796
6650,3.1,133.0,0.15940000000000001
6651,2.6,125.0,0.1389
6652,2.1,110.0,0.12380000000000001
6653,2.1,112.0,0.1221
6654,2.5,112.0,0.1254
6655,2.0,102.0,0.10980000000000001
6656,1.8,90.0,0.1044
6659,0.7,64.0,0.0823
6660,0.9,81.0,0.0908
6661,1.5,106.0,0.1076
6662,3.4,140.0,0.1393
6663,3.4,138.0,0.1429
6664,3.2,165.0,0.15940000000000001
6665,4.8,214.0,0.1956
6666,3.5,178.0,0.1872
6667,4.1,187.0,0.20140000000000002
6668,4.8,203.0,0.1978
6669,4.4,204.0,0.2257
6670,4.5,198.0,0.2104
6671,5.9,218.0,0.21400000000000002
6672,9.9,269.0,0.2523
6673,6.9,217.0,0.21880000000000002
6674,4.3,183.0,0.1816
6675,2.9,147.0,0.1587
6676,2.0,120.0,0.1381
6677,1.7,112.0,0.1287
6678,1.9,107.0,0.1193
6679,2.0,103.0,0.1223
6680,1.9,97.0,0.11220000000000001
6682,0.8,74.0,0.08660000000000001
6683,0.7,68.0,0.0848
6684,1.1,92.0,0.0959
6685,1.7,111.0,0.1154
6686,3.1,133.0,0.1373
6687,4.4,139.0,0.1708
6688,5.6,192.0,0.2097
6689,4.4,192.0,0.2056
6690,4.4,206.0,0.2006
6691,4.7,182.0,0.2015
6692,4.2,192.0,0.1945
6693,3.3,188.0,0.17930000000000001
6694,5.1,186.0,0.1962
6770,3.3,130.0,0.1389
6771,3.1,137.0,0.1268
6772,2.4,125.0,0.1046
6773,1.4,106.0,0.0862
6774,2.1,121.0,0.08660000000000001
6775,1.4,101.0,0.07880000000000001
6776,1.4,100.0,0.0857
6778,1.0,86.0,0.0845
6779,1.3,90.0,0.0873
6780,1.0,89.0,0.08410000000000001
6781,1.1,96.0,0.0853
6782,2.1,125.0,0.1063
6783,3.2,143.0,0.12760000000000002
6784,3.3,153.0,0.1332
6785,2.3,140.0,0.1015
6786,1.0,92.0,0.0594
6787,0.8,78.0,0.050100000000000006
6788,0.8,68.0,0.0448
6789,0.6,64.0,0.038700000000000005
6790,0.9,80.0,0.046700000000000005
6791,0.8,81.0,0.048400000000000006
6792,1.2,102.0,0.0608
6793,2.1,132.0,0.09530000000000001
6794,3.9,162.0,0.1307
6795,4.4,179.0,0.14150000000000001
6796,2.0,148.0,0.1023
6797,2.3,146.0,0.1154
6798,3.6,164.0,0.1426
6799,3.9,162.0,0.1363
6800,1.6,118.0,0.10060000000000001
6803,1.0,79.0,0.0799
6804,0.8,62.0,0.0703
6805,0.7,85.0,0.0781
6806,1.0,110.0,0.0815
6807,1.0,99.0,0.08
6808,1.5,101.0,0.0926
6809,2.5,129.0,0.11510000000000001
6810,2.6,132.0,0.1153
6811,3.2,148.0,0.1298
6812,3.0,134.0,0.12380000000000001
6813,3.4,148.0,0.1222
6814,3.3,146.0,0.11710000000000001
6815,3.6,148.0,0.1237
6816,5.5,175.0,0.1366
6817,4.5,170.0,0.1278
6818,4.7,173.0,0.1293
6819,4.3,151.0,0.1198
6820,3.2,129.0,0.1115
6821,2.9,126.0,0.1092
6822,3.1,127.0,0.11040000000000001
6823,2.8,118.0,0.10060000000000001
6824,1.2,83.0,0.0777
6826,0.8,60.0,0.060000000000000005
6827,0.6,37.0,0.0477
6828,0.6,39.0,0.0454
6829,1.0,70.0,0.063
6830,3.2,108.0,0.0858
6831,3.6,119.0,0.0951
6832,2.9,111.0,0.08360000000000001
6833,2.4,106.0,0.0721
6834,2.5,105.0,0.0703
6835,2.6,114.0,0.06570000000000001
6836,2.3,93.0,0.058100000000000006
6837,2.2,89.0,0.0546
6838,2.3,102.0,0.0641
6839,2.9,129.0,0.0794
6840,4.1,151.0,0.1042
6841,4.1,151.0,0.0993
6842,4.0,149.0,0.09680000000000001
6843,3.7,149.0,0.08940000000000001
6844,1.7,114.0,0.0592
6845,1.1,104.0,0.0611
6846,1.1,104.0,0.0611
6847,1.5,127.0,0.0694
6848,0.5,53.0,0.0357
6850,0.2,39.0,0.0325
6851,0.3,41.0,0.034300000000000004
6852,0.6,97.0,0.0608
6853,0.7,120.0,0.0712
6854,2.6,167.0,0.1173
6855,5.5,198.0,0.1459
6856,2.6,157.0,0.10550000000000001
6857,1.5,125.0,0.0799
6858,1.7,135.0,0.0787
6859,2.2,138.0,0.0892
6860,2.1,132.0,0.0766
6861,2.2,142.0,0.0835
6862,2.3,137.0,0.0897
6863,2.5,145.0,0.1009
6864,3.1,166.0,0.125
6865,3.6,165.0,0.1283
6866,3.9,175.0,0.13770000000000002
6867,4.0,185.0,0.1322
6868,2.3,166.0,0.1198
6869,1.5,140.0,0.10070000000000001
6870,1.5,133.0,0.0976
6871,2.2,144.0,0.1013
6872,1.3,126.0,0.0868
6875,0.5,70.0,0.0616
6876,0.5,74.0,0.0678
6877,0.9,124.0,0.0936
6878,2.0,152.0,0.111
6879,3.2,174.0,0.1258
6880,2.3,161.0,0.108
6881,1.8,120.0,0.0949
6882,2.1,111.0,0.08940000000000001
6883,1.9,128.0,0.0882
6884,2.4,133.0,0.0872
6885,2.1,121.0,0.0751
6886,2.8,147.0,0.09280000000000001
6887,3.3,136.0,0.116
6888,2.9,153.0,0.109
6889,3.9,178.0,0.1274
6890,4.1,174.0,0.134
6891,3.3,166.0,0.12710000000000002
6892,3.3,169.0,0.13540000000000002
6893,1.9,132.0,0.10840000000000001
6894,2.0,127.0,0.1086
6895,1.9,113.0,0.1038
6896,2.1,128.0,0.10640000000000001
6898,1.3,85.0,0.093
6899,1.1,77.0,0.07830000000000001
6900,1.2,78.0,0.08310000000000001
6901,1.8,115.0,0.0983
6902,3.6,169.0,0.1315
6903,3.7,174.0,0.1389
6904,3.4,171.0,0.1396
6905,4.0,179.0,0.1585
6906,3.8,193.0,0.1628
6907,4.1,210.0,0.16920000000000002
6908,4.9,224.0,0.18280000000000002
6909,3.3,175.0,0.1476
6910,4.3,177.0,0.164
6911,6.6,208.0,0.2046
6912,8.5,247.0,0.2238
6913,8.7,242.0,0.248
6914,9.1,252.0,0.24150000000000002
6915,7.2,228.0,0.21810000000000002
6916,5.0,196.0,0.2051
6917,4.2,190.0,0.2041
6918,4.6,187.0,0.2059
6919,3.9,174.0,0.2016
6920,3.4,158.0,0.1967
6922,2.4,132.0,0.1847
6923,2.5,121.0,0.1792
6924,3.5,136.0,0.168
6925,3.9,138.0,0.16620000000000001
6926,4.8,149.0,0.18100000000000002
6927,6.1,165.0,0.21030000000000001
6928,6.6,170.0,0.2082
6929,6.5,165.0,0.1971
6930,6.0,167.0,0.195
6931,6.9,197.0,0.2101
6932,7.9,217.0,0.2112
6933,6.1,204.0,0.1962
6934,6.7,193.0,0.2033
6935,6.8,192.0,0.2034
6936,6.7,175.0,0.2018
6942,5.9,169.0,0.2066
6943,5.6,164.0,0.203
6944,5.5,154.0,0.1913
6947,2.2,119.0,0.1534
6948,2.0,106.0,0.1568
6949,2.2,111.0,0.1622
6950,2.0,122.0,0.1628
6951,2.5,121.0,0.1553
6952,3.0,136.0,0.1769
6953,2.8,138.0,0.1776
6954,3.4,147.0,0.1898
6955,5.5,178.0,0.21000000000000002
6956,4.0,176.0,0.18960000000000002
6957,2.4,159.0,0.17450000000000002
6958,3.1,168.0,0.1893
6959,4.0,181.0,0.19720000000000001
6960,4.6,184.0,0.202
6961,4.8,170.0,0.19060000000000002
6962,6.2,174.0,0.1832
6963,4.6,136.0,0.14700000000000002
6964,4.5,127.0,0.1494
6965,4.2,125.0,0.1394
6966,2.6,121.0,0.11130000000000001
6967,1.6,117.0,0.09580000000000001
6968,1.3,108.0,0.08070000000000001
6970,0.5,55.0,0.0471
6971,0.4,46.0,0.045000000000000005
6972,0.3,46.0,0.0438
6973,0.4,67.0,0.0512
6974,0.6,90.0,0.0632
6975,0.9,117.0,0.07540000000000001
6976,1.1,118.0,0.0792
6977,1.0,112.0,0.0776
6978,1.6,134.0,0.0969
6979,1.8,127.0,0.0975
6980,1.0,88.0,0.0637
6981,0.8,57.0,0.0541
6982,1.4,99.0,0.0876
6983,2.1,129.0,0.1029
6984,2.3,137.0,0.11030000000000001
6985,3.5,146.0,0.1369
6986,3.8,139.0,0.1381
6987,2.4,128.0,0.10940000000000001
6988,1.0,106.0,0.0835
6989,1.3,114.0,0.0881
6990,2.3,137.0,0.09870000000000001
6991,1.5,114.0,0.08070000000000001
6992,1.1,92.0,0.0664
6994,0.7,55.0,0.049600000000000005
6995,0.4,46.0,0.043300000000000005
6996,0.5,67.0,0.0524
6997,0.8,95.0,0.0747
6998,1.9,133.0,0.1052
6999,2.3,138.0,0.1092
7000,1.9,127.0,0.10360000000000001
7001,1.6,119.0,0.09340000000000001
7002,1.4,113.0,0.0917
7003,1.5,109.0,0.0839
7004,1.4,97.0,0.0761
7005,2.0,117.0,0.0926
7006,2.5,132.0,0.11040000000000001
7007,2.2,117.0,0.0911
7008,2.0,110.0,0.0918
7009,2.1,119.0,0.09480000000000001
7010,2.1,116.0,0.0966
7011,2.1,123.0,0.1057
7012,1.6,117.0,0.10010000000000001
7013,1.1,100.0,0.0777
7014,1.2,101.0,0.07970000000000001
7111,1.6,106.0,0.1617
7112,2.5,129.0,0.1355
7114,1.9,126.0,0.1131
7115,1.4,106.0,0.10360000000000001
7116,1.5,99.0,0.1009
7117,1.4,97.0,0.0966
7118,1.1,94.0,0.0901
7119,1.0,86.0,0.0879
7120,1.2,97.0,0.09910000000000001
7121,1.7,113.0,0.1019
7122,2.3,125.0,0.11510000000000001
7123,2.2,147.0,0.1242
7124,2.4,153.0,0.1206
7125,2.2,147.0,0.11380000000000001
7126,2.1,139.0,0.11420000000000001
7127,3.0,165.0,0.1438
7128,4.7,191.0,0.17350000000000002
7129,3.6,172.0,0.16110000000000002
7130,2.5,151.0,0.1436
7131,2.3,137.0,0.1389
7132,2.1,130.0,0.1313
7133,1.7,115.0,0.1232
7134,1.8,112.0,0.11950000000000001
7135,1.6,105.0,0.1107
7136,1.3,96.0,0.10350000000000001
7138,1.3,87.0,0.09290000000000001
7139,1.1,75.0,0.08750000000000001
7140,1.0,82.0,0.08610000000000001
7141,1.0,83.0,0.0852
7142,1.2,88.0,0.0891
7143,1.3,106.0,0.0947
7144,1.6,112.0,0.10160000000000001
7145,2.2,141.0,0.12010000000000001
7146,2.2,148.0,0.1218
7147,2.8,171.0,0.1385
7148,2.1,160.0,0.1311
7149,1.6,137.0,0.1206
7150,2.8,167.0,0.14730000000000001
7151,2.6,164.0,0.14600000000000002
7152,2.8,166.0,0.1627
7153,2.9,167.0,0.1827
7154,3.4,174.0,0.20040000000000002
7207,1.7,120.0,0.11510000000000001
7208,1.9,119.0,0.11850000000000001
7210,2.0,111.0,0.1405
7211,1.7,109.0,0.1383
7212,1.8,110.0,0.14600000000000002
7213,2.2,126.0,0.1612
7214,3.7,148.0,0.1776
7215,4.8,162.0,0.1991
7216,4.8,173.0,0.19440000000000002
7217,5.2,198.0,0.20980000000000001
7218,5.9,219.0,0.2159
7219,5.9,206.0,0.2005
7220,3.1,155.0,0.1441
7221,2.6,150.0,0.138
7222,2.8,148.0,0.1409
7223,2.8,158.0,0.14450000000000002
7224,2.8,152.0,0.1388
7225,3.1,148.0,0.1411
7226,3.3,147.0,0.13770000000000002
7227,2.7,144.0,0.1316
7228,2.3,144.0,0.12100000000000001
7229,1.6,126.0,0.10020000000000001
7230,1.6,115.0,0.0896
7231,1.7,116.0,0.0946
7232,1.6,112.0,0.0877
7235,0.9,67.0,0.0745
7236,0.8,72.0,0.0656
7237,0.7,69.0,0.0682
7238,1.1,107.0,0.0829
7239,1.5,117.0,0.0961
7240,1.5,115.0,0.096
7241,1.6,120.0,0.094
7242,1.6,128.0,0.09380000000000001
7243,2.0,138.0,0.10400000000000001
7244,1.7,127.0,0.09040000000000001
7245,1.5,111.0,0.091
7246,2.0,122.0,0.10110000000000001
7247,1.9,134.0,0.1038
7248,2.1,153.0,0.1144
7249,2.8,169.0,0.13520000000000001
7250,2.7,162.0,0.1365
7251,2.4,152.0,0.1245
7252,1.6,127.0,0.1203
7253,1.7,112.0,0.112
7254,1.3,98.0,0.09720000000000001
7255,1.4,89.0,0.0878
7256,1.2,82.0,0.0853
7258,1.0,77.0,0.0766
7259,0.6,55.0,0.067
7260,0.7,63.0,0.0694
7261,1.0,69.0,0.07390000000000001
7262,1.7,99.0,0.094
7263,3.0,125.0,0.12010000000000001
7264,2.4,123.0,0.1106
7265,2.2,128.0,0.11860000000000001
7266,2.6,149.0,0.1302
7267,2.5,137.0,0.1368
7268,3.0,147.0,0.1452
7269,3.3,168.0,0.1537
7270,3.8,180.0,0.1651
7271,3.6,170.0,0.1623
7272,5.0,180.0,0.17420000000000002
7273,5.7,178.0,0.16390000000000002
7274,5.0,159.0,0.1537
7275,4.8,156.0,0.1463
7276,3.9,146.0,0.1379
7277,3.3,132.0,0.12560000000000002
7278,3.4,137.0,0.13440000000000002
7279,2.4,114.0,0.10890000000000001
7280,1.4,95.0,0.0949
7282,1.2,88.0,0.0882
7283,1.2,94.0,0.09050000000000001
7284,1.2,97.0,0.0902
7285,1.3,93.0,0.09230000000000001
7286,2.3,113.0,0.12100000000000001
7287,3.4,126.0,0.1468
7288,3.0,133.0,0.13290000000000002
7289,2.5,141.0,0.1295
7290,2.7,139.0,0.1365
7291,2.8,147.0,0.1452
7292,3.6,175.0,0.1615
7293,3.1,180.0,0.15990000000000001
7294,4.3,194.0,0.1777
7295,4.6,192.0,0.17420000000000002
7296,4.3,188.0,0.1739
7297,4.3,179.0,0.17700000000000002
7298,5.5,196.0,0.1918
7299,3.4,169.0,0.15810000000000002
7300,2.4,151.0,0.1291
7301,1.6,123.0,0.1
7302,1.7,127.0,0.0974
7303,1.6,127.0,0.0949
7304,1.3,118.0,0.09340000000000001
7307,0.6,44.0,0.0521
7308,0.6,46.0,0.0575
7309,0.5,46.0,0.0522
7310,0.6,61.0,0.058600000000000006
7311,0.7,60.0,0.056600000000000004
7312,0.9,71.0,0.0693
7313,1.5,111.0,0.1022
7314,1.9,127.0,0.11520000000000001
7315,1.9,128.0,0.11080000000000001
7316,2.2,142.0,0.111
7317,3.8,145.0,0.1306
7318,2.0,145.0,0.1029
7319,2.2,156.0,0.10940000000000001
7320,3.3,154.0,0.1282
7321,2.7,165.0,0.11470000000000001
7322,2.6,153.0,0.1208
7323,2.5,151.0,0.1192
7324,1.5,131.0,0.1136
7325,1.9,128.0,0.1131
7326,2.0,137.0,0.1071
7327,1.7,119.0,0.10590000000000001
7328,1.2,96.0,0.09090000000000001
7330,0.6,60.0,0.0724
7333,0.4,104.0,0.1027
7334,2.6,137.0,0.1502
7335,3.5,146.0,0.16060000000000002
7336,2.1,136.0,0.152
7337,2.1,144.0,0.15660000000000002
7338,1.7,133.0,0.1501
7339,2.6,148.0,0.16340000000000002
7340,2.6,155.0,0.1587
7341,2.4,152.0,0.156
7342,2.4,145.0,0.15380000000000002
7343,2.0,139.0,0.1491
7344,2.0,134.0,0.1469
7345,3.1,128.0,0.1486
7346,3.3,135.0,0.1494
7347,3.3,136.0,0.1471
7348,2.6,126.0,0.1399
7349,1.7,116.0,0.1192
7350,1.8,116.0,0.1187
7351,1.5,107.0,0.10700000000000001
7352,1.1,91.0,0.0949
7354,0.7,70.0,0.0854
7355,0.7,78.0,0.0835
7356,0.9,75.0,0.0887
7357,1.3,101.0,0.1019
7358,3.2,136.0,0.15030000000000002
7359,5.1,147.0,0.16870000000000002
7360,3.7,143.0,0.1553
7361,3.2,153.0,0.16240000000000002
7362,3.1,148.0,0.1637
7363,3.0,149.0,0.15330000000000002
7364,3.6,141.0,0.1577
7365,3.2,147.0,0.1532
7366,3.9,159.0,0.1621
7367,3.4,152.0,0.1578
7368,3.9,144.0,0.1631
7369,3.6,146.0,0.16290000000000002
7370,4.7,162.0,0.1733
7371,4.1,156.0,0.1622
7372,3.4,146.0,0.1597
7373,3.5,151.0,0.1738
7374,1.2,127.0,0.135
7375,2.4,123.0,0.1363
7376,2.1,122.0,0.1262
7379,1.0,83.0,0.09580000000000001
7380,1.4,98.0,0.1078
7381,1.8,109.0,0.1143
7382,3.8,138.0,0.15510000000000002
7383,4.1,138.0,0.16690000000000002
7384,4.4,170.0,0.1766
7385,3.5,191.0,0.17170000000000002
7386,3.5,196.0,0.1738
7387,3.8,185.0,0.16110000000000002
7388,3.1,156.0,0.1398
7389,3.4,173.0,0.1497
7390,3.3,166.0,0.14150000000000001
7391,3.4,173.0,0.1457
7392,4.7,177.0,0.16690000000000002
7393,5.7,182.0,0.17400000000000002
7394,5.6,166.0,0.17700000000000002
7395,5.9,177.0,0.1734
7396,3.6,158.0,0.1647
7397,2.5,133.0,0.1379
7398,2.9,123.0,0.1331
7399,2.5,120.0,0.124
7400,1.7,105.0,0.10360000000000001
7402,1.1,86.0,0.0826
7403,0.9,77.0,0.07980000000000001
7404,1.0,81.0,0.08170000000000001
7405,1.6,103.0,0.10550000000000001
7406,3.1,127.0,0.1391
7407,4.1,134.0,0.1665
7408,3.9,158.0,0.1539
7409,3.6,175.0,0.1653
7410,3.2,178.0,0.15860000000000002
7411,2.2,135.0,0.1332
7412,2.4,133.0,0.1369
7413,2.7,134.0,0.1373
7414,2.7,137.0,0.13970000000000002
7415,3.9,160.0,0.1577
7416,5.2,166.0,0.17830000000000001
7417,4.0,144.0,0.1568
7418,2.9,129.0,0.1356
7419,3.3,129.0,0.1419
7420,2.0,107.0,0.1177
7421,1.8,101.0,0.11410000000000001
7422,2.7,112.0,0.1179
7423,1.8,98.0,0.1056
7424,1.3,90.0,0.09730000000000001
7426,1.1,59.0,0.08360000000000001
7427,1.6,98.0,0.1085
7428,1.3,109.0,0.0959
7429,1.4,110.0,0.1039
7430,5.0,159.0,0.1554
7431,4.3,144.0,0.15460000000000002
7432,4.1,147.0,0.1638
7433,3.8,179.0,0.1568
7434,3.1,164.0,0.1433
7435,3.3,160.0,0.1452
7436,3.1,143.0,0.1345
7437,2.7,138.0,0.1336
7438,3.4,143.0,0.1442
7439,5.0,196.0,0.1748
7440,5.7,197.0,0.1776
7441,5.8,189.0,0.1802
7442,5.8,188.0,0.1796
7443,5.0,190.0,0.16
7444,1.7,126.0,0.10830000000000001
7445,1.6,113.0,0.10640000000000001
7446,2.3,129.0,0.11040000000000001
7447,2.4,128.0,0.1053
7448,2.0,122.0,0.1009
7451,1.1,92.0,0.08
7452,1.0,70.0,0.0784
7453,1.3,83.0,0.0854
7454,1.9,127.0,0.10650000000000001
7455,2.6,142.0,0.11610000000000001
7456,2.7,155.0,0.1192
7457,2.4,153.0,0.1202
7458,2.7,177.0,0.1338
7459,3.1,179.0,0.1505
7460,4.4,212.0,0.1715
7461,3.2,182.0,0.14730000000000001
7462,2.9,168.0,0.1433
7463,3.0,179.0,0.1544
7464,3.7,182.0,0.1648
7465,5.2,194.0,0.1784
7466,3.3,166.0,0.1519
7467,3.6,168.0,0.1532
7468,2.3,148.0,0.134
7469,3.0,151.0,0.1414
7470,3.8,165.0,0.1499
7471,3.2,165.0,0.1306
7472,2.1,128.0,0.11720000000000001
7474,1.7,115.0,0.1005
7475,1.4,120.0,0.0913
7476,1.2,106.0,0.0922
7477,1.4,118.0,0.10260000000000001
7478,1.4,156.0,0.0952
7479,1.7,130.0,0.0915
7480,1.0,112.0,0.0687
7481,1.0,96.0,0.0597
7482,0.8,89.0,0.052700000000000004
7483,1.0,98.0,0.057300000000000004
7484,0.8,85.0,0.0492
7485,0.7,80.0,0.0463
7486,1.1,112.0,0.0565
7487,1.1,121.0,0.0632
7488,1.2,132.0,0.06910000000000001
7489,2.0,160.0,0.09430000000000001
7490,2.2,167.0,0.0985
7491,1.5,157.0,0.0821
7492,1.2,130.0,0.0767
7493,1.5,145.0,0.08950000000000001
7494,1.4,133.0,0.0791
7495,1.2,110.0,0.077
7496,1.0,100.0,0.0839
7498,0.7,79.0,0.07200000000000001
7499,0.5,79.0,0.0682
7500,0.7,90.0,0.0723
7501,1.0,95.0,0.0813
7502,3.0,169.0,0.1365
7503,4.1,199.0,0.1472
7504,3.1,186.0,0.1497
7505,3.8,208.0,0.1626
7506,2.7,178.0,0.1476
7507,3.1,176.0,0.1531
7508,3.1,177.0,0.15030000000000002
7509,3.2,182.0,0.14880000000000002
7510,3.3,182.0,0.14350000000000002
7511,4.0,193.0,0.17250000000000001
7512,8.6,272.0,0.2331
7513,8.7,225.0,0.23120000000000002
7514,3.6,181.0,0.1699
7515,3.0,172.0,0.1587
7516,1.9,153.0,0.139
7517,1.9,143.0,0.13470000000000001
7518,1.6,142.0,0.1268
7519,1.4,131.0,0.1155
7520,1.0,105.0,0.1024
7523,0.8,87.0,0.09280000000000001
7524,0.9,106.0,0.1028
7525,1.5,140.0,0.12100000000000001
7526,3.1,167.0,0.1531
7527,5.1,175.0,0.17450000000000002
7528,5.8,235.0,0.19740000000000002
7529,3.8,196.0,0.1806
7530,4.4,211.0,0.1985
7531,4.9,234.0,0.2068
7532,5.2,240.0,0.2087
7533,4.6,243.0,0.19940000000000002
7534,4.8,224.0,0.1971
7535,4.9,240.0,0.19410000000000002
7536,4.9,215.0,0.19690000000000002
7537,5.5,216.0,0.18130000000000002
7538,4.2,184.0,0.16770000000000002
7539,1.5,152.0,0.11180000000000001
7540,0.1,104.0,0.0828
7541,0.2,104.0,0.0867
7542,0.9,124.0,0.0974
7543,1.0,127.0,0.0975
7544,0.4,109.0,0.0902
7549,0.1,89.0,0.07300000000000001
7550,0.7,128.0,0.0974
7551,1.2,152.0,0.09580000000000001
7552,0.2,128.0,0.0713
7555,0.3,110.0,0.0661
7556,0.6,128.0,0.08560000000000001
7557,0.2,114.0,0.0639
7558,0.2,110.0,0.06470000000000001
7559,0.7,112.0,0.0646
7560,1.8,130.0,0.08460000000000001
7561,2.2,135.0,0.0857
7562,2.3,141.0,0.0942
7563,2.6,141.0,0.0945
7564,1.1,95.0,0.0562
7565,1.2,97.0,0.06570000000000001
7566,1.8,112.0,0.0723
7567,1.1,74.0,0.0555
7568,0.9,62.0,0.0472
7570,0.6,40.0,0.0412
7571,0.6,45.0,0.0453
7572,0.9,93.0,0.0702
7573,1.0,104.0,0.07200000000000001
7574,3.4,162.0,0.1311
7575,4.2,169.0,0.1444
7576,4.4,190.0,0.1613
7577,2.9,170.0,0.1388
7578,2.6,151.0,0.1379
7579,2.6,150.0,0.12890000000000001
7580,3.0,154.0,0.128
7581,2.3,140.0,0.10590000000000001
7582,3.0,167.0,0.12990000000000002
7583,4.5,204.0,0.1638
7584,6.0,210.0,0.19460000000000002
7585,4.3,182.0,0.17980000000000002
7586,3.4,165.0,0.16090000000000002
7587,2.8,150.0,0.1531
7588,2.1,132.0,0.1338
7589,1.7,120.0,0.1274
7590,1.8,119.0,0.12000000000000001
7591,1.6,110.0,0.1143
7592,1.4,94.0,0.1048
7595,1.3,117.0,0.1368
7596,1.6,121.0,0.154
7597,2.4,138.0,0.1575
7598,4.5,174.0,0.18560000000000001
7599,5.7,179.0,0.2086
7600,4.3,175.0,0.1948
7601,4.2,183.0,0.20220000000000002
7602,4.5,189.0,0.2104
7603,5.0,198.0,0.2195
7604,2.9,142.0,0.1845
7605,3.0,139.0,0.1947
7606,3.3,99.0,0.21710000000000002
7607,1.4,135.0,0.192
7608,2.3,223.0,0.1835
7609,1.6,194.0,0.19190000000000002
7610,4.9,244.0,0.22540000000000002
7611,6.4,243.0,0.221
7612,3.5,230.0,0.1961
7613,1.7,207.0,0.1791
7614,2.6,223.0,0.17250000000000001
7615,1.6,216.0,0.1553
7616,1.5,198.0,0.1506
7618,0.5,126.0,0.13
7619,0.9,144.0,0.1383
7620,0.4,183.0,0.1413
7621,0.5,193.0,0.1471
7622,0.8,196.0,0.16190000000000002
7623,1.4,208.0,0.1673
7624,1.6,217.0,0.18810000000000002
7625,1.5,246.0,0.1877
7626,1.0,204.0,0.18180000000000002
7627,1.0,192.0,0.1699
7628,1.3,186.0,0.16770000000000002
7629,0.1,133.0,0.10880000000000001
7632,0.1,148.0,0.1066
7633,0.4,167.0,0.1241
7634,0.7,175.0,0.12200000000000001
7635,2.7,224.0,0.1613
7636,2.1,215.0,0.1577
7637,1.3,196.0,0.1569
7638,0.8,195.0,0.14450000000000002
7664,0.1,136.0,0.0983
7667,0.3,40.0,0.039
7668,0.5,67.0,0.047900000000000005
7669,0.6,104.0,0.0732
7670,1.8,169.0,0.1149
7671,2.0,203.0,0.1136
7672,1.4,183.0,0.09340000000000001
7673,0.6,151.0,0.0845
7674,0.5,138.0,0.08080000000000001
7675,0.7,127.0,0.07830000000000001
7677,1.1,148.0,0.08990000000000001
7678,1.3,172.0,0.0922
7679,1.0,163.0,0.0951
7680,1.5,180.0,0.1051
7681,1.5,169.0,0.09670000000000001
7682,1.2,152.0,0.08610000000000001
7683,0.3,107.0,0.0631
7694,0.2,115.0,0.0476
7695,0.7,157.0,0.0704
7696,0.5,147.0,0.07350000000000001
7697,0.4,188.0,0.07350000000000001
7698,0.3,126.0,0.0653
7699,0.3,114.0,0.0603
7700,0.4,123.0,0.0645
7701,0.2,107.0,0.056400000000000006
7702,0.4,121.0,0.0614
7703,0.4,118.0,0.0658
7704,0.7,134.0,0.0719
7705,1.0,142.0,0.0772
7706,1.1,133.0,0.08120000000000001
7707,0.3,106.0,0.058300000000000005
7708,0.1,87.0,0.049100000000000005
7718,0.3,136.0,0.0519
7719,0.6,163.0,0.06810000000000001
7720,0.3,143.0,0.058300000000000005
7721,0.1,134.0,0.06280000000000001
7722,0.1,130.0,0.056600000000000004
7723,0.2,122.0,0.0572
7724,0.5,129.0,0.0637
7725,0.3,132.0,0.0579
7726,0.3,133.0,0.0666
7727,0.3,126.0,0.0707
7728,1.0,177.0,0.099
7729,1.4,185.0,0.10260000000000001
7730,1.4,169.0,0.091
7731,1.1,151.0,0.0897
7732,0.4,114.0,0.0651
7733,0.2,90.0,0.059800000000000006
7734,0.2,87.0,0.056
7735,0.2,83.0,0.052700000000000004
7736,0.2,74.0,0.0574
7739,0.4,26.0,0.031200000000000002
7740,0.5,61.0,0.038200000000000005
7741,0.7,91.0,0.0488
7742,1.9,184.0,0.0915
7743,2.4,204.0,0.10210000000000001
7744,2.0,185.0,0.0897
7745,1.3,125.0,0.0699
7746,1.0,104.0,0.058800000000000005
7747,1.2,115.0,0.06430000000000001
7748,1.5,126.0,0.0685
7749,1.3,125.0,0.0673
7750,1.5,139.0,0.06910000000000001
7751,1.5,142.0,0.0726
7752,2.1,170.0,0.0912
7753,2.6,195.0,0.1048
7754,3.0,202.0,0.1136
7755,2.0,168.0,0.09090000000000001
7756,1.4,128.0,0.0719
7757,1.3,115.0,0.0746
7758,1.2,111.0,0.07
7759,1.1,97.0,0.0579
7760,0.9,77.0,0.0553
7762,0.6,51.0,0.046700000000000005
7763,0.5,49.0,0.0422
7764,0.6,79.0,0.0545
7765,0.7,92.0,0.055600000000000004
7766,1.6,167.0,0.0879
7767,2.2,206.0,0.0993
7768,1.8,184.0,0.0892
7769,1.5,176.0,0.0901
7770,1.8,191.0,0.0874
7771,1.4,147.0,0.0722
7772,2.1,174.0,0.08360000000000001
7773,1.6,167.0,0.0669
7774,1.3,138.0,0.060000000000000005
7784,0.7,60.0,0.0376
7786,0.5,34.0,0.033
7787,0.5,31.0,0.032100000000000004
7788,0.4,37.0,0.0334
7789,0.5,58.0,0.0395
7790,0.8,92.0,0.0473
7791,1.1,110.0,0.0553
7792,1.1,101.0,0.0545
7793,1.1,96.0,0.054700000000000006
7794,1.1,102.0,0.052700000000000004
7795,1.1,96.0,0.0505
7796,1.2,102.0,0.055
7797,1.0,88.0,0.0465
7798,1.2,87.0,0.046700000000000005
7799,1.3,115.0,0.0555
7800,1.4,118.0,0.0551
7801,1.3,134.0,0.056900000000000006
7802,1.4,125.0,0.0594
7803,1.5,140.0,0.059800000000000006
7804,1.0,83.0,0.0434
7805,1.0,73.0,0.0412
7806,1.1,92.0,0.046900000000000004
7807,1.3,109.0,0.051500000000000004
7808,1.0,82.0,0.043000000000000003
7811,0.6,50.0,0.0368
7812,0.5,44.0,0.034800000000000005
7813,0.4,49.0,0.0354
7814,0.5,62.0,0.038200000000000005
7815,0.7,85.0,0.045000000000000005
7816,0.8,82.0,0.046
7817,0.8,77.0,0.0441
7818,1.0,92.0,0.0454
7819,0.9,95.0,0.0415
7820,0.9,95.0,0.0419
7821,0.9,76.0,0.0368
7822,1.0,95.0,0.0397
7823,1.0,118.0,0.051000000000000004
7824,1.1,123.0,0.0473
7825,1.2,140.0,0.053700000000000005
7826,1.6,163.0,0.067
7827,1.7,164.0,0.0711
7828,1.1,120.0,0.0551
7829,1.3,130.0,0.067
7830,1.7,145.0,0.0771
7831,1.5,126.0,0.058600000000000006
7832,0.8,61.0,0.035500000000000004
7834,0.4,37.0,0.0292
7835,0.4,37.0,0.029300000000000003
7836,0.4,50.0,0.0328
7837,0.7,109.0,0.047900000000000005
7838,1.8,198.0,0.0979
7840,3.5,283.0,0.16670000000000001
7841,2.8,256.0,0.1378
7842,3.1,261.0,0.1426
7843,2.5,181.0,0.1246
7844,2.7,194.0,0.1187
7845,2.9,214.0,0.1363
7846,3.2,204.0,0.14250000000000002
7847,4.1,228.0,0.17220000000000002
7848,6.1,270.0,0.2051
7849,6.8,285.0,0.2179
7850,6.8,282.0,0.2214
7851,3.7,235.0,0.1799
7852,2.1,208.0,0.1527
7853,1.4,161.0,0.13770000000000002
7854,1.3,146.0,0.1317
7855,1.1,123.0,0.1228
7856,1.0,109.0,0.12010000000000001
7858,0.8,115.0,0.12040000000000001
7859,0.9,114.0,0.1216
7860,1.1,122.0,0.1198
7861,1.6,149.0,0.1381
7862,3.7,187.0,0.18730000000000002
7863,4.8,198.0,0.2112
7864,4.1,196.0,0.2038
7865,4.5,218.0,0.21180000000000002
7866,4.5,227.0,0.21100000000000002
7867,3.7,181.0,0.1965
7868,4.2,179.0,0.1888
7869,3.3,151.0,0.1774
7870,3.2,162.0,0.1626
7871,3.6,165.0,0.1761
7872,3.5,173.0,0.15330000000000002
7873,4.1,188.0,0.1531
7874,4.0,186.0,0.1477
7875,3.3,172.0,0.1332
7876,3.0,150.0,0.12100000000000001
7877,2.6,137.0,0.11670000000000001
7878,2.6,133.0,0.11330000000000001
7879,2.6,122.0,0.1109
7880,2.9,130.0,0.1218
7882,2.5,121.0,0.1149
7883,2.0,115.0,0.109
7884,2.2,125.0,0.1114
7885,2.4,136.0,0.10890000000000001
7886,4.0,174.0,0.1446
7887,6.7,224.0,0.193
7888,5.6,230.0,0.1809
7889,4.3,205.0,0.1769
7890,4.0,204.0,0.1696
7891,2.6,139.0,0.1086
7892,2.2,133.0,0.1048
7893,1.9,127.0,0.099
7894,1.8,124.0,0.1027
7895,3.1,158.0,0.1359
7896,4.8,171.0,0.1618
7897,5.8,193.0,0.1869
7898,5.9,195.0,0.2033
7899,4.1,212.0,0.1756
7900,1.8,193.0,0.1446
7901,1.7,167.0,0.1423
7902,1.7,156.0,0.1278
7903,1.5,153.0,0.1265
7904,1.1,128.0,0.1107
7907,0.3,105.0,0.10060000000000001
7908,0.4,130.0,0.101
7909,0.6,134.0,0.1067
7910,3.0,275.0,0.163
7911,5.6,309.0,0.203
7912,4.9,322.0,0.19160000000000002
7913,3.5,333.0,0.1761
7914,2.2,235.0,0.1597
7915,2.7,241.0,0.1776
7916,2.7,214.0,0.1636
7917,2.1,174.0,0.14800000000000002
7918,2.0,157.0,0.1413
7919,2.4,170.0,0.16110000000000002
7920,6.7,212.0,0.21860000000000002
7921,6.4,249.0,0.22030000000000002
7922,3.9,231.0,0.18910000000000002
7923,2.7,216.0,0.16620000000000001
7924,3.0,217.0,0.16740000000000002
7925,2.1,203.0,0.1462
7926,1.2,161.0,0.1273
7927,1.2,147.0,0.1174
7928,0.7,111.0,0.10310000000000001
7930,0.8,115.0,0.09910000000000001
7931,0.4,80.0,0.0925
7932,0.7,122.0,0.1017
7933,1.4,186.0,0.1187
7934,4.0,306.0,0.1638
7935,3.9,301.0,0.16720000000000002
7936,3.1,274.0,0.1656
7937,3.2,247.0,0.1641
7938,1.5,169.0,0.11170000000000001
7939,1.2,138.0,0.0901
7940,1.9,149.0,0.1046
7941,1.5,165.0,0.0884
7942,1.4,156.0,0.0821
7943,1.9,184.0,0.1056
7944,2.2,197.0,0.1139
7945,3.0,204.0,0.12480000000000001
7946,2.6,207.0,0.12000000000000001
7947,2.8,208.0,0.12200000000000001
7948,1.6,174.0,0.1032
7949,1.3,157.0,0.0971
7950,1.6,166.0,0.10110000000000001
7951,1.5,167.0,0.10490000000000001
7952,1.3,154.0,0.1053
7954,2.0,164.0,0.1163
7955,1.3,149.0,0.1018
7956,0.9,150.0,0.1121
7957,1.4,205.0,0.12000000000000001
7958,3.1,283.0,0.1403
7959,4.1,310.0,0.1365
7960,1.3,200.0,0.094
7961,0.9,147.0,0.075
7962,1.0,128.0,0.06520000000000001
7963,1.0,121.0,0.06430000000000001
7964,1.1,129.0,0.0629
7965,0.8,110.0,0.054900000000000004
7966,1.0,126.0,0.057800000000000004
7967,0.9,121.0,0.0582
7968,0.9,142.0,0.0694
7969,1.6,174.0,0.0926
7970,1.4,168.0,0.0915
7971,1.4,180.0,0.09860000000000001
7972,1.1,157.0,0.084
7973,1.2,162.0,0.09390000000000001
7974,1.8,173.0,0.0869
7975,1.4,176.0,0.0908
7976,1.4,172.0,0.1051
7979,0.8,88.0,0.07930000000000001
7980,0.7,85.0,0.0753
7981,0.7,88.0,0.0737
7982,0.6,94.0,0.0722
7983,0.8,115.0,0.0737
7984,1.3,137.0,0.0913
7985,2.0,212.0,0.11170000000000001
7986,1.7,173.0,0.07740000000000001
7987,1.2,135.0,0.0558
7988,1.0,100.0,0.042
7989,0.8,78.0,0.0363
7990,1.0,100.0,0.041
7991,1.4,150.0,0.0568
7992,1.1,142.0,0.057
7993,1.6,165.0,0.07740000000000001
7994,1.8,179.0,0.0857
7995,1.4,149.0,0.0737
7996,1.1,126.0,0.061000000000000006
7997,1.0,120.0,0.0627
7998,1.1,110.0,0.056600000000000004
7999,1.0,92.0,0.0517
8000,0.8,78.0,0.048400000000000006
8002,0.6,65.0,0.049600000000000005
8003,0.6,73.0,0.0623
8004,0.6,85.0,0.06960000000000001
8005,0.8,133.0,0.0916
8006,2.3,246.0,0.13090000000000002
8007,2.8,281.0,0.1396
8008,2.1,222.0,0.1226
8009,1.7,182.0,0.10020000000000001
8010,1.4,154.0,0.07690000000000001
8011,1.6,168.0,0.0784
8012,1.4,149.0,0.06430000000000001
8013,1.3,156.0,0.0682
8014,1.4,156.0,0.0692
8015,1.7,187.0,0.0926
8016,1.9,194.0,0.09960000000000001
8017,2.3,204.0,0.1095
8018,2.0,174.0,0.1058
8019,1.6,154.0,0.0893
8020,1.0,117.0,0.06810000000000001
8021,0.9,98.0,0.0599
8022,0.9,90.0,0.055
8023,0.9,74.0,0.047
8024,0.5,49.0,0.0375
8026,0.5,54.0,0.0451
8027,0.6,69.0,0.060000000000000005
8028,0.6,92.0,0.0712
8029,1.0,146.0,0.0931
8030,2.1,224.0,0.1332
8031,2.9,253.0,0.152
8032,2.2,225.0,0.1223
8033,1.6,180.0,0.11220000000000001
8034,1.8,194.0,0.10990000000000001
8035,1.5,158.0,0.09040000000000001
8036,2.2,184.0,0.1022
8037,1.6,165.0,0.0719
8038,1.5,156.0,0.0609
8115,4.0,207.0,0.2141
8116,4.0,213.0,0.2023
8117,3.6,192.0,0.1967
8118,4.2,211.0,0.19310000000000002
8119,4.3,229.0,0.1889
8120,3.6,216.0,0.1699
8123,1.4,136.0,0.1371
8124,1.4,156.0,0.1427
8125,1.6,176.0,0.1489
8126,2.3,224.0,0.161
8127,2.4,207.0,0.16190000000000002
8128,2.7,221.0,0.1706
8129,3.4,229.0,0.1882
8130,3.1,208.0,0.19110000000000002
8131,3.6,207.0,0.1943
8132,3.8,216.0,0.202
8133,3.3,224.0,0.19990000000000002
8134,3.4,225.0,0.2008
8135,3.7,227.0,0.2026
8136,4.6,248.0,0.2225
8137,5.0,251.0,0.23170000000000002
8138,5.7,265.0,0.2426
8139,5.2,262.0,0.23550000000000001
8140,5.0,241.0,0.23750000000000002
8141,4.5,231.0,0.2494
8142,4.1,229.0,0.2411
8143,4.1,221.0,0.22260000000000002
8144,3.1,180.0,0.18080000000000002
8146,2.8,140.0,0.15480000000000002
8147,2.9,153.0,0.15410000000000001
8148,2.6,150.0,0.1441
8149,2.6,145.0,0.1396
8150,2.8,149.0,0.1411
8151,3.3,155.0,0.1497
8152,3.2,158.0,0.16190000000000002
8153,3.3,188.0,0.159
8154,1.5,154.0,0.1163
8155,1.2,107.0,0.10010000000000001
8156,1.1,92.0,0.08220000000000001
8157,1.7,106.0,0.07730000000000001
8158,1.0,90.0,0.058800000000000005
8159,1.0,100.0,0.061000000000000006
8160,2.6,132.0,0.1
8161,2.5,211.0,0.1048
8162,2.1,179.0,0.10020000000000001
8163,1.0,116.0,0.0711
8164,1.3,143.0,0.1024
8165,1.5,142.0,0.10540000000000001
8166,1.4,135.0,0.0994
8167,1.6,136.0,0.10310000000000001
8168,1.1,109.0,0.0884
8170,0.5,62.0,0.0688
8171,0.4,49.0,0.061700000000000005
8172,0.7,81.0,0.0818
8173,0.7,104.0,0.069
8174,2.3,176.0,0.1291
8175,2.5,193.0,0.12000000000000001
8176,1.7,168.0,0.11270000000000001
8177,2.5,123.0,0.1582
8178,2.1,111.0,0.07
8179,1.1,120.0,0.0693
8180,1.3,123.0,0.0709
8181,1.1,115.0,0.0671
8182,1.1,120.0,0.0632
8183,1.4,140.0,0.0716
8184,2.3,185.0,0.10590000000000001
8185,4.2,212.0,0.13290000000000002
8186,3.5,200.0,0.11960000000000001
8187,3.0,191.0,0.1131
8188,1.7,169.0,0.09770000000000001
8189,1.6,139.0,0.09630000000000001
8190,1.0,102.0,0.058100000000000006
8191,0.8,76.0,0.0432
8192,0.6,56.0,0.0352
8195,0.3,28.0,0.0296
8196,0.4,56.0,0.0385
8197,0.5,94.0,0.058600000000000006
8198,1.5,196.0,0.09870000000000001
8199,2.1,220.0,0.10350000000000001
8200,1.6,168.0,0.0782
8201,1.0,133.0,0.0511
8202,1.2,134.0,0.056600000000000004
8203,1.3,138.0,0.06420000000000001
8204,1.4,135.0,0.0591
8205,1.0,111.0,0.0461
8206,1.4,124.0,0.0609
8207,1.5,158.0,0.0821
8208,2.4,181.0,0.1163
8209,2.8,185.0,0.1405
8210,3.1,187.0,0.1405
8211,3.1,196.0,0.1429
8212,2.0,174.0,0.12840000000000001
8213,2.1,182.0,0.1409
8214,1.9,182.0,0.1376
8215,2.5,193.0,0.1421
8216,2.0,174.0,0.1356
8218,1.1,142.0,0.1202
8219,0.8,137.0,0.1206
8220,0.9,140.0,0.1305
8221,1.6,201.0,0.14850000000000002
8222,3.6,288.0,0.1643
8223,3.3,260.0,0.1459
8224,2.1,206.0,0.11520000000000001
8225,1.3,98.0,0.08850000000000001
8226,1.1,138.0,0.077
8227,1.5,139.0,0.0852
8228,1.5,137.0,0.083
8229,1.6,155.0,0.0867
8230,1.5,155.0,0.0881
8231,1.6,148.0,0.0975
8232,2.2,153.0,0.1136
8233,3.4,171.0,0.1434
8234,5.6,227.0,0.1746
8235,5.2,251.0,0.1592
8236,2.8,216.0,0.1341
8237,2.4,200.0,0.1208
8238,2.7,192.0,0.13340000000000002
8239,2.6,187.0,0.1208
8240,2.3,173.0,0.11960000000000001
8242,0.6,64.0,0.0656
8243,0.5,46.0,0.0478
8244,0.5,51.0,0.0489
8245,1.0,115.0,0.0893
8246,2.6,238.0,0.1322
8247,2.7,202.0,0.128
8248,1.8,167.0,0.09430000000000001
8249,1.2,139.0,0.0772
8250,1.3,147.0,0.0826
8251,1.4,130.0,0.08080000000000001
8252,1.8,143.0,0.0901
8253,1.3,143.0,0.0763
8254,1.4,136.0,0.0722
8255,1.4,143.0,0.07350000000000001
8256,2.4,177.0,0.1047
8257,2.8,198.0,0.1163
8258,3.3,200.0,0.12440000000000001
8259,2.5,191.0,0.10250000000000001
8260,2.1,169.0,0.09820000000000001
8261,1.2,106.0,0.060700000000000004
8262,1.2,105.0,0.0616
8263,1.3,130.0,0.0654
8264,1.0,82.0,0.047900000000000005
8267,0.4,35.0,0.035
8268,0.5,60.0,0.0438
8269,0.7,90.0,0.057800000000000004
8270,2.1,205.0,0.114
8271,2.5,199.0,0.1203
8272,2.0,153.0,0.1
8273,1.4,163.0,0.0806
8274,1.3,152.0,0.0724
8275,1.4,146.0,0.069
8276,1.6,146.0,0.0757
8277,1.7,134.0,0.0818
8278,1.8,164.0,0.0936
8279,2.4,141.0,0.11330000000000001
8280,2.8,204.0,0.1298
8281,3.3,210.0,0.13870000000000002
8282,4.8,250.0,0.1502
8283,2.8,202.0,0.1273
8284,2.4,190.0,0.12710000000000002
8285,2.9,236.0,0.1464
8286,2.7,250.0,0.1384
8287,2.1,219.0,0.12810000000000002
8288,1.5,156.0,0.10830000000000001
8290,0.9,98.0,0.0911
8291,0.8,89.0,0.0893
8292,0.8,104.0,0.08940000000000001
8293,1.1,148.0,0.1018
8294,1.9,194.0,0.11910000000000001
8295,2.5,231.0,0.1285
8296,2.2,200.0,0.12190000000000001
8297,2.1,217.0,0.137
8298,2.3,210.0,0.1317
8299,1.2,126.0,0.0818
8300,1.2,118.0,0.0683
8301,1.1,114.0,0.057300000000000004
8302,1.1,117.0,0.059500000000000004
8303,1.4,140.0,0.07740000000000001
8304,1.7,168.0,0.10590000000000001
8305,2.5,202.0,0.1326
8306,2.7,211.0,0.1494
8307,3.1,231.0,0.1559
8308,2.8,214.0,0.1575
8309,1.9,181.0,0.1447
8310,1.9,173.0,0.13670000000000002
8311,1.7,169.0,0.12300000000000001
8312,2.2,174.0,0.1396
8314,1.5,130.0,0.1009
8315,0.8,72.0,0.0572
8316,0.5,40.0,0.042
8317,0.5,56.0,0.0453
8318,0.7,81.0,0.052000000000000005
8319,0.7,81.0,0.0531
8320,0.9,88.0,0.0579
8321,1.0,94.0,0.057
8322,1.1,97.0,0.057100000000000005
8323,1.1,112.0,0.0582
8324,1.0,104.0,0.0551
8325,1.1,107.0,0.0634
8326,1.3,114.0,0.06330000000000001
8327,1.2,115.0,0.0613
8328,1.3,127.0,0.0702
8329,1.1,119.0,0.0649
8330,1.5,149.0,0.08410000000000001
8331,1.4,140.0,0.0795
8332,1.1,105.0,0.06380000000000001
8333,1.3,116.0,0.0663
8334,1.4,112.0,0.061000000000000006
8335,1.1,80.0,0.048
8336,0.8,59.0,0.040400000000000005
8339,0.5,49.0,0.039900000000000005
8340,0.6,63.0,0.046400000000000004
8341,1.2,123.0,0.0699
8342,2.2,164.0,0.10060000000000001
8343,2.9,218.0,0.1206
8344,2.9,254.0,0.11220000000000001
8345,2.0,210.0,0.10690000000000001
8346,1.7,208.0,0.1062
8347,2.2,204.0,0.11620000000000001
8348,1.8,172.0,0.101
8349,1.6,157.0,0.0931
8350,1.9,181.0,0.10250000000000001
8351,2.2,194.0,0.111
8352,2.2,193.0,0.0979
8353,4.9,252.0,0.1409
8354,6.3,283.0,0.1438
8355,2.7,208.0,0.10830000000000001
8356,1.4,143.0,0.0916
8357,1.2,124.0,0.0825
8358,0.8,89.0,0.0704
8359,0.8,85.0,0.0668
8360,0.7,66.0,0.0512
8362,0.4,46.0,0.037700000000000004
8363,0.5,60.0,0.046700000000000005
8364,0.9,117.0,0.06910000000000001
8365,1.5,178.0,0.0981
8366,3.8,295.0,0.1369
8367,5.4,243.0,0.1589
8368,3.5,255.0,0.137
8369,1.7,201.0,0.1005
8370,2.0,208.0,0.1105
8371,2.1,212.0,0.11420000000000001
8372,3.0,238.0,0.1105
8373,2.1,201.0,0.0917
8374,2.5,218.0,0.10500000000000001
8375,2.2,222.0,0.0848
8376,2.4,206.0,0.0952
8377,3.6,251.0,0.10590000000000001
8378,2.6,190.0,0.07200000000000001
8379,2.7,218.0,0.0981
8380,1.4,150.0,0.0648
8381,0.9,111.0,0.0611
8382,1.5,142.0,0.07730000000000001
8383,1.1,119.0,0.0703
8384,0.8,87.0,0.056
8386,0.6,70.0,0.0575
8387,0.6,68.0,0.0478
8388,0.6,66.0,0.0442
8389,0.7,117.0,0.060200000000000004
8390,1.7,197.0,0.0936
8391,1.9,198.0,0.08700000000000001
8392,1.4,167.0,0.0688
8393,1.3,180.0,0.07060000000000001
8394,1.2,169.0,0.0756
8395,1.9,210.0,0.0974
8396,2.5,232.0,0.1121
8397,2.3,223.0,0.10640000000000001
8398,2.3,224.0,0.1076
8399,2.5,238.0,0.109
8400,2.8,249.0,0.1119
8401,2.7,223.0,0.11810000000000001
8402,3.1,244.0,0.124
8403,2.9,243.0,0.1254
8404,2.6,226.0,0.1192
8405,1.5,167.0,0.10200000000000001
8406,1.6,172.0,0.0916
8407,1.1,120.0,0.07980000000000001
8408,0.9,100.0,0.0762
8411,0.6,81.0,0.0606
8412,0.8,131.0,0.07880000000000001
8413,1.5,170.0,0.0947
8414,3.1,267.0,0.1254
8415,3.8,269.0,0.13520000000000001
8416,2.7,244.0,0.1165
8417,1.8,232.0,0.10250000000000001
8418,1.4,196.0,0.0941
8419,1.7,195.0,0.1
8420,1.9,189.0,0.09620000000000001
8421,2.2,212.0,0.12140000000000001
8422,3.0,267.0,0.1428
8423,3.0,262.0,0.1484
8424,3.9,270.0,0.1658
8425,4.0,260.0,0.1632
8426,3.9,265.0,0.1628
8427,3.5,262.0,0.1481
8428,2.4,227.0,0.12050000000000001
8429,2.1,192.0,0.1106
8430,2.5,202.0,0.1106
8431,2.1,189.0,0.1092
8432,1.5,157.0,0.0984
8434,1.0,97.0,0.0848
8435,0.8,100.0,0.0771
8436,1.0,146.0,0.08950000000000001
8437,1.4,175.0,0.1003
8440,4.2,190.0,0.16060000000000002
8441,3.3,166.0,0.13540000000000002
8442,1.7,153.0,0.09140000000000001
8443,2.1,167.0,0.0913
8444,2.2,137.0,0.0847
8445,1.8,140.0,0.07780000000000001
8446,2.0,150.0,0.0835
8447,2.3,152.0,0.0903
8448,2.8,177.0,0.11570000000000001
8449,3.4,189.0,0.1237
8450,4.0,195.0,0.1253
8451,2.3,179.0,0.113
8452,2.7,188.0,0.1373
8453,2.7,170.0,0.1338
8454,2.8,161.0,0.1268
8455,2.1,145.0,0.1125
8456,1.9,136.0,0.10540000000000001
8458,1.7,122.0,0.1029
8459,1.3,115.0,0.0882
8460,0.9,103.0,0.0717
8461,1.0,108.0,0.0599
8462,1.0,124.0,0.0687
8463,1.5,133.0,0.07060000000000001
8464,1.5,124.0,0.0682
8465,1.4,116.0,0.0629
8466,2.4,113.0,0.0664
8467,2.8,117.0,0.0664
8468,2.9,118.0,0.063
8469,2.6,108.0,0.0524
8470,2.5,98.0,0.0488
8471,2.7,117.0,0.0609
8472,2.8,126.0,0.0684
8473,3.0,142.0,0.07880000000000001
8474,3.7,157.0,0.10300000000000001
8475,3.5,161.0,0.10260000000000001
8476,3.8,169.0,0.1182
8477,4.3,166.0,0.12840000000000001
8478,4.8,189.0,0.1371
8479,4.2,184.0,0.12340000000000001
8480,3.3,145.0,0.10600000000000001
8483,1.0,87.0,0.0751
8484,0.9,77.0,0.0742
8485,1.1,112.0,0.0879
8486,1.1,118.0,0.08710000000000001
8487,1.2,124.0,0.08900000000000001
8488,1.7,144.0,0.10590000000000001
8489,1.6,128.0,0.08080000000000001
8490,1.4,120.0,0.0616
8491,1.8,131.0,0.0609
8492,1.1,115.0,0.0471
8493,0.9,82.0,0.0391
8494,1.1,100.0,0.0398
8495,1.1,111.0,0.0419
8496,1.2,132.0,0.0509
8497,1.6,155.0,0.0723
8498,2.6,181.0,0.0888
8499,1.5,155.0,0.0596
8500,1.0,105.0,0.0451
8501,1.3,119.0,0.058100000000000006
8502,1.6,150.0,0.0698
8503,1.0,94.0,0.042300000000000004
8504,0.6,56.0,0.0332
8506,0.3,28.0,0.0261
8507,0.3,25.0,0.0252
8508,0.3,31.0,0.0257
8509,0.4,66.0,0.0308
8510,1.0,111.0,0.0456
8511,1.2,122.0,0.052700000000000004
8512,1.0,115.0,0.0475
8513,0.9,123.0,0.0434
8514,0.8,119.0,0.0385
8515,1.1,125.0,0.043500000000000004
8516,1.0,110.0,0.042100000000000005
8517,0.8,111.0,0.0371
8518,0.9,114.0,0.038200000000000005
8519,0.9,114.0,0.0408
8520,2.0,140.0,0.06760000000000001
8521,2.4,141.0,0.07980000000000001
8522,2.5,142.0,0.07930000000000001
8523,1.6,123.0,0.057300000000000004
8524,0.9,90.0,0.0402
8525,0.7,79.0,0.034300000000000004
8526,0.6,69.0,0.0322
8527,0.6,60.0,0.0307
8528,0.4,37.0,0.0268
8530,0.2,27.0,0.0221
8531,0.2,30.0,0.022500000000000003
8532,0.2,33.0,0.023200000000000002
8533,0.5,84.0,0.0313
8534,1.5,147.0,0.0629
8535,1.9,143.0,0.079
8536,1.4,122.0,0.063
8537,0.9,109.0,0.0472
8538,0.7,95.0,0.0378
8539,0.8,94.0,0.038400000000000004
8540,1.0,102.0,0.0426
8541,0.9,107.0,0.0442
8542,1.0,113.0,0.046700000000000005
8543,0.9,110.0,0.0448
8544,1.4,116.0,0.0582
8545,2.1,148.0,0.0892
8546,2.8,156.0,0.10060000000000001
8547,2.2,159.0,0.0852
8548,1.0,116.0,0.0543
8549,1.1,110.0,0.0529
8550,0.9,102.0,0.0465
8551,0.8,93.0,0.0405
8552,0.6,67.0,0.0332
8555,0.4,73.0,0.063
8556,0.5,96.0,0.07680000000000001
8557,0.7,110.0,0.08660000000000001
8558,2.4,150.0,0.1254
8559,2.8,169.0,0.13470000000000001
8560,2.0,181.0,0.1216
8561,2.2,187.0,0.11510000000000001
8562,1.4,146.0,0.0699
8563,1.2,131.0,0.0584
8564,1.9,161.0,0.08360000000000001
8565,1.3,143.0,0.0626
8566,2.0,176.0,0.0878
8567,2.0,178.0,0.0952
8568,3.4,207.0,0.14600000000000002
8569,5.1,240.0,0.1855
8570,5.3,236.0,0.186
8571,2.8,199.0,0.16290000000000002
8572,1.6,170.0,0.1454
8573,1.4,153.0,0.1348
8574,1.4,140.0,0.1326
8575,1.4,138.0,0.1285
8576,1.1,117.0,0.12050000000000001
8578,1.0,119.0,0.1448
8579,1.0,108.0,0.1433
8580,1.2,121.0,0.1447
8581,1.4,136.0,0.1481
8582,3.0,175.0,0.17850000000000002
8583,4.2,211.0,0.1756
8584,2.1,186.0,0.1368
8585,2.0,177.0,0.1197
8586,1.6,147.0,0.10840000000000001
8587,1.4,150.0,0.1039
8588,1.6,148.0,0.0961
8589,1.5,151.0,0.0964
8590,1.7,151.0,0.0941
8591,1.9,165.0,0.1111
8592,3.8,197.0,0.1459
8593,5.4,228.0,0.1519
8594,4.2,196.0,0.14120000000000002
8595,3.8,192.0,0.1336
8596,2.3,161.0,0.1285
8597,2.1,156.0,0.124
8598,2.3,158.0,0.1282
8599,2.3,154.0,0.1189
8600,1.7,138.0,0.11170000000000001
8602,0.6,92.0,0.07440000000000001
8603,0.9,103.0,0.09280000000000001
8604,1.1,117.0,0.10060000000000001
8605,1.9,139.0,0.1173
8606,3.7,167.0,0.1568
8607,6.1,205.0,0.1913
8608,4.6,216.0,0.1643
8609,3.3,192.0,0.1605
8610,3.3,188.0,0.1668
8611,3.4,189.0,0.171
8612,3.6,192.0,0.1632
8613,3.9,194.0,0.1545
8614,4.8,217.0,0.1557
8615,3.9,178.0,0.1529
8616,3.6,183.0,0.14300000000000002
8617,3.6,189.0,0.1509
8618,4.6,225.0,0.1615
8619,2.3,175.0,0.1242
8620,1.6,153.0,0.10650000000000001
8621,1.8,156.0,0.11800000000000001
8622,2.2,172.0,0.1158
8623,2.1,164.0,0.1216
8624,1.7,157.0,0.0971
8627,1.1,110.0,0.0813
8628,1.1,128.0,0.10010000000000001
8629,0.8,132.0,0.0655
8630,1.3,156.0,0.09330000000000001
8631,2.3,185.0,0.10880000000000001
8632,1.1,121.0,0.0562
8633,1.1,117.0,0.058600000000000006
8634,1.5,133.0,0.061700000000000005
8635,1.6,136.0,0.07050000000000001
8636,2.2,162.0,0.0814
8637,1.5,132.0,0.061500000000000006
8638,1.8,162.0,0.0804
8639,2.0,159.0,0.08610000000000001
8640,1.9,156.0,0.098
8641,2.5,177.0,0.1077
8642,2.6,185.0,0.12140000000000001
8643,3.2,199.0,0.1169
8644,2.2,166.0,0.10790000000000001
8645,1.9,152.0,0.11470000000000001
8646,2.4,170.0,0.126
8647,1.8,160.0,0.09290000000000001
8648,0.9,100.0,0.0465
8650,0.7,57.0,0.0342
8651,0.6,48.0,0.0313
8652,0.5,32.0,0.0292
8653,0.6,72.0,0.0367
8654,0.6,86.0,0.038700000000000005
8655,0.7,79.0,0.039900000000000005
8656,0.7,87.0,0.0376
8657,0.9,85.0,0.037700000000000004
8658,1.0,97.0,0.0379
8659,1.0,96.0,0.038700000000000005
8660,1.4,113.0,0.055200000000000006
8661,3.0,163.0,0.093
8662,1.5,146.0,0.055400000000000005
8663,1.7,167.0,0.0723
8664,2.3,162.0,0.08750000000000001
8665,2.5,194.0,0.0949
8666,2.1,185.0,0.0869
8667,1.5,158.0,0.0747
8668,1.4,156.0,0.07400000000000001
8669,1.4,157.0,0.08070000000000001
8670,1.4,141.0,0.0653
8671,1.2,116.0,0.0553
8672,0.9,84.0,0.0412
8674,0.4,34.0,0.0262
8675,0.4,45.0,0.028800000000000003
8676,0.5,59.0,0.031
8677,0.7,99.0,0.041800000000000004
8678,1.5,165.0,0.07690000000000001
8679,1.9,168.0,0.0881
8680,1.6,169.0,0.0816
8681,1.4,162.0,0.0684
8682,1.3,155.0,0.0627
8683,1.3,136.0,0.0523
8684,1.2,124.0,0.0502
8685,1.3,158.0,0.0604
8686,1.4,167.0,0.0682
8687,1.7,176.0,0.08460000000000001
8688,2.5,204.0,0.1027
8689,3.8,209.0,0.1315
8690,4.2,224.0,0.1363
8691,2.8,211.0,0.1236
8692,1.5,174.0,0.1076
8693,1.8,181.0,0.12000000000000001
8694,1.5,157.0,0.1081
8695,1.5,154.0,0.1174
8696,1.2,147.0,0.1033
8699,0.7,114.0,0.0886
8700,0.7,134.0,0.0949
8701,1.3,144.0,0.1037
8702,3.4,182.0,0.15710000000000002
8703,5.5,223.0,0.1885
8704,4.1,219.0,0.1683
8705,3.0,215.0,0.14120000000000002
8706,1.9,191.0,0.10060000000000001
8707,1.8,162.0,0.0855
8708,2.1,165.0,0.0964
8709,2.3,171.0,0.0886
8710,2.3,164.0,0.0947
8711,2.0,168.0,0.0984
8712,3.1,204.0,0.14500000000000002
8713,5.1,242.0,0.1837
8714,5.9,246.0,0.1899
8715,3.2,215.0,0.16290000000000002
8716,2.4,206.0,0.149
8717,1.4,167.0,0.13190000000000002
8718,1.4,145.0,0.1247
8719,1.3,133.0,0.1144
8720,1.0,117.0,0.1014
8722,0.8,90.0,0.08750000000000001
8723,0.9,112.0,0.0971
8724,0.9,120.0,0.1048
8725,1.7,141.0,0.1223
8726,4.3,190.0,0.1756
8727,6.0,215.0,0.20140000000000002
8728,3.8,215.0,0.1855
8729,3.3,235.0,0.17950000000000002
8730,2.3,194.0,0.1575
8731,2.4,159.0,0.1461
8732,2.2,123.0,0.13140000000000002
8733,1.9,121.0,0.11470000000000001
8734,1.7,102.0,0.09480000000000001
8735,1.9,114.0,0.1252
8736,3.8,168.0,0.1676
8737,5.3,207.0,0.2056
8738,5.9,199.0,0.2088
8739,5.5,192.0,0.1945
8740,2.0,148.0,0.1482
8741,1.8,137.0,0.1448
8742,1.6,123.0,0.13040000000000002
8743,1.3,109.0,0.11860000000000001
8744,1.1,98.0,0.1051
8746,1.0,94.0,0.0969
8747,0.8,95.0,0.0951
8748,0.9,101.0,0.097
8749,1.3,100.0,0.109
8750,4.1,150.0,0.1673
8751,3.9,168.0,0.18330000000000002
8752,3.5,199.0,0.18280000000000002
8753,2.7,168.0,0.1724
8754,2.3,161.0,0.1547
8756,2.1,145.0,0.1
8757,2.2,148.0,0.0942
8758,1.8,131.0,0.0745
8759,1.9,137.0,0.0941
8760,2.7,163.0,0.1232
8761,4.7,219.0,0.1527
8762,5.4,245.0,0.1746
8763,4.2,229.0,0.1741
8764,2.1,184.0,0.1433
8765,1.4,151.0,0.12350000000000001
8766,1.4,133.0,0.1173
8767,1.4,135.0,0.11710000000000001
8768,1.0,111.0,0.1024
8769,0.8,90.0,0.09280000000000001
8771,0.7,89.0,0.08710000000000001
8772,0.6,89.0,0.0884
8773,0.2,117.0,0.101
8774,1.5,141.0,0.1416
8775,3.5,189.0,0.1817
8776,3.0,211.0,0.187
8778,1.0,162.0,0.1305
8779,1.5,172.0,0.12050000000000001
8780,2.2,182.0,0.13390000000000002
8781,1.7,180.0,0.11610000000000001
8782,1.1,156.0,0.09960000000000001
8783,1.3,168.0,0.0906
8784,1.5,181.0,0.11610000000000001
8785,3.4,226.0,0.1695
8786,3.8,231.0,0.1705
8787,2.8,222.0,0.1379
8788,0.8,165.0,0.09430000000000001
8789,0.5,151.0,0.1073
8790,1.0,174.0,0.1213
8791,0.4,145.0,0.0898
8792,0.4,147.0,0.10940000000000001
8793,0.3,134.0,0.10640000000000001
8798,0.1,88.0,0.057
8799,0.2,109.0,0.0782
8800,0.6,130.0,0.07440000000000001
8801,0.7,137.0,0.0791
8802,0.6,145.0,0.07490000000000001
8803,0.3,128.0,0.061500000000000006
8804,0.5,129.0,0.06810000000000001
8805,0.2,105.0,0.051500000000000004
8806,0.4,114.0,0.058300000000000005
8807,0.7,146.0,0.0728
8808,0.9,156.0,0.08270000000000001
8809,0.8,152.0,0.0844
8810,2.4,201.0,0.131
8811,3.3,221.0,0.1353
8812,0.9,157.0,0.0907
8813,0.1,114.0,0.0646
8814,0.1,107.0,0.0482
8815,0.1,113.0,0.0526
8816,0.2,118.0,0.059500000000000004
8823,0.1,112.0,0.0601
8824,0.3,148.0,0.09620000000000001
8825,1.0,160.0,0.1231
8826,1.6,164.0,0.1396
8827,1.4,159.0,0.1297
8828,0.3,110.0,0.0616
8829,0.1,82.0,0.0509
8830,0.3,102.0,0.059000000000000004
8831,0.5,119.0,0.0718
8832,0.8,135.0,0.0898
8833,3.2,215.0,0.1577
8834,2.8,211.0,0.156
8835,1.0,172.0,0.1208
8836,0.9,166.0,0.12440000000000001
8837,0.9,168.0,0.11810000000000001
8838,0.4,134.0,0.0828
8839,0.4,122.0,0.09230000000000001
8840,0.3,123.0,0.1096
8841,0.1,104.0,0.1106
8843,0.8,85.0,0.0937
8844,1.0,103.0,0.10490000000000001
8845,1.6,127.0,0.11800000000000001
8846,3.5,163.0,0.1514
8847,4.0,155.0,0.1771
8848,3.5,170.0,0.1395
8849,1.6,141.0,0.1024
8850,1.5,123.0,0.0946
8851,1.5,124.0,0.0864
8852,1.7,126.0,0.0889
8853,1.6,128.0,0.0903
8854,2.4,158.0,0.1121
8855,3.4,177.0,0.13190000000000002
8856,5.4,225.0,0.1829
8857,6.5,234.0,0.2
8858,6.5,227.0,0.2001
8859,4.0,192.0,0.1598
8860,2.1,158.0,0.1383
8861,1.6,149.0,0.12380000000000001
8862,1.5,140.0,0.1023
8863,0.7,79.0,0.0659
8864,0.7,69.0,0.06570000000000001
8865,0.6,72.0,0.07640000000000001
8866,0.5,58.0,0.06670000000000001
8867,0.4,59.0,0.06670000000000001
8868,0.6,88.0,0.08560000000000001
8869,0.9,110.0,0.094
8870,2.6,151.0,0.1406
8871,3.3,158.0,0.1617
8872,4.0,194.0,0.1694
8873,3.1,181.0,0.14730000000000001
8874,2.2,161.0,0.1087
8875,2.1,143.0,0.0945
8876,2.2,142.0,0.09050000000000001
8877,1.9,146.0,0.0903
8878,2.5,166.0,0.1041
8879,2.9,172.0,0.1194
8880,3.9,196.0,0.15330000000000002
8881,6.3,243.0,0.1932
8882,7.4,248.0,0.21400000000000002
8883,5.7,233.0,0.18710000000000002
8884,2.3,174.0,0.14350000000000002
8885,1.5,149.0,0.1303
8886,1.4,134.0,0.1199
8887,1.1,123.0,0.10690000000000001
8888,0.9,111.0,0.0989
8889,0.7,93.0,0.08990000000000001
8890,0.6,97.0,0.085
8891,0.6,86.0,0.0828
8892,0.8,99.0,0.0902
8893,1.0,99.0,0.0902
8894,2.1,129.0,0.1222
8895,4.2,161.0,0.1784
8896,4.3,202.0,0.1761
8897,3.2,200.0,0.16340000000000002
8898,2.8,194.0,0.1527
8899,2.4,173.0,0.1192
8900,2.5,169.0,0.1023
8901,2.9,188.0,0.12510000000000002
8902,3.0,211.0,0.1082
8903,3.6,210.0,0.1348
8904,3.5,193.0,0.1365
8905,4.8,227.0,0.1827
8906,4.4,223.0,0.1879
8907,4.9,229.0,0.1915
8908,2.9,194.0,0.1705
8909,2.1,171.0,0.161
8910,1.6,147.0,0.13
8911,1.2,111.0,0.10930000000000001
8912,0.9,104.0,0.09860000000000001
8913,0.7,90.0,0.08460000000000001
8915,0.5,69.0,0.0714
8916,0.6,84.0,0.0838
8917,1.3,123.0,0.1109
8918,3.8,166.0,0.1676
8919,5.6,189.0,0.1976
8920,4.4,217.0,0.1814
8921,3.0,196.0,0.15380000000000002
8922,2.2,189.0,0.1383
8923,2.0,174.0,0.1184
8924,2.2,161.0,0.10940000000000001
8925,2.1,158.0,0.09860000000000001
8926,2.2,161.0,0.09670000000000001
8927,1.9,147.0,0.08310000000000001
8928,2.7,165.0,0.1182
8929,3.9,214.0,0.15230000000000002
8930,5.6,228.0,0.17800000000000002
8931,4.9,240.0,0.16820000000000002
8932,2.2,188.0,0.139
8933,1.9,173.0,0.139
8934,1.4,150.0,0.12010000000000001
8935,1.3,134.0,0.1107
8936,1.1,132.0,0.10500000000000001
8937,0.9,117.0,0.09430000000000001
8938,0.9,103.0,0.0903
8939,0.7,99.0,0.0826
8940,0.8,106.0,0.0878
8941,1.2,113.0,0.09960000000000001
8942,2.9,141.0,0.14700000000000002
8943,5.4,180.0,0.1883
8944,4.3,192.0,0.1661
8945,3.1,187.0,0.1568
8946,2.4,169.0,0.1291
8947,2.3,161.0,0.1226
8948,2.3,160.0,0.08410000000000001
8949,2.3,177.0,0.0951
8950,3.4,219.0,0.11510000000000001
8951,3.7,212.0,0.1279
8952,4.1,225.0,0.1416
8953,5.6,240.0,0.1738
8954,5.3,223.0,0.1821
8955,4.9,241.0,0.1733
8956,2.0,159.0,0.1115
8957,1.9,150.0,0.1131
8958,2.2,163.0,0.11270000000000001
8959,1.9,155.0,0.11670000000000001
8960,1.1,119.0,0.0809
8961,1.0,94.0,0.0709
8962,0.9,80.0,0.0575
8963,0.9,83.0,0.0572
8964,0.7,79.0,0.0546
8965,1.0,96.0,0.0795
8966,2.0,141.0,0.1268
8967,2.7,153.0,0.1366
8968,2.5,156.0,0.1328
8969,2.4,162.0,0.12510000000000002
8970,2.2,164.0,0.11270000000000001
8971,2.1,160.0,0.1066
8972,1.8,140.0,0.0867
8973,1.4,119.0,0.06910000000000001
8974,2.1,153.0,0.0917
8975,1.7,139.0,0.0748
8976,1.9,156.0,0.09680000000000001
8977,2.7,183.0,0.14200000000000002
8978,3.2,185.0,0.153
8979,3.3,200.0,0.1341
8980,2.3,163.0,0.116
8981,1.9,154.0,0.12610000000000002
8982,1.9,151.0,0.11320000000000001
8983,1.9,149.0,0.1042
8984,1.5,131.0,0.0848
8985,1.1,94.0,0.0666
8987,0.8,69.0,0.0604
8988,0.6,57.0,0.052000000000000005
8989,0.7,78.0,0.0659
8990,0.7,84.0,0.0611
8991,1.0,97.0,0.0756
8992,1.5,123.0,0.0988
8993,2.4,166.0,0.1058
8994,1.6,130.0,0.0636
8995,1.2,109.0,0.0522
8996,0.9,82.0,0.0415
8997,0.9,73.0,0.044500000000000005
8998,1.1,91.0,0.051500000000000004
8999,1.4,109.0,0.0678
9000,1.7,128.0,0.0825
9001,2.9,155.0,0.1233
9002,4.0,176.0,0.1419
9003,4.0,179.0,0.13970000000000002
9004,1.9,124.0,0.0975
9005,1.5,105.0,0.0891
9006,1.5,99.0,0.0945
9007,1.6,104.0,0.0916
9008,1.1,95.0,0.077
9009,0.8,81.0,0.0697
9010,0.7,68.0,0.0611
9011,0.6,69.0,0.0693
9012,0.7,73.0,0.075
9013,1.3,113.0,0.1053
9014,3.2,141.0,0.15610000000000002
9015,6.1,174.0,0.192
9016,4.3,178.0,0.1583
9017,2.6,163.0,0.1274
9018,2.0,143.0,0.10830000000000001
9019,1.8,127.0,0.09240000000000001
9020,2.1,131.0,0.10020000000000001
9021,2.1,135.0,0.09050000000000001
9022,2.0,131.0,0.09230000000000001
9023,2.6,153.0,0.11230000000000001
9024,4.5,198.0,0.1602
9025,6.4,232.0,0.18780000000000002
9026,6.0,224.0,0.184
9027,3.8,183.0,0.1474
9028,2.1,144.0,0.12440000000000001
9029,1.2,117.0,0.0937
9030,1.3,106.0,0.0891
9031,1.5,121.0,0.1044
9032,0.9,87.0,0.0792
9033,0.7,62.0,0.067
9034,0.5,70.0,0.0689
9035,0.6,66.0,0.0717
9036,0.7,88.0,0.0813
9037,0.9,93.0,0.0891
9038,2.2,116.0,0.1323
9039,4.7,151.0,0.1817
9040,4.5,169.0,0.1723
9041,3.1,166.0,0.1656
9042,2.8,160.0,0.1539
9043,2.4,145.0,0.12940000000000002
9044,2.5,131.0,0.12290000000000001
9045,2.0,130.0,0.0951
9046,1.7,122.0,0.0819
9047,1.7,113.0,0.0801
9048,3.3,156.0,0.1492
9049,4.5,198.0,0.16920000000000002
9050,5.8,175.0,0.16540000000000002
9051,4.3,141.0,0.1287
9052,3.0,101.0,0.09380000000000001
9053,2.8,102.0,0.09730000000000001
9054,2.7,119.0,0.1087
9055,2.4,110.0,0.0796
9056,2.2,87.0,0.083
9057,2.0,66.0,0.0703
9059,0.5,63.0,0.07050000000000001
9060,0.7,71.0,0.0867
9061,1.2,103.0,0.11220000000000001
9062,3.9,144.0,0.1771
9063,4.9,158.0,0.1874
9064,4.6,169.0,0.1812
9065,3.4,184.0,0.1726
9066,2.0,143.0,0.1184
9067,1.9,133.0,0.1131
9068,2.4,141.0,0.1149
9069,2.4,153.0,0.11850000000000001
9070,2.2,149.0,0.12440000000000001
9071,2.5,159.0,0.138
9072,3.9,181.0,0.17270000000000002
9073,6.2,227.0,0.2021
9074,7.2,230.0,0.2159
9075,3.9,194.0,0.1844
9076,2.4,172.0,0.1593
9077,2.3,158.0,0.1651
9078,1.9,144.0,0.1482
9079,1.7,133.0,0.1384
9080,0.9,109.0,0.1101
9081,0.7,94.0,0.0999
9082,0.5,73.0,0.08950000000000001
9083,0.4,76.0,0.09040000000000001
9084,0.4,74.0,0.08510000000000001
9085,0.7,73.0,0.1052
9086,3.1,107.0,0.16090000000000002
9087,3.4,115.0,0.16140000000000002
9088,3.5,132.0,0.1774
9089,3.2,155.0,0.1802
9090,3.2,140.0,0.1741
9091,3.3,147.0,0.183
9092,3.0,161.0,0.1696
9093,2.0,123.0,0.1257
9094,2.3,142.0,0.1305
9095,2.2,143.0,0.1183
9096,2.7,153.0,0.13470000000000001
9097,5.9,200.0,0.1947
9098,7.5,232.0,0.2129
9099,5.0,201.0,0.1948
9100,4.0,175.0,0.1804
9101,2.7,159.0,0.1572
9102,2.0,135.0,0.1426
9103,1.5,128.0,0.117
9104,1.0,109.0,0.1
9105,1.0,101.0,0.0949
9106,0.9,96.0,0.09050000000000001
9107,0.8,87.0,0.0845
9108,0.6,81.0,0.0692
9109,1.0,100.0,0.0926
9110,3.2,146.0,0.14700000000000002
9111,4.3,158.0,0.166
9112,2.7,136.0,0.136
9113,1.6,117.0,0.12150000000000001
9114,1.4,140.0,0.1391
9115,2.3,169.0,0.1521
9116,2.1,163.0,0.14830000000000002
9117,1.4,144.0,0.138
9118,3.4,153.0,0.14500000000000002
9119,3.8,164.0,0.1519
9120,4.9,174.0,0.16840000000000002
9121,5.7,196.0,0.1812
9122,5.5,189.0,0.171
9123,3.9,155.0,0.15910000000000002
9124,3.1,137.0,0.1521
9125,2.0,117.0,0.1353
9126,2.5,128.0,0.1463
9127,2.2,124.0,0.1447
9128,1.5,108.0,0.12940000000000002
9129,1.2,89.0,0.11720000000000001
9131,0.8,84.0,0.11030000000000001
9132,0.1,83.0,0.11130000000000001
9133,1.1,80.0,0.1109
9134,1.7,93.0,0.12290000000000001
9135,2.1,106.0,0.1404
9136,2.3,115.0,0.14500000000000002
9137,2.1,124.0,0.1393
9138,1.9,113.0,0.1227
9139,1.7,104.0,0.10400000000000001
9140,1.3,85.0,0.082
9141,1.3,94.0,0.10110000000000001
9142,1.6,99.0,0.1042
9143,2.2,112.0,0.1136
9144,2.3,122.0,0.1101
9145,2.2,119.0,0.11080000000000001
9146,2.0,119.0,0.1078
9147,2.3,127.0,0.12100000000000001
9148,2.2,126.0,0.127
9149,1.6,111.0,0.1119
9150,1.6,102.0,0.11330000000000001
9151,1.3,93.0,0.101
9152,1.0,78.0,0.08940000000000001
9153,1.0,74.0,0.093
9154,1.0,68.0,0.08610000000000001
9155,0.8,68.0,0.08410000000000001
9156,0.7,61.0,0.08510000000000001
9157,1.1,76.0,0.096
9158,1.1,78.0,0.0926
9159,1.1,79.0,0.0901
9160,1.4,90.0,0.0915
9161,1.3,89.0,0.0956
9162,1.5,97.0,0.1019
9163,1.3,91.0,0.08420000000000001
9164,0.8,62.0,0.061200000000000004
9165,0.9,66.0,0.054400000000000004
9166,1.4,104.0,0.06380000000000001
9167,1.8,126.0,0.07930000000000001
9168,1.6,122.0,0.0811
9169,1.8,121.0,0.0896
9170,2.1,126.0,0.0978
9171,1.9,115.0,0.0964
9172,1.7,116.0,0.0993
9173,1.9,120.0,0.0966
9174,1.6,111.0,0.08850000000000001
9175,1.2,101.0,0.0775
9176,1.0,92.0,0.0738
9177,1.0,78.0,0.0711
9178,0.8,63.0,0.062400000000000004
9179,0.6,63.0,0.0585
9180,0.6,63.0,0.0646
9181,1.0,84.0,0.0809
9182,1.0,89.0,0.0828
9183,1.3,101.0,0.08940000000000001
9184,1.5,115.0,0.0915
9185,1.6,111.0,0.092
9186,1.4,96.0,0.08070000000000001
9187,1.4,87.0,0.0678
9188,1.2,81.0,0.0668
9189,1.3,85.0,0.061700000000000005
9190,1.4,98.0,0.059800000000000006
9191,1.6,109.0,0.07780000000000001
9192,2.8,150.0,0.1062
9193,3.7,175.0,0.12240000000000001
9194,2.9,157.0,0.11180000000000001
9195,1.8,130.0,0.0964
9196,1.6,120.0,0.10500000000000001
9197,1.7,114.0,0.10160000000000001
9198,1.5,100.0,0.0998
9199,1.0,83.0,0.08460000000000001
9200,0.8,72.0,0.0762
9201,0.5,51.0,0.0592
9203,0.5,58.0,0.06720000000000001
9204,1.0,86.0,0.08900000000000001
9205,3.0,122.0,0.13540000000000002
9206,5.1,140.0,0.1648
9207,4.3,146.0,0.15660000000000002
9208,3.3,152.0,0.15410000000000001
9209,2.4,147.0,0.1226
9210,2.4,134.0,0.1126
9211,2.5,136.0,0.11470000000000001
9212,2.3,142.0,0.11900000000000001
9213,2.7,153.0,0.1212
9214,2.7,153.0,0.12510000000000002
9215,3.3,155.0,0.1404
9216,3.9,181.0,0.1419
9217,2.6,151.0,0.1328
9218,3.2,159.0,0.1378
9219,2.3,151.0,0.1159
9220,1.4,127.0,0.0932
9221,1.1,107.0,0.0942
9222,1.2,101.0,0.0944
9223,0.9,80.0,0.07980000000000001
9224,0.7,68.0,0.0776
9225,0.5,61.0,0.0636
9226,0.4,56.0,0.0678
9227,0.5,70.0,0.07540000000000001
9228,0.8,78.0,0.0818
9229,2.3,106.0,0.1202
9230,2.9,117.0,0.1296
9231,3.1,144.0,0.1418
9232,2.7,158.0,0.1293
9233,1.8,137.0,0.1027
9234,1.9,130.0,0.1052
9235,1.8,125.0,0.08750000000000001
9236,1.8,124.0,0.0815
9237,1.8,125.0,0.076
9238,1.7,135.0,0.08560000000000001
9239,3.2,179.0,0.1258
9240,3.4,183.0,0.1383
9241,4.2,193.0,0.15180000000000002
9242,3.5,185.0,0.189
9243,2.0,147.0,0.1389
9244,1.4,117.0,0.109
9245,1.5,112.0,0.1092
9246,1.2,101.0,0.0954
9247,1.1,93.0,0.0951
9248,0.7,64.0,0.079
9249,0.6,61.0,0.0752
9250,0.5,54.0,0.0708
9251,0.6,64.0,0.0782
9252,0.9,80.0,0.10110000000000001
9253,4.0,133.0,0.1683
9254,4.1,170.0,0.1341
9255,1.9,139.0,0.1014
9256,1.3,124.0,0.0751
9257,1.2,118.0,0.063
9258,1.2,108.0,0.0565
9259,1.2,100.0,0.053500000000000006
9260,0.9,91.0,0.0471
9261,1.0,89.0,0.0512
9262,1.1,102.0,0.052700000000000004
9263,1.5,114.0,0.069
9264,2.1,124.0,0.07780000000000001
9265,2.1,136.0,0.0872
9266,1.5,118.0,0.062200000000000005
9267,1.0,93.0,0.0512
9268,0.8,72.0,0.0438
9269,0.8,69.0,0.0443
9270,0.7,61.0,0.0392
9271,0.6,50.0,0.0347
9272,0.5,35.0,0.0341
9273,0.5,29.0,0.0322
9275,0.5,66.0,0.0395
9276,0.6,89.0,0.051000000000000004
9277,1.5,150.0,0.09090000000000001
9278,1.9,150.0,0.0869
9279,1.3,127.0,0.06520000000000001
9280,1.0,120.0,0.0599
9281,1.0,123.0,0.055
9282,1.1,115.0,0.051800000000000006
9283,1.3,122.0,0.0541
9284,1.0,111.0,0.0456
9285,1.1,119.0,0.046700000000000005
9286,1.4,137.0,0.050800000000000005
9287,1.5,147.0,0.058300000000000005
9288,1.6,154.0,0.0609
9289,2.2,160.0,0.0757
9290,1.4,134.0,0.0539
9291,0.9,110.0,0.042
9292,0.8,99.0,0.0408
9293,1.1,127.0,0.056
9294,1.5,174.0,0.0889
9295,1.1,127.0,0.0516
9296,0.6,81.0,0.0391
9297,0.5,70.0,0.0374
9298,0.4,49.0,0.032600000000000004
9299,0.4,44.0,0.0352
9300,0.6,107.0,0.056600000000000004
9301,0.9,141.0,0.07060000000000001
9302,0.9,121.0,0.0575
9303,0.8,103.0,0.0505
9304,1.0,102.0,0.0471
9305,0.8,95.0,0.042100000000000005
9306,0.8,93.0,0.038900000000000004
9307,1.0,95.0,0.0408
9308,0.8,80.0,0.038200000000000005
9309,0.8,81.0,0.038700000000000005
9310,0.9,106.0,0.042800000000000005
9311,1.1,113.0,0.0488
9312,1.1,117.0,0.055600000000000004
9313,1.2,124.0,0.0568
9314,1.1,122.0,0.0546
9315,0.8,87.0,0.042800000000000005
9316,0.7,79.0,0.041800000000000004
9317,0.7,93.0,0.0472
9318,0.8,102.0,0.054400000000000004
9319,0.8,86.0,0.0666
9320,0.7,77.0,0.0679
9321,0.8,88.0,0.07680000000000001
9322,0.5,64.0,0.0589
9323,0.3,46.0,0.047
9324,0.4,55.0,0.0523
9325,0.6,84.0,0.066
9326,0.7,89.0,0.0741
9327,1.2,118.0,0.08310000000000001
9328,1.4,113.0,0.0613
9329,1.3,115.0,0.064
9330,1.4,124.0,0.0631
9331,1.0,86.0,0.0456
9332,1.0,87.0,0.045000000000000005
9333,1.1,100.0,0.0516
9334,1.3,132.0,0.0548
9335,1.4,156.0,0.0603
9336,1.2,138.0,0.0597
9337,2.7,181.0,0.11670000000000001
9338,2.5,187.0,0.13720000000000002
9339,1.5,158.0,0.1042
9340,1.6,153.0,0.10550000000000001
9341,1.2,128.0,0.10490000000000001
9342,0.9,93.0,0.0816
9343,0.6,58.0,0.059800000000000006
9344,0.5,55.0,0.057300000000000004
9345,0.4,51.0,0.054900000000000004
9347,0.5,53.0,0.057800000000000004
9348,1.1,93.0,0.09050000000000001
9349,4.0,155.0,0.1457
9350,5.0,174.0,0.1705
9351,3.9,187.0,0.1583
9352,3.1,190.0,0.1729
9353,2.4,179.0,0.1269
9354,2.4,175.0,0.1092
9355,2.1,156.0,0.077
9356,2.2,168.0,0.0816
