,Unnamed: 0,CO,NO2,O3,AQI,AQI_Dominant,AQI_Category,label,viterbi
0,0,2.6,113.0,0.1268,222.9063829787234,O3,5,0,0
1,1,2.0,92.0,0.0972,179.8842105263158,O3,4,0,0
2,2,2.2,114.0,0.1074,202.4744680851064,O3,5,0,0
3,3,2.2,122.0,0.1203,216.06063829787234,O3,5,0,0
4,4,1.6,116.0,0.111,206.26595744680853,O3,5,0,0
5,5,1.2,96.0,0.0949,173.95263157894738,O3,4,0,0
6,6,1.2,77.0,0.0733,109.05000000000003,O3,3,0,0
7,7,1.0,76.0,0.073,108.0,O3,3,0,0
8,8,0.9,60.0,0.062,73.86666666666665,O3,2,1,1
9,11,0.7,28.0,0.0422,39.074074074074076,O3,1,1,1
10,12,0.7,48.0,0.0472,45.283018867924525,NO2,1,1,1
11,13,1.1,82.0,0.073,108.0,O3,3,0,0
12,14,2.0,112.0,0.1102,205.42340425531916,O3,5,0,0
13,15,2.2,101.0,0.1028,194.3263157894737,O3,4,0,0
14,16,1.7,98.0,0.086,151.0,O3,4,0,0
15,17,1.5,92.0,0.0671,91.47826086956522,NO2,2,0,0
16,18,1.6,95.0,0.0664,94.67391304347827,NO2,2,0,0
17,19,1.9,112.0,0.0799,132.14999999999998,O3,3,0,0
18,20,2.9,128.0,0.1037,196.64736842105265,O3,4,0,0
19,21,2.2,126.0,0.0946,173.17894736842106,O3,4,0,0
20,22,2.2,131.0,0.0957,176.0157894736842,O3,4,0,0
21,23,2.9,135.0,0.1104,205.63404255319148,O3,5,0,0
22,24,4.8,151.0,0.1409,237.7563829787234,O3,5,0,0
23,25,6.9,172.0,0.1704,268.8255319148936,O3,5,0,0
24,26,6.1,165.0,0.1654,263.5595744680851,O3,5,0,0
25,27,3.9,136.0,0.1285,224.6968085106383,O3,5,0,0
26,28,1.5,85.0,0.0821,139.85000000000002,O3,3,0,0
27,29,1.0,53.0,0.0552,51.65333333333333,O3,2,1,0
28,30,1.7,97.0,0.0816,138.10000000000002,O3,3,0,0
29,31,1.9,110.0,0.0832,143.69999999999996,O3,3,0,0
30,32,1.4,91.0,0.0692,97.38666666666663,O3,2,1,1
31,35,0.6,44.0,0.0394,41.509433962264154,NO2,1,1,1
32,36,0.8,71.0,0.0487,69.1086956521739,NO2,2,1,1
33,37,1.4,104.0,0.0748,114.30000000000003,O3,3,0,0
34,38,4.4,141.0,0.14,236.8085106382979,O3,5,0,0
35,40,3.1,122.0,0.1237,219.64148936170213,O3,5,0,0
36,41,2.7,143.0,0.1167,212.2691489361702,O3,5,0,0
37,42,2.1,113.0,0.0959,176.53157894736842,O3,4,0,0
38,43,2.5,116.0,0.0983,182.72105263157894,O3,4,0,0
39,44,2.7,123.0,0.1061,201.10531914893616,O3,5,0,0
40,45,2.9,126.0,0.1139,209.32021276595745,O3,5,0,0
41,46,2.8,120.0,0.1112,206.47659574468085,O3,5,0,0
42,47,2.4,119.0,0.0994,185.55789473684212,O3,4,0,0
43,48,3.9,149.0,0.141,237.86170212765956,O3,5,0,0
44,49,3.7,145.0,0.1448,241.86382978723407,O3,5,0,0
45,50,6.6,170.0,0.1887,288.09893617021277,O3,5,0,0
46,51,4.4,149.0,0.1627,260.7159574468085,O3,5,0,0
47,52,3.5,139.0,0.1491,246.39255319148936,O3,5,0,0
48,53,5.4,134.0,0.1657,263.8755319148936,O3,5,0,0
49,54,2.7,113.0,0.1285,224.6968085106383,O3,5,0,0
50,55,1.9,97.0,0.1144,209.8468085106383,O3,5,0,0
51,56,1.6,82.0,0.1043,198.19473684210527,O3,4,0,0
52,59,1.0,65.0,0.0819,139.14999999999998,O3,3,0,0
53,60,1.2,60.0,0.0835,144.75,O3,3,0,0
54,61,1.5,77.0,0.094,171.63157894736844,O3,4,0,0
55,62,2.7,96.0,0.1192,214.90212765957446,O3,5,0,0
56,63,3.7,119.0,0.1411,237.96702127659574,O3,5,0,0
57,64,3.2,126.0,0.1465,243.65425531914892,O3,5,0,0
58,65,4.1,158.0,0.1583,256.081914893617,O3,5,0,0
59,66,3.6,161.0,0.1387,235.43936170212766,O3,5,0,0
60,67,2.8,124.0,0.1101,205.318085106383,O3,5,0,0
61,68,2.0,102.0,0.085,150.0,O3,3,0,0
62,69,2.0,116.0,0.0947,173.4368421052632,O3,4,0,0
63,70,2.5,124.0,0.1078,202.89574468085107,O3,5,0,0
64,71,2.3,125.0,0.1084,203.5276595744681,O3,5,0,0
65,72,3.2,148.0,0.1395,236.28191489361703,O3,5,0,0
66,73,4.2,165.0,0.1612,259.13617021276593,O3,5,0,0
67,74,4.2,161.0,0.1697,268.0882978723404,O3,5,0,0
68,75,4.2,159.0,0.1886,287.9936170212766,O3,5,0,0
69,76,3.1,143.0,0.1624,260.4,O3,5,0,0
70,77,2.6,130.0,0.1536,251.131914893617,O3,5,0,0
71,78,2.9,129.0,0.1535,251.02659574468083,O3,5,0,0
72,79,2.8,119.0,0.153,250.5,O3,5,0,0
73,80,2.5,104.0,0.1337,230.17340425531916,O3,5,0,0
74,83,1.2,70.0,0.0929,168.79473684210527,O3,4,0,0
75,84,1.0,63.0,0.0872,154.09473684210528,O3,4,0,0
76,85,0.9,67.0,0.0853,64.84782608695653,NO2,2,0,0
77,86,1.4,84.0,0.0959,176.53157894736842,O3,4,0,0
78,87,1.6,83.0,0.1093,204.47553191489362,O3,5,0,0
79,88,2.2,98.0,0.1225,218.37765957446808,O3,5,0,0
80,89,2.8,114.0,0.1355,232.06914893617022,O3,5,0,0
81,90,2.8,119.0,0.1262,222.27446808510638,O3,5,0,0
82,91,2.0,104.0,0.098,181.94736842105266,O3,4,0,0
83,92,1.8,102.0,0.0872,154.09473684210528,O3,4,0,0
84,93,1.9,107.0,0.09,161.31578947368422,O3,4,0,0
85,94,3.0,129.0,0.1099,205.10744680851064,O3,5,0,0
86,95,2.9,128.0,0.1206,216.37659574468086,O3,5,0,0
87,96,2.5,121.0,0.1262,222.27446808510638,O3,5,0,0
88,97,4.6,157.0,0.1698,268.1936170212766,O3,5,0,0
89,98,5.9,173.0,0.1905,289.99468085106383,O3,5,0,0
90,99,3.4,146.0,0.1648,262.92765957446807,O3,5,0,0
91,100,2.1,121.0,0.1423,239.2308510638298,O3,5,0,0
92,101,2.2,119.0,0.1349,231.43723404255317,O3,5,0,0
93,102,1.8,99.0,0.125,221.01063829787233,O3,5,0,0
94,103,1.8,93.0,0.1174,213.00638297872342,O3,5,0,0
95,104,1.8,88.0,0.1149,210.37340425531914,O3,5,0,0
96,107,1.0,74.0,0.101,189.6842105263158,O3,4,0,0
97,108,1.4,80.0,0.1083,203.4223404255319,O3,5,0,0
98,109,2.2,89.0,0.1235,219.43085106382978,O3,5,0,0
99,110,5.5,114.0,0.168,266.29787234042556,O3,5,0,0
100,111,8.1,149.0,0.2184,319.3787234042553,O3,6,0,0
101,112,5.8,157.0,0.1973,297.1563829787234,O3,5,0,0
102,113,4.2,155.0,0.1798,278.7255319148936,O3,5,0,0
103,114,3.1,134.0,0.1522,249.65744680851063,O3,5,0,0
104,115,2.9,119.0,0.1404,237.22978723404253,O3,5,0,0
105,116,2.9,111.0,0.1263,222.37978723404254,O3,5,0,0
106,117,2.5,104.0,0.1137,209.1095744680851,O3,5,0,0
107,118,2.3,99.0,0.1068,201.84255319148937,O3,5,0,0
108,119,2.8,110.0,0.1252,221.22127659574468,O3,5,0,0
109,120,6.1,162.0,0.1843,283.4648936170213,O3,5,0,0
110,121,8.0,187.0,0.2122,312.84893617021277,O3,6,0,0
111,122,6.5,165.0,0.1992,299.1574468085106,O3,5,0,0
112,123,4.2,145.0,0.1707,269.1414893617021,O3,5,0,0
113,124,3.2,125.0,0.1494,246.70851063829787,O3,5,0,0
114,125,1.4,101.0,0.1164,211.9531914893617,O3,5,0,0
115,126,2.1,103.0,0.1272,223.3276595744681,O3,5,0,0
116,127,1.2,88.0,0.104,197.42105263157896,O3,4,0,0
117,128,0.8,61.0,0.0867,152.80526315789476,O3,4,0,0
118,131,0.6,52.0,0.0793,130.04999999999998,O3,3,0,0
119,132,0.9,64.0,0.087,153.57894736842104,O3,4,0,0
120,133,1.3,70.0,0.093,169.05263157894737,O3,4,0,0
121,134,3.4,97.0,0.1407,237.54574468085104,O3,5,0,0
122,135,3.7,95.0,0.1507,248.0776595744681,O3,5,0,0
123,136,5.3,150.0,0.1843,283.4648936170213,O3,5,0,0
124,137,4.1,162.0,0.1729,271.45851063829787,O3,5,0,0
125,138,3.3,154.0,0.1583,256.081914893617,O3,5,0,0
126,139,4.0,161.0,0.1671,265.35,O3,5,0,0
127,140,3.8,161.0,0.1491,246.39255319148936,O3,5,0,0
128,141,2.8,128.0,0.124,219.95744680851064,O3,5,0,0
129,142,2.9,129.0,0.1313,227.64574468085107,O3,5,0,0
130,143,2.9,133.0,0.1363,232.91170212765957,O3,5,0,0
131,144,3.4,139.0,0.1296,225.85531914893616,O3,5,0,0
132,145,3.9,137.0,0.1432,240.17872340425532,O3,5,0,0
133,146,3.2,143.0,0.1432,240.17872340425532,O3,5,0,0
134,147,5.1,177.0,0.2034,303.58085106382975,O3,6,0,0
135,148,2.6,138.0,0.1602,258.08297872340427,O3,5,0,0
136,149,1.7,117.0,0.1362,232.80638297872338,O3,5,0,0
137,150,1.7,107.0,0.1314,227.75106382978723,O3,5,0,0
138,151,1.2,90.0,0.1114,206.6872340425532,O3,5,0,0
139,152,0.9,79.0,0.0992,185.0421052631579,O3,4,0,0
140,155,0.5,40.0,0.0667,89.21999999999997,O3,2,0,0
141,156,0.5,53.0,0.0733,109.05000000000003,O3,3,0,0
142,157,1.6,84.0,0.1052,82.95652173913044,NO2,2,0,0
143,158,4.1,108.0,0.1534,250.9212765957447,O3,5,0,0
144,159,6.6,127.0,0.1931,292.73297872340424,O3,5,0,0
145,160,4.3,134.0,0.1734,271.9851063829787,O3,5,0,0
146,161,2.9,135.0,0.1595,257.34574468085106,O3,5,0,0
147,162,2.5,142.0,0.149,246.28723404255317,O3,5,0,0
148,163,2.8,153.0,0.1508,248.18297872340423,O3,5,0,0
149,164,2.6,123.0,0.1334,229.85744680851062,O3,5,0,0
150,165,2.0,104.0,0.1045,198.71052631578948,O3,4,0,0
151,166,2.9,129.0,0.1221,217.9563829787234,O3,5,0,0
152,167,2.5,114.0,0.1069,201.94787234042553,O3,5,0,0
153,168,5.0,158.0,0.1569,254.60744680851064,O3,5,0,0
154,169,7.6,194.0,0.2306,332.2276595744681,O3,6,0,0
155,170,6.7,182.0,0.2359,337.8095744680851,O3,6,0,0
156,171,5.7,180.0,0.205,305.2659574468085,O3,6,0,0
157,172,2.8,136.0,0.1727,271.2478723404255,O3,5,0,0
158,173,2.6,127.0,0.1705,268.9308510638298,O3,5,0,0
159,174,2.3,116.0,0.1551,252.71170212765955,O3,5,0,0
160,175,1.4,107.0,0.124,219.95744680851064,O3,5,0,0
161,176,1.0,88.0,0.1115,206.79255319148936,O3,5,0,0
162,179,0.6,57.0,0.0828,142.29999999999998,O3,3,0,0
163,180,0.7,71.0,0.0893,159.5105263157895,O3,4,0,0
164,181,1.5,85.0,0.1075,202.57978723404256,O3,5,0,0
165,182,4.7,124.0,0.161,258.9255319148936,O3,5,0,0
166,183,6.6,151.0,0.2051,305.3712765957447,O3,6,0,0
167,184,4.5,150.0,0.1819,280.9372340425532,O3,5,0,0
168,185,2.8,152.0,0.1568,254.50212765957446,O3,5,0,0
169,186,2.2,139.0,0.1374,234.07021276595745,O3,5,0,0
170,187,2.2,133.0,0.1268,222.9063829787234,O3,5,0,0
171,188,2.3,126.0,0.1144,209.8468085106383,O3,5,0,0
172,189,2.2,128.0,0.1109,206.16063829787234,O3,5,0,0
173,190,2.8,169.0,0.1347,231.22659574468082,O3,5,0,0
174,191,2.7,149.0,0.1206,216.37659574468086,O3,5,0,0
175,192,3.7,156.0,0.1397,236.49255319148935,O3,5,0,0
176,193,5.1,168.0,0.1588,256.60851063829784,O3,5,0,0
177,194,5.1,176.0,0.1569,254.60744680851064,O3,5,0,0
178,195,3.2,135.0,0.1322,228.5936170212766,O3,5,0,0
179,196,2.1,121.0,0.1194,215.1127659574468,O3,5,0,0
180,197,1.7,99.0,0.1062,201.21063829787235,O3,5,0,0
181,198,2.0,106.0,0.104,197.42105263157896,O3,4,0,0
182,199,1.6,96.0,0.0917,165.70000000000002,O3,4,0,0
183,200,0.9,63.0,0.0594,65.37333333333333,O3,2,1,1
184,203,0.5,28.0,0.037,34.25925925925926,O3,1,1,1
185,204,0.7,61.0,0.0438,58.45652173913044,NO2,2,0,1
186,205,1.5,99.0,0.0704,98.93478260869566,NO2,2,0,1
187,206,4.8,157.0,0.1476,244.8127659574468,O3,5,0,0
188,207,6.2,166.0,0.1716,270.0893617021277,O3,5,0,0
189,208,4.0,149.0,0.1398,236.59787234042554,O3,5,0,0
190,209,3.3,135.0,0.1268,222.9063829787234,O3,5,0,0
191,210,2.8,127.0,0.1188,214.4808510638298,O3,5,0,0
192,211,3.0,122.0,0.1171,212.69042553191488,O3,5,0,0
193,212,3.3,135.0,0.125,221.01063829787233,O3,5,0,0
194,213,3.5,139.0,0.1344,230.91063829787234,O3,5,0,0
195,214,4.0,147.0,0.1378,234.49148936170212,O3,5,0,0
196,215,4.6,158.0,0.1435,240.49468085106383,O3,5,0,0
197,216,4.1,146.0,0.1372,233.8595744680851,O3,5,0,0
198,217,4.5,144.0,0.1471,244.28617021276597,O3,5,0,0
199,218,3.9,138.0,0.1439,240.9159574468085,O3,5,0,0
200,219,4.0,143.0,0.1429,239.8627659574468,O3,5,0,0
201,220,2.2,116.0,0.1081,203.21170212765958,O3,5,0,0
202,221,2.1,109.0,0.0993,185.3,O3,4,0,0
203,222,1.7,92.0,0.0837,145.44999999999996,O3,3,0,0
204,223,1.6,83.0,0.0761,118.85000000000001,O3,3,0,0
205,224,1.3,81.0,0.065,83.66666666666666,O3,2,1,1
206,227,0.8,53.0,0.0518,50.0,NO2,1,0,1
207,228,0.8,67.0,0.0571,64.84782608695653,NO2,2,1,1
208,229,1.1,91.0,0.0842,147.19999999999996,O3,3,0,0
209,230,2.1,113.0,0.1145,209.95212765957447,O3,5,0,0
210,231,2.4,102.0,0.1218,217.6404255319149,O3,5,0,0
211,232,2.6,107.0,0.1341,230.59468085106383,O3,5,0,0
212,233,2.8,113.0,0.1406,237.4404255319149,O3,5,0,0
213,234,2.6,108.0,0.1422,239.1255319148936,O3,5,0,0
214,235,2.6,105.0,0.1373,233.9648936170213,O3,5,0,0
215,236,2.1,93.0,0.1153,210.79468085106384,O3,5,0,0
216,237,1.7,87.0,0.0927,168.2789473684211,O3,4,0,0
217,238,1.6,76.0,0.0766,120.60000000000001,O3,3,0,0
218,239,2.1,94.0,0.0941,171.88947368421054,O3,4,0,0
219,240,2.3,110.0,0.1146,210.05744680851063,O3,5,0,0
220,241,3.5,136.0,0.1417,238.59893617021277,O3,5,0,0
221,242,3.9,139.0,0.1442,241.23191489361702,O3,5,0,0
222,243,3.3,125.0,0.1323,228.69893617021276,O3,5,0,0
223,244,2.3,111.0,0.1125,207.84574468085106,O3,5,0,0
224,245,2.1,97.0,0.1036,196.38947368421054,O3,4,0,0
225,246,2.8,107.0,0.1202,215.95531914893618,O3,5,0,0
226,247,2.1,90.0,0.1054,89.34782608695653,NO2,2,1,0
227,248,1.6,84.0,0.0903,162.08947368421056,O3,4,0,0
228,251,1.1,66.0,0.07,100.0,O3,2,0,0
229,252,0.7,36.0,0.058,60.800000000000004,O3,2,1,0
230,253,0.8,62.0,0.0815,137.75,O3,3,0,0
231,254,1.2,91.0,0.1035,196.1315789473684,O3,4,0,0
232,255,1.4,89.0,0.1067,201.7372340425532,O3,5,0,0
233,256,1.7,93.0,0.1114,206.6872340425532,O3,5,0,0
234,257,1.8,81.0,0.1,187.10526315789477,O3,4,0,0
235,258,1.8,82.0,0.0906,162.86315789473684,O3,4,0,0
236,259,1.9,80.0,0.0822,140.19999999999996,O3,3,0,0
237,260,1.3,48.0,0.061,70.6,O3,2,0,0
238,261,1.6,61.0,0.0657,85.95333333333329,O3,2,1,0
239,262,1.9,89.0,0.0647,88.28260869565219,NO2,2,1,0
240,263,2.3,105.0,0.0762,119.20000000000002,O3,3,0,0
241,264,3.8,116.0,0.1122,207.52978723404254,O3,5,0,0
242,265,3.5,119.0,0.113,208.37234042553192,O3,5,0,0
243,266,4.3,144.0,0.1637,261.7691489361702,O3,5,0,0
244,267,2.8,123.0,0.1272,223.3276595744681,O3,5,0,0
245,268,1.9,105.0,0.1098,205.00212765957446,O3,5,0,0
246,269,1.9,93.0,0.1066,201.63191489361702,O3,5,0,0
247,270,1.7,86.0,0.0909,163.63684210526316,O3,4,0,0
248,271,1.5,76.0,0.0818,138.79999999999998,O3,3,0,0
249,272,0.6,33.0,0.0472,43.7037037037037,O3,1,0,1
250,275,0.3,23.0,0.0378,35.0,O3,1,1,1
251,276,0.6,46.0,0.0432,43.39622641509434,NO2,1,1,1
252,277,1.2,76.0,0.0699,99.67333333333332,O3,2,1,1
253,278,3.6,116.0,0.1252,221.22127659574468,O3,5,0,0
254,279,3.7,115.0,0.1237,219.64148936170213,O3,5,0,0
255,280,1.8,83.0,0.0772,122.70000000000002,O3,3,0,0
256,281,1.6,87.0,0.0766,120.60000000000001,O3,3,0,0
257,282,1.9,90.0,0.0829,142.64999999999998,O3,3,0,0
258,283,2.0,87.0,0.0783,126.54999999999998,O3,3,0,0
259,284,2.2,99.0,0.0822,140.19999999999996,O3,3,0,0
260,285,2.1,99.0,0.0813,137.04999999999998,O3,3,0,0
261,286,2.3,101.0,0.0813,137.04999999999998,O3,3,0,0
262,287,2.6,103.0,0.085,150.0,O3,3,0,0
263,288,3.8,129.0,0.1276,223.74893617021274,O3,5,0,0
264,289,4.4,143.0,0.1401,236.91382978723405,O3,5,0,0
265,290,4.5,146.0,0.1356,232.17446808510638,O3,5,0,0
266,291,3.3,124.0,0.1243,220.27340425531915,O3,5,0,0
267,292,2.0,113.0,0.1083,203.4223404255319,O3,5,0,0
268,293,1.1,80.0,0.0795,130.75,O3,3,0,0
269,294,0.9,72.0,0.0735,109.75,O3,3,0,0
270,295,0.8,64.0,0.0684,94.77333333333331,O3,2,0,0
271,296,0.7,70.0,0.0714,102.40000000000003,O3,3,0,0
272,299,0.3,22.0,0.0361,33.42592592592593,O3,1,1,1
273,300,0.5,47.0,0.0418,44.339622641509436,NO2,1,1,1
274,301,1.1,88.0,0.0616,87.21739130434783,NO2,2,1,1
275,302,3.0,130.0,0.1089,204.05425531914892,O3,5,0,0
276,303,3.8,132.0,0.1329,229.33085106382978,O3,5,0,0
277,304,3.4,132.0,0.1311,227.43510638297872,O3,5,0,0
278,305,3.0,131.0,0.1236,219.53617021276597,O3,5,0,0
279,306,2.7,129.0,0.1147,210.1627659574468,O3,5,0,0
280,307,3.5,132.0,0.1301,226.38191489361702,O3,5,0,0
281,308,2.8,110.0,0.1097,204.8968085106383,O3,5,0,0
282,309,1.9,99.0,0.09,161.31578947368422,O3,4,0,0
283,310,2.0,100.0,0.0781,125.85000000000001,O3,3,0,0
284,311,3.0,122.0,0.1013,190.45789473684212,O3,4,0,0
285,312,1.9,97.0,0.079,129.0,O3,3,0,0
286,313,2.7,112.0,0.1059,103.08108108108108,NO2,3,0,0
287,314,3.3,128.0,0.1205,216.27127659574467,O3,5,0,0
288,315,1.7,101.0,0.0975,180.65789473684214,O3,4,0,0
289,316,1.3,96.0,0.0896,160.2842105263158,O3,4,0,0
290,317,1.3,86.0,0.0911,164.1526315789474,O3,4,0,0
291,318,1.2,85.0,0.0902,161.83157894736843,O3,4,0,0
292,319,1.1,79.0,0.0832,143.69999999999996,O3,3,0,0
293,320,0.9,61.0,0.0715,102.75,O3,3,0,0
294,323,0.6,54.0,0.0648,83.0133333333333,O3,2,0,0
295,324,0.8,57.0,0.0612,71.25333333333332,O3,2,0,0
296,325,1.2,75.0,0.08,132.5,O3,3,0,0
297,326,3.1,97.0,0.1173,212.90106382978723,O3,5,0,0
298,327,4.4,110.0,0.1519,249.34148936170214,O3,5,0,0
299,328,3.4,113.0,0.1287,224.90744680851066,O3,5,0,0
300,329,1.7,88.0,0.0966,178.33684210526317,O3,4,0,0
301,330,1.5,85.0,0.0828,142.29999999999998,O3,3,0,0
302,331,1.7,96.0,0.0825,141.25,O3,3,0,0
303,332,2.2,106.0,0.0872,154.09473684210528,O3,4,0,0
304,334,2.7,126.0,0.1002,187.62105263157895,O3,4,0,0
305,335,2.8,130.0,0.1159,211.42659574468087,O3,5,0,0
306,336,2.7,111.0,0.0979,181.68947368421055,O3,4,0,0
307,337,4.5,134.0,0.1311,227.43510638297872,O3,5,0,0
308,338,3.5,136.0,0.1071,202.15851063829788,O3,5,0,0
309,339,2.6,125.0,0.0899,161.05789473684212,O3,4,0,0
310,340,1.7,108.0,0.0766,120.60000000000001,O3,3,0,0
311,341,1.3,87.0,0.0589,86.15217391304348,NO2,2,1,1
312,342,1.3,89.0,0.0631,88.28260869565219,NO2,2,0,1
313,343,1.0,58.0,0.0479,55.26086956521739,NO2,2,1,1
314,344,0.7,54.0,0.0479,51.0,NO2,2,1,1
315,346,0.5,28.0,0.0378,35.0,O3,1,1,1
316,347,0.5,20.0,0.0344,31.851851851851855,O3,1,0,1
317,348,0.6,51.0,0.0413,48.113207547169814,NO2,1,1,1
318,349,1.1,82.0,0.0605,80.82608695652175,NO2,2,0,1
319,350,2.7,112.0,0.0991,184.78421052631577,O3,4,0,0
320,351,3.5,119.0,0.1175,213.11170212765956,O3,5,0,0
321,352,2.3,99.0,0.0923,167.2473684210526,O3,4,0,0
322,353,1.6,98.0,0.0829,142.64999999999998,O3,3,0,0
323,354,1.3,88.0,0.0733,109.05000000000003,O3,3,0,0
324,355,2.0,96.0,0.0819,139.14999999999998,O3,3,0,0
325,356,1.9,81.0,0.0723,105.55000000000003,O3,3,0,0
326,357,1.9,92.0,0.0786,127.60000000000001,O3,3,0,0
327,358,2.2,105.0,0.085,150.0,O3,3,0,0
328,359,2.0,88.0,0.082,139.5,O3,3,0,0
329,360,2.9,103.0,0.0991,184.78421052631577,O3,4,0,0
330,361,5.2,141.0,0.1454,242.49574468085106,O3,5,0,0
331,362,4.6,133.0,0.1488,246.07659574468084,O3,5,0,0
332,363,2.5,119.0,0.1205,216.27127659574467,O3,5,0,0
333,364,1.5,106.0,0.0909,163.63684210526316,O3,4,0,0
334,365,1.2,92.0,0.0769,121.64999999999999,O3,3,0,0
335,366,1.7,97.0,0.0835,144.75,O3,3,0,0
336,367,1.4,91.0,0.0793,130.04999999999998,O3,3,0,0
337,368,1.2,83.0,0.0733,109.05000000000003,O3,3,0,0
338,370,0.7,59.0,0.0562,56.32608695652174,NO2,2,0,0
339,371,0.8,73.0,0.0832,143.69999999999996,O3,3,0,0
340,372,0.9,78.0,0.0924,167.50526315789475,O3,4,0,0
341,373,1.6,90.0,0.0974,180.4,O3,4,0,0
342,374,3.4,110.0,0.1307,227.01382978723404,O3,5,0,0
343,375,3.8,114.0,0.1481,245.33936170212766,O3,5,0,0
344,376,3.1,119.0,0.1405,237.33510638297872,O3,5,0,0
345,377,2.7,121.0,0.1195,215.21808510638297,O3,5,0,0
346,378,2.0,97.0,0.0868,153.06315789473686,O3,4,0,0
347,379,2.3,99.0,0.0874,154.6105263157895,O3,4,0,0
348,380,1.9,85.0,0.0738,110.80000000000003,O3,3,0,0
349,381,1.3,75.0,0.055,73.36956521739131,NO2,2,1,0
350,382,1.9,87.0,0.0777,124.45000000000002,O3,3,0,0
351,383,2.3,102.0,0.0966,178.33684210526317,O3,4,0,0
352,384,2.4,105.0,0.099,184.5263157894737,O3,4,0,0
353,385,2.7,98.0,0.0944,172.66315789473686,O3,4,0,0
354,386,2.6,93.0,0.0962,177.30526315789473,O3,4,0,0
355,387,1.5,91.0,0.0778,124.79999999999998,O3,3,0,0
356,388,1.2,85.0,0.069,96.73333333333332,O3,2,0,0
357,389,1.1,74.0,0.0644,81.70666666666665,O3,2,0,0
358,390,1.5,87.0,0.0753,116.05000000000003,O3,3,0,0
359,391,1.0,79.0,0.0646,82.36,O3,2,1,0
360,392,1.2,78.0,0.0838,145.79999999999998,O3,3,0,0
361,395,0.8,48.0,0.0665,88.56666666666666,O3,2,1,0
362,396,0.9,59.0,0.0717,103.45000000000002,O3,3,0,0
363,397,1.1,65.0,0.0795,130.75,O3,3,0,0
364,398,1.5,71.0,0.0936,170.60000000000002,O3,4,0,0
365,399,1.8,84.0,0.1076,202.68510638297872,O3,5,0,0
366,400,2.1,93.0,0.1016,191.2315789473684,O3,4,0,0
367,401,2.1,99.0,0.0834,144.39999999999998,O3,3,0,0
368,402,1.9,93.0,0.0756,117.10000000000001,O3,3,0,0
369,403,2.1,96.0,0.0766,120.60000000000001,O3,3,0,0
370,404,2.5,114.0,0.0905,162.60526315789474,O3,4,0,0
371,405,1.9,101.0,0.0765,120.25,O3,3,0,0
372,406,2.2,108.0,0.083,143.0,O3,3,0,0
373,407,2.3,117.0,0.0853,104.02702702702703,NO2,3,0,0
374,408,2.7,125.0,0.0981,182.20526315789476,O3,4,0,0
375,409,3.0,133.0,0.1286,224.80212765957447,O3,5,0,0
376,410,2.8,119.0,0.1244,220.3787234042553,O3,5,0,0
377,411,2.2,107.0,0.1056,102.13513513513513,NO2,3,0,0
378,412,1.6,96.0,0.1003,187.87894736842105,O3,4,0,0
379,413,2.1,105.0,0.1245,220.4840425531915,O3,5,0,0
380,414,2.3,102.0,0.12,215.74468085106383,O3,5,0,0
381,415,2.3,97.0,0.1188,214.4808510638298,O3,5,0,0
382,416,1.7,79.0,0.107,202.0531914893617,O3,5,0,0
383,418,1.3,69.0,0.0895,160.0263157894737,O3,4,0,0
384,419,0.8,52.0,0.0755,116.75,O3,3,0,0
385,420,1.1,62.0,0.0806,134.60000000000002,O3,3,0,0
386,421,1.4,69.0,0.0836,145.09999999999997,O3,3,0,0
387,422,1.3,75.0,0.0897,160.5421052631579,O3,4,0,0
388,423,1.9,83.0,0.1073,202.36914893617023,O3,5,0,0
389,424,2.3,94.0,0.1088,203.94893617021276,O3,5,0,0
390,425,2.3,96.0,0.1036,196.38947368421054,O3,4,0,0
391,426,1.8,86.0,0.0768,121.29999999999998,O3,3,0,0
392,427,1.4,72.0,0.0587,70.17391304347827,NO2,2,1,1
393,428,1.0,53.0,0.0452,50.0,NO2,1,1,1
394,429,1.4,65.0,0.047,62.71739130434783,NO2,2,0,1
395,430,1.3,70.0,0.0502,68.04347826086956,NO2,2,1,1
396,431,1.3,75.0,0.0516,73.36956521739131,NO2,2,1,1
397,432,1.4,86.0,0.0555,85.08695652173913,NO2,2,1,1
398,433,1.9,94.0,0.0671,93.6086956521739,NO2,2,1,1
399,434,1.8,103.0,0.0788,128.29999999999998,O3,3,0,0
400,435,1.1,81.0,0.0538,79.76086956521739,NO2,2,1,1
401,436,1.1,80.0,0.0544,78.69565217391305,NO2,2,1,1
402,437,1.1,77.0,0.05,75.5,NO2,2,1,1
403,438,0.9,58.0,0.0417,55.26086956521739,NO2,2,1,1
404,439,0.6,31.0,0.0341,31.574074074074076,O3,1,1,1
405,440,0.5,38.0,0.0352,35.84905660377358,NO2,1,1,1
406,442,0.6,59.0,0.0502,56.32608695652174,NO2,2,1,1
407,443,0.7,70.0,0.0648,83.0133333333333,O3,2,0,1
408,444,0.9,75.0,0.076,118.5,O3,3,0,0
409,445,2.9,103.0,0.1183,213.95425531914893,O3,5,0,0
410,446,4.1,134.0,0.1431,240.07340425531916,O3,5,0,0
411,447,1.5,98.0,0.0705,97.86956521739131,NO2,2,0,0
412,448,1.5,97.0,0.0637,96.80434782608697,NO2,2,1,0
413,449,1.5,98.0,0.0658,97.86956521739131,NO2,2,0,0
414,450,1.4,78.0,0.0546,76.56521739130434,NO2,2,1,0
415,451,1.6,83.0,0.0561,81.8913043478261,NO2,2,1,0
416,452,1.5,92.0,0.0532,91.47826086956522,NO2,2,0,0
417,453,1.4,81.0,0.0535,79.76086956521739,NO2,2,0,0
418,454,1.5,90.0,0.0525,89.34782608695653,NO2,2,0,0
419,455,1.9,95.0,0.0603,94.67391304347827,NO2,2,0,0
420,456,2.5,114.0,0.0802,133.19999999999996,O3,3,0,0
421,457,2.1,106.0,0.0796,131.10000000000002,O3,3,0,0
422,458,1.6,99.0,0.0689,98.93478260869566,NO2,2,0,0
423,459,1.2,90.0,0.0553,89.34782608695653,NO2,2,1,0
424,460,1.1,82.0,0.0509,80.82608695652175,NO2,2,1,0
425,461,1.0,74.0,0.0455,72.30434782608695,NO2,2,1,0
426,462,1.0,76.0,0.0425,74.43478260869566,NO2,2,0,0
427,463,0.7,66.0,0.0436,63.78260869565217,NO2,2,1,0
428,464,0.7,73.0,0.0618,73.21333333333332,O3,2,0,0
429,467,0.7,71.0,0.0691,97.05999999999996,O3,2,0,0
430,468,1.1,98.0,0.1013,190.45789473684212,O3,4,0,0
431,469,2.6,115.0,0.1311,227.43510638297872,O3,5,0,0
432,470,4.0,130.0,0.1675,265.77127659574467,O3,5,0,0
433,471,4.2,150.0,0.1689,267.24574468085103,O3,5,0,0
434,472,4.7,159.0,0.1688,267.1404255319149,O3,5,0,0
435,473,3.9,146.0,0.1548,252.39574468085107,O3,5,0,0
436,474,3.7,138.0,0.149,246.28723404255317,O3,5,0,0
437,475,3.4,128.0,0.1354,231.96382978723403,O3,5,0,0
438,476,2.2,97.0,0.1014,190.71578947368423,O3,4,0,0
439,477,1.9,91.0,0.0831,143.34999999999997,O3,3,0,0
440,478,1.6,81.0,0.0699,99.67333333333332,O3,2,1,0
441,479,2.1,99.0,0.0926,168.02105263157895,O3,4,0,0
442,480,2.2,101.0,0.0928,168.53684210526316,O3,4,0,0
443,481,2.7,106.0,0.1038,196.90526315789475,O3,4,0,0
444,482,2.4,102.0,0.1035,196.1315789473684,O3,4,0,0
445,483,1.3,84.0,0.0789,128.64999999999998,O3,3,0,0
446,484,1.2,81.0,0.0692,97.38666666666663,O3,2,1,0
447,485,1.5,91.0,0.0764,119.89999999999999,O3,3,0,0
448,486,1.3,82.0,0.0639,80.82608695652175,NO2,2,1,1
449,487,1.0,64.0,0.0541,61.65217391304348,NO2,2,1,1
450,488,0.9,70.0,0.0678,92.8133333333333,O3,2,1,1
451,490,0.5,26.0,0.0343,31.75925925925926,O3,1,1,1
452,491,0.6,58.0,0.0436,55.26086956521739,NO2,2,0,1
453,492,1.0,93.0,0.0688,96.07999999999998,O3,2,1,1
454,493,3.1,110.0,0.1438,240.81063829787234,O3,5,0,0
455,494,4.1,115.0,0.1489,246.18191489361703,O3,5,0,0
456,495,2.2,125.0,0.1093,204.47553191489362,O3,5,0,0
457,496,1.7,118.0,0.0965,178.07894736842107,O3,4,0,0
458,497,1.9,109.0,0.1004,188.13684210526318,O3,4,0,0
459,498,2.9,123.0,0.1166,212.16382978723405,O3,5,0,0
460,499,2.2,114.0,0.0991,184.78421052631577,O3,4,0,0
461,500,2.6,114.0,0.1054,103.45945945945945,NO2,3,0,0
462,501,3.1,119.0,0.1192,214.90212765957446,O3,5,0,0
463,502,2.3,111.0,0.1055,102.89189189189189,NO2,3,0,0
464,503,2.4,103.0,0.1048,199.4842105263158,O3,4,0,0
465,504,2.8,103.0,0.1073,202.36914893617023,O3,5,0,0
466,505,2.7,107.0,0.1068,201.84255319148937,O3,5,0,0
467,506,2.3,105.0,0.1019,192.00526315789477,O3,4,0,0
468,507,1.5,91.0,0.0833,144.04999999999998,O3,3,0,0
469,508,1.4,79.0,0.0759,118.14999999999999,O3,3,0,0
470,509,1.2,79.0,0.0749,114.64999999999999,O3,3,0,0
471,510,1.6,86.0,0.0978,181.43157894736842,O3,4,0,0
472,511,1.2,70.0,0.0944,172.66315789473686,O3,4,0,0
473,512,1.1,55.0,0.0891,158.99473684210528,O3,4,0,0
474,514,0.7,49.0,0.079,129.0,O3,3,0,0
475,515,0.9,50.0,0.0852,47.16981132075472,NO2,1,1,1
476,516,1.7,67.0,0.0987,183.75263157894736,O3,4,0,0
477,517,4.2,94.0,0.1435,240.49468085106383,O3,5,0,0
478,518,6.2,119.0,0.1798,278.7255319148936,O3,5,0,0
479,519,4.6,139.0,0.1677,265.981914893617,O3,5,0,0
480,520,2.8,113.0,0.1282,224.3808510638298,O3,5,0,0
481,521,1.6,88.0,0.0871,153.83684210526317,O3,4,0,0
482,522,1.7,73.0,0.0759,118.14999999999999,O3,3,0,0
483,523,1.7,73.0,0.079,129.0,O3,3,0,0
484,527,3.3,106.0,0.1187,214.37553191489363,O3,5,0,0
485,528,4.2,132.0,0.1399,236.7031914893617,O3,5,0,0
486,529,5.5,164.0,0.1644,262.50638297872337,O3,5,0,0
487,530,4.9,161.0,0.1599,257.76702127659576,O3,5,0,0
488,531,2.5,124.0,0.1223,218.16702127659576,O3,5,0,0
489,532,2.0,113.0,0.12,215.74468085106383,O3,5,0,0
490,533,2.0,103.0,0.1118,207.10851063829787,O3,5,0,0
491,534,2.0,104.0,0.1067,201.7372340425532,O3,5,0,0
492,535,1.3,93.0,0.1048,199.4842105263158,O3,4,0,0
493,536,1.0,60.0,0.0718,103.80000000000003,O3,3,0,0
494,539,0.7,66.0,0.0737,110.45000000000002,O3,3,0,0
495,540,1.1,82.0,0.0903,162.08947368421056,O3,4,0,0
496,541,2.6,109.0,0.1159,211.42659574468087,O3,5,0,0
497,542,3.9,114.0,0.1365,233.12234042553192,O3,5,0,0
498,543,5.0,139.0,0.151,248.39361702127658,O3,5,0,0
499,544,3.3,127.0,0.1386,235.3340425531915,O3,5,0,0
500,545,2.9,127.0,0.1368,233.43829787234043,O3,5,0,0
501,546,3.1,135.0,0.1347,231.22659574468082,O3,5,0,0
502,547,3.0,130.0,0.1242,220.168085106383,O3,5,0,0
503,548,2.7,126.0,0.1138,209.2148936170213,O3,5,0,0
504,549,2.7,121.0,0.108,203.10638297872342,O3,5,0,0
505,550,2.6,122.0,0.1002,187.62105263157895,O3,4,0,0
506,551,3.7,138.0,0.1212,217.00851063829788,O3,5,0,0
507,552,4.5,165.0,0.1486,245.86595744680852,O3,5,0,0
508,553,4.7,154.0,0.1567,254.3968085106383,O3,5,0,0
509,554,5.5,168.0,0.1723,270.82659574468084,O3,5,0,0
510,555,3.0,146.0,0.1399,236.7031914893617,O3,5,0,0
511,556,1.9,124.0,0.1291,225.3287234042553,O3,5,0,0
512,557,2.3,124.0,0.1443,241.3372340425532,O3,5,0,0
513,558,1.6,106.0,0.127,223.11702127659575,O3,5,0,0
514,559,1.3,88.0,0.111,206.26595744680853,O3,5,0,0
515,560,1.2,83.0,0.106,201.0,O3,5,0,0
516,562,0.8,74.0,0.0891,158.99473684210528,O3,4,0,0
517,563,0.8,64.0,0.0905,162.60526315789474,O3,4,0,0
518,564,0.9,69.0,0.0899,161.05789473684212,O3,4,0,0
519,565,2.0,91.0,0.1136,209.00425531914894,O3,5,0,0
520,566,3.0,96.0,0.1391,235.86063829787236,O3,5,0,0
521,567,3.1,106.0,0.146,243.12765957446808,O3,5,0,0
522,616,3.1,124.0,0.1451,242.17978723404255,O3,5,0,0
523,617,3.0,121.0,0.1409,237.7563829787234,O3,5,0,0
524,618,3.2,114.0,0.1434,240.38936170212764,O3,5,0,0
525,619,3.1,114.0,0.1457,242.81170212765957,O3,5,0,0
526,620,2.5,106.0,0.1325,228.9095744680851,O3,5,0,0
527,621,2.1,89.0,0.112,207.31914893617022,O3,5,0,0
528,622,2.0,82.0,0.0931,169.3105263157895,O3,4,0,0
529,623,3.2,111.0,0.1212,217.00851063829788,O3,5,0,0
530,624,4.1,132.0,0.1353,231.85851063829787,O3,5,0,0
531,625,3.9,121.0,0.1359,232.4904255319149,O3,5,0,0
532,626,3.1,116.0,0.1273,223.43297872340426,O3,5,0,0
533,627,2.0,100.0,0.1079,203.00106382978723,O3,5,0,0
534,628,1.7,89.0,0.0973,180.1421052631579,O3,4,0,0
535,629,1.6,92.0,0.0951,174.4684210526316,O3,4,0,0
536,630,1.0,71.0,0.0714,102.40000000000003,O3,3,0,0
537,631,0.8,51.0,0.0579,60.47333333333333,O3,2,0,1
538,632,0.5,39.0,0.0542,36.79245283018868,NO2,1,0,1
539,634,0.5,35.0,0.0526,48.70370370370371,O3,1,0,1
540,635,0.8,64.0,0.0659,86.60666666666665,O3,2,0,1
541,636,1.7,94.0,0.1012,190.2,O3,4,0,0
542,637,4.5,134.0,0.1564,254.0808510638298,O3,5,0,0
543,638,6.2,129.0,0.1806,279.56808510638297,O3,5,0,0
544,639,4.4,125.0,0.1604,258.2936170212766,O3,5,0,0
545,640,2.9,107.0,0.1288,225.01276595744682,O3,5,0,0
546,641,1.6,78.0,0.0931,169.3105263157895,O3,4,0,0
547,642,2.6,91.0,0.1162,211.74255319148935,O3,5,0,0
548,643,2.9,116.0,0.1064,201.42127659574467,O3,5,0,0
549,644,2.5,131.0,0.0913,164.6684210526316,O3,4,0,0
550,645,1.9,113.0,0.0684,103.27027027027027,NO2,3,0,0
551,646,1.9,98.0,0.071,101.0,O3,3,0,0
552,647,2.7,116.0,0.0923,167.2473684210526,O3,4,0,0
553,648,3.0,120.0,0.1006,188.65263157894736,O3,4,0,0
554,649,3.3,126.0,0.1083,203.4223404255319,O3,5,0,0
555,650,3.2,126.0,0.1161,211.6372340425532,O3,5,0,0
556,651,1.8,90.0,0.08,132.5,O3,3,0,0
557,652,1.3,81.0,0.0647,82.68666666666664,O3,2,1,1
558,653,1.1,74.0,0.0649,83.33999999999997,O3,2,1,1
559,654,0.9,67.0,0.0575,64.84782608695653,NO2,2,1,1
560,655,0.7,46.0,0.0455,43.39622641509434,NO2,1,1,1
561,656,0.4,30.0,0.0392,36.2962962962963,O3,1,1,1
562,658,0.3,19.0,0.032,29.629629629629633,O3,1,1,1
563,659,0.3,32.0,0.0331,30.64814814814815,O3,1,1,1
564,660,0.8,61.0,0.0426,58.45652173913044,NO2,2,0,1
565,661,2.8,111.0,0.083,143.0,O3,3,0,0
566,662,3.1,102.0,0.1006,188.65263157894736,O3,4,0,0
567,663,2.3,116.0,0.082,139.5,O3,3,0,0
568,664,1.6,96.0,0.0737,110.45000000000002,O3,3,0,0
569,665,1.5,97.0,0.079,129.0,O3,3,0,0
570,666,1.6,110.0,0.076,118.5,O3,3,0,0
571,667,1.8,103.0,0.0767,120.95000000000002,O3,3,0,0
572,668,1.4,79.0,0.0626,77.6304347826087,NO2,2,0,0
573,669,1.9,104.0,0.0776,124.10000000000001,O3,3,0,0
574,670,1.2,69.0,0.0589,66.97826086956522,NO2,2,0,0
575,671,2.3,96.0,0.0872,154.09473684210528,O3,4,0,0
576,672,3.3,121.0,0.0996,186.07368421052632,O3,4,0,0
577,673,3.1,129.0,0.1033,195.61578947368423,O3,4,0,0
578,674,3.3,116.0,0.0982,182.46315789473684,O3,4,0,0
579,675,1.2,71.0,0.0518,69.1086956521739,NO2,2,1,0
580,676,1.3,85.0,0.0631,84.02173913043478,NO2,2,0,0
581,677,1.9,101.0,0.0879,155.90000000000003,O3,4,0,0
582,678,1.4,97.0,0.0839,146.14999999999998,O3,3,0,0
583,679,1.5,89.0,0.0876,155.1263157894737,O3,4,0,0
584,680,1.1,72.0,0.0827,141.94999999999996,O3,3,0,0
585,683,0.8,62.0,0.0723,105.55000000000003,O3,3,0,0
586,684,1.1,64.0,0.0797,131.44999999999996,O3,3,0,0
587,685,2.6,80.0,0.1138,209.2148936170213,O3,5,0,0
588,686,5.1,118.0,0.1605,258.3989361702128,O3,5,0,0
589,687,4.2,130.0,0.1569,254.60744680851064,O3,5,0,0
590,688,2.6,113.0,0.1319,228.2776595744681,O3,5,0,0
591,689,2.4,112.0,0.1198,215.53404255319148,O3,5,0,0
592,690,2.1,96.0,0.0958,176.2736842105263,O3,4,0,0
593,691,2.6,125.0,0.1068,201.84255319148937,O3,5,0,0
594,692,2.8,128.0,0.101,189.6842105263158,O3,4,0,0
595,693,2.5,101.0,0.0928,168.53684210526316,O3,4,0,0
596,694,1.9,95.0,0.0816,138.10000000000002,O3,3,0,0
597,695,3.6,138.0,0.1216,217.42978723404255,O3,5,0,0
598,696,4.6,154.0,0.1463,243.44361702127662,O3,5,0,0
599,697,6.3,171.0,0.1791,277.9882978723404,O3,5,0,0
600,698,4.3,136.0,0.1425,239.4414893617021,O3,5,0,0
601,699,1.6,93.0,0.0922,166.98947368421057,O3,4,0,0
602,700,1.4,99.0,0.0971,179.62631578947372,O3,4,0,0
603,725,2.3,95.0,0.1151,210.5840425531915,O3,5,0,0
604,726,1.3,79.0,0.0975,180.65789473684214,O3,4,0,0
605,727,1.7,78.0,0.1034,195.87368421052633,O3,4,0,0
606,728,1.7,75.0,0.098,181.94736842105266,O3,4,0,0
607,730,0.8,52.0,0.0807,134.94999999999996,O3,3,0,0
608,731,1.0,55.0,0.0842,147.19999999999996,O3,3,0,0
609,732,1.4,65.0,0.095,174.21052631578948,O3,4,0,0
610,733,1.7,72.0,0.1024,193.2947368421053,O3,4,0,0
611,734,2.0,76.0,0.1098,205.00212765957446,O3,5,0,0
612,735,2.0,84.0,0.1011,189.94210526315788,O3,4,0,0
613,736,1.9,90.0,0.0931,169.3105263157895,O3,4,0,0
614,737,2.1,89.0,0.0811,136.35000000000002,O3,3,0,0
615,738,1.8,87.0,0.0756,117.10000000000001,O3,3,0,0
616,739,1.5,88.0,0.0607,87.21739130434783,NO2,2,1,0
617,740,1.3,81.0,0.0498,79.76086956521739,NO2,2,0,0
618,741,1.4,89.0,0.054,88.28260869565219,NO2,2,1,0
619,742,1.5,91.0,0.0544,90.41304347826087,NO2,2,0,0
620,743,1.7,104.0,0.062,101.56756756756756,NO2,3,0,0
621,744,2.0,111.0,0.074,111.5,O3,3,0,0
622,745,2.5,129.0,0.0921,166.73157894736843,O3,4,0,0
623,746,2.4,133.0,0.1033,195.61578947368423,O3,4,0,0
624,747,2.0,115.0,0.0984,182.97894736842107,O3,4,0,0
625,748,2.9,125.0,0.1193,215.00744680851065,O3,5,0,0
626,749,2.5,117.0,0.1219,217.74574468085106,O3,5,0,0
627,750,1.4,84.0,0.0913,164.6684210526316,O3,4,0,0
628,751,1.2,63.0,0.075,115.0,O3,3,0,0
629,752,1.0,68.0,0.0772,122.70000000000002,O3,3,0,0
630,755,0.7,49.0,0.0727,106.95000000000002,O3,3,0,0
631,756,0.8,49.0,0.0746,113.60000000000001,O3,3,0,0
632,757,0.9,52.0,0.0733,109.05000000000003,O3,3,0,0
633,758,1.1,58.0,0.0727,106.95000000000002,O3,3,0,0
634,759,1.0,51.0,0.0642,81.0533333333333,O3,2,1,0
635,760,1.6,77.0,0.081,136.0,O3,3,0,0
636,761,1.8,90.0,0.0851,89.34782608695653,NO2,2,1,0
637,762,2.6,118.0,0.0911,164.1526315789474,O3,4,0,0
638,763,1.1,70.0,0.0611,70.92666666666666,O3,2,1,1
639,764,0.6,35.0,0.0368,34.074074074074076,O3,1,1,1
640,765,0.9,46.0,0.0369,43.39622641509434,NO2,1,1,1
641,766,1.0,58.0,0.0394,55.26086956521739,NO2,2,1,1
642,767,1.2,61.0,0.0415,58.45652173913044,NO2,2,1,1
643,768,1.4,80.0,0.0469,78.69565217391305,NO2,2,1,1
644,769,2.0,93.0,0.0607,92.54347826086956,NO2,2,1,1
645,770,1.1,78.0,0.0498,76.56521739130434,NO2,2,1,1
646,771,1.1,76.0,0.0481,74.43478260869566,NO2,2,0,1
647,772,1.1,74.0,0.0465,72.30434782608695,NO2,2,1,1
648,773,1.1,81.0,0.0478,79.76086956521739,NO2,2,1,1
649,774,0.7,58.0,0.0366,55.26086956521739,NO2,2,1,1
650,775,0.6,59.0,0.0332,56.32608695652174,NO2,2,1,1
651,776,0.7,54.0,0.0346,51.0,NO2,2,1,1
652,778,0.3,25.0,0.0274,25.370370370370374,O3,1,1,1
653,779,0.3,26.0,0.0263,24.528301886792452,NO2,1,1,1
654,780,0.4,49.0,0.0314,46.22641509433962,NO2,1,1,1
655,781,0.5,53.0,0.0367,50.0,NO2,1,1,1
656,782,0.6,57.0,0.0432,54.19565217391305,NO2,2,1,1
657,783,0.8,73.0,0.0536,71.23913043478261,NO2,2,0,1
658,784,1.0,78.0,0.0555,76.56521739130434,NO2,2,1,1
659,785,1.3,93.0,0.0677,92.54347826086956,NO2,2,1,1
660,786,1.1,71.0,0.0557,69.1086956521739,NO2,2,1,1
661,787,0.6,56.0,0.0421,53.130434782608695,NO2,2,0,1
662,788,0.7,60.0,0.0423,57.391304347826086,NO2,2,1,1
663,789,1.2,77.0,0.0519,75.5,NO2,2,1,1
664,790,1.4,82.0,0.0533,80.82608695652175,NO2,2,0,1
665,791,1.2,77.0,0.0537,75.5,NO2,2,1,1
666,792,1.3,91.0,0.0612,90.41304347826087,NO2,2,0,1
667,793,1.8,93.0,0.0697,99.01999999999997,O3,2,0,1
668,794,1.2,82.0,0.0573,80.82608695652175,NO2,2,1,1
669,795,0.8,74.0,0.0489,72.30434782608695,NO2,2,0,1
670,796,0.8,68.0,0.0474,65.91304347826087,NO2,2,0,1
671,797,0.8,65.0,0.0455,62.71739130434783,NO2,2,0,1
672,798,0.7,58.0,0.0433,55.26086956521739,NO2,2,0,1
673,799,0.5,36.0,0.0376,34.81481481481482,O3,1,1,1
674,800,0.3,29.0,0.036,33.333333333333336,O3,1,0,1
675,802,0.3,28.0,0.0363,33.611111111111114,O3,1,1,1
676,803,0.7,68.0,0.0525,65.91304347826087,NO2,2,1,1
677,804,1.6,99.0,0.0873,154.35263157894738,O3,4,0,0
678,805,3.9,130.0,0.1399,236.7031914893617,O3,5,0,0
679,806,4.5,128.0,0.1501,247.44574468085108,O3,5,0,0
680,807,2.7,120.0,0.1186,214.27021276595744,O3,5,0,0
681,808,1.6,93.0,0.0911,164.1526315789474,O3,4,0,0
682,809,1.6,96.0,0.0919,166.21578947368423,O3,4,0,0
683,810,1.6,84.0,0.0791,129.35000000000002,O3,3,0,0
684,811,1.5,87.0,0.0751,115.35000000000001,O3,3,0,0
685,812,1.8,87.0,0.0805,134.25,O3,3,0,0
686,813,2.1,103.0,0.0966,178.33684210526317,O3,4,0,0
687,814,1.7,88.0,0.0869,153.32105263157897,O3,4,0,0
688,815,3.0,118.0,0.1196,215.32340425531916,O3,5,0,0
689,816,4.6,134.0,0.1523,249.7627659574468,O3,5,0,0
690,817,5.0,144.0,0.1579,255.66063829787237,O3,5,0,0
691,818,3.5,129.0,0.137,233.64893617021278,O3,5,0,0
692,819,2.1,108.0,0.1204,216.1659574468085,O3,5,0,0
693,820,2.1,104.0,0.1201,215.85,O3,5,0,0
694,821,1.5,90.0,0.1122,207.52978723404254,O3,5,0,0
695,822,1.1,74.0,0.1003,187.87894736842105,O3,4,0,0
696,823,0.9,73.0,0.0918,165.95789473684215,O3,4,0,0
697,824,0.7,60.0,0.0836,145.09999999999997,O3,3,0,0
698,827,0.9,62.0,0.082,139.5,O3,3,0,0
699,828,1.6,71.0,0.0998,186.58947368421053,O3,4,0,0
700,829,3.9,94.0,0.1403,237.1244680851064,O3,5,0,0
701,830,5.0,99.0,0.1641,262.1904255319149,O3,5,0,0
702,831,4.3,119.0,0.1534,250.9212765957447,O3,5,0,0
703,832,2.7,103.0,0.1257,221.74787234042554,O3,5,0,0
704,833,2.1,95.0,0.1026,193.81052631578947,O3,4,0,0
705,834,2.1,95.0,0.0993,185.3,O3,4,0,0
706,855,3.9,114.0,0.1638,261.8744680851064,O3,5,0,0
707,856,3.8,127.0,0.1633,261.3478723404255,O3,5,0,0
708,857,3.8,135.0,0.1654,263.5595744680851,O3,5,0,0
709,858,3.9,135.0,0.1559,253.55425531914895,O3,5,0,0
710,859,3.5,120.0,0.1374,234.07021276595745,O3,5,0,0
711,860,4.0,129.0,0.1418,238.70425531914896,O3,5,0,0
712,861,3.0,114.0,0.1228,218.6936170212766,O3,5,0,0
713,862,3.1,129.0,0.1293,225.53936170212765,O3,5,0,0
714,863,5.2,149.0,0.1642,262.29574468085104,O3,5,0,0
715,864,5.9,149.0,0.1895,288.9414893617021,O3,5,0,0
716,865,7.3,158.0,0.2086,309.05744680851063,O3,6,0,0
717,866,6.1,148.0,0.1898,289.2574468085106,O3,5,0,0
718,867,4.6,134.0,0.1758,274.51276595744685,O3,5,0,0
719,868,2.5,111.0,0.1284,224.59148936170212,O3,5,0,0
720,869,2.2,106.0,0.1075,202.57978723404256,O3,5,0,0
721,870,2.0,108.0,0.1084,203.5276595744681,O3,5,0,0
722,871,1.9,93.0,0.1049,199.7421052631579,O3,4,0,0
723,872,1.6,83.0,0.1021,192.52105263157895,O3,4,0,0
724,874,1.0,69.0,0.0948,173.69473684210527,O3,4,0,0
725,875,1.2,77.0,0.0988,184.0105263157895,O3,4,0,0
726,876,2.0,87.0,0.1184,214.05957446808512,O3,5,0,0
727,877,4.5,109.0,0.16,257.8723404255319,O3,5,0,0
728,878,4.1,116.0,0.1495,246.81382978723403,O3,5,0,0
729,879,2.6,105.0,0.1188,214.4808510638298,O3,5,0,0
730,880,2.3,106.0,0.1166,212.16382978723405,O3,5,0,0
731,881,2.6,108.0,0.1219,217.74574468085106,O3,5,0,0
732,882,2.4,100.0,0.1128,208.16170212765957,O3,5,0,0
733,883,4.3,149.0,0.1373,233.9648936170213,O3,5,0,0
734,884,4.6,148.0,0.1415,238.38829787234042,O3,5,0,0
735,885,4.0,126.0,0.1302,226.4872340425532,O3,5,0,0
736,886,4.7,140.0,0.1308,227.1191489361702,O3,5,0,0
737,887,5.7,142.0,0.1449,241.9691489361702,O3,5,0,0
738,888,5.2,141.0,0.1385,235.22872340425533,O3,5,0,0
739,889,6.4,149.0,0.1492,246.49787234042554,O3,5,0,0
740,890,6.0,140.0,0.138,234.70212765957447,O3,5,0,0
741,891,3.4,117.0,0.1167,212.2691489361702,O3,5,0,0
742,892,2.7,103.0,0.1095,204.68617021276597,O3,5,0,0
743,893,3.1,99.0,0.1105,205.73936170212767,O3,5,0,0
744,894,2.6,100.0,0.1051,100.0,NO2,2,1,0
745,895,2.2,88.0,0.1009,189.4263157894737,O3,4,0,0
746,896,1.9,83.0,0.0972,179.8842105263158,O3,4,0,0
747,1043,0.6,59.0,0.0793,130.04999999999998,O3,3,0,0
748,1044,0.8,67.0,0.0906,162.86315789473684,O3,4,0,0
749,1045,4.0,95.0,0.1541,251.65851063829786,O3,5,0,0
750,1046,5.6,123.0,0.1861,285.3606382978723,O3,5,0,0
751,1047,5.0,142.0,0.1895,288.9414893617021,O3,5,0,0
752,1048,3.2,142.0,0.1684,266.7191489361702,O3,5,0,0
753,1049,3.8,169.0,0.1731,271.66914893617025,O3,5,0,0
754,1050,3.3,142.0,0.1402,237.0191489361702,O3,5,0,0
755,1051,3.0,136.0,0.1246,220.58936170212766,O3,5,0,0
756,1052,3.2,147.0,0.1342,230.70000000000002,O3,5,0,0
757,1053,4.4,196.0,0.1489,246.18191489361703,O3,5,0,0
758,1054,4.6,186.0,0.1532,250.71063829787235,O3,5,0,0
759,1055,5.2,177.0,0.1909,290.4159574468085,O3,5,0,0
760,1056,4.8,164.0,0.1757,274.4074468085106,O3,5,0,0
761,1057,5.6,161.0,0.1983,298.2095744680851,O3,5,0,0
762,1058,4.6,146.0,0.1703,268.72021276595746,O3,5,0,0
763,1059,1.8,98.0,0.1246,220.58936170212766,O3,5,0,0
764,1060,2.2,108.0,0.1321,228.4882978723404,O3,5,0,0
765,1061,2.0,107.0,0.1375,234.1755319148936,O3,5,0,0
766,1062,2.8,113.0,0.1456,242.7063829787234,O3,5,0,0
767,1063,2.6,100.0,0.1442,241.23191489361702,O3,5,0,0
768,1064,1.8,87.0,0.1243,220.27340425531915,O3,5,0,0
769,1067,0.7,65.0,0.0937,170.85789473684213,O3,4,0,0
770,1068,0.9,64.0,0.1019,192.00526315789477,O3,4,0,0
771,1069,1.5,73.0,0.114,209.4255319148936,O3,5,0,0
772,1070,2.5,86.0,0.1351,231.64787234042552,O3,5,0,0
773,1071,3.0,105.0,0.1459,243.02234042553192,O3,5,0,0
774,1072,2.6,107.0,0.1297,225.96063829787235,O3,5,0,0
775,1073,2.6,114.0,0.1291,225.3287234042553,O3,5,0,0
776,1074,2.6,105.0,0.1296,225.85531914893616,O3,5,0,0
777,1075,1.9,74.0,0.0972,179.8842105263158,O3,4,0,0
778,1076,2.0,95.0,0.1194,215.1127659574468,O3,5,0,0
779,1077,1.7,89.0,0.088,156.1578947368421,O3,4,0,0
780,1078,1.9,95.0,0.0909,163.63684210526316,O3,4,0,0
781,1079,1.8,93.0,0.0839,146.14999999999998,O3,3,0,0
782,1080,2.8,123.0,0.1248,220.79999999999998,O3,5,0,0
783,1081,3.5,134.0,0.1476,244.8127659574468,O3,5,0,0
784,1082,3.4,126.0,0.1502,247.55106382978724,O3,5,0,0
785,1083,2.0,79.0,0.0873,154.35263157894738,O3,4,0,0
786,1084,1.1,54.0,0.0528,51.0,NO2,2,1,1
787,1085,1.3,69.0,0.0492,66.97826086956522,NO2,2,1,1
788,1086,1.2,67.0,0.0463,64.84782608695653,NO2,2,1,1
789,1087,1.3,73.0,0.0494,71.23913043478261,NO2,2,1,1
790,1088,1.0,73.0,0.0503,71.23913043478261,NO2,2,1,1
791,1091,0.3,20.0,0.0305,28.24074074074074,O3,1,1,1
792,1092,0.5,37.0,0.0329,34.905660377358494,NO2,1,1,1
793,1093,0.6,50.0,0.0375,47.16981132075472,NO2,1,1,1
794,1094,0.6,45.0,0.0373,42.45283018867924,NO2,1,1,1
795,1095,0.8,48.0,0.0385,45.283018867924525,NO2,1,1,1
796,1096,1.0,56.0,0.0403,53.130434782608695,NO2,2,1,1
797,1097,0.9,58.0,0.0393,55.26086956521739,NO2,2,1,1
798,1098,1.0,52.0,0.0388,49.056603773584904,NO2,1,0,1
799,1099,0.8,52.0,0.0371,49.056603773584904,NO2,1,1,1
800,1100,0.7,44.0,0.0347,41.509433962264154,NO2,1,1,1
801,1101,0.9,59.0,0.0396,56.32608695652174,NO2,2,1,1
802,1102,1.3,74.0,0.0474,72.30434782608695,NO2,2,0,1
803,1103,1.4,76.0,0.0505,74.43478260869566,NO2,2,0,1
804,1104,1.5,83.0,0.0625,81.8913043478261,NO2,2,1,1
805,1105,2.7,100.0,0.0941,171.88947368421054,O3,4,0,0
806,1106,2.5,101.0,0.0893,159.5105263157895,O3,4,0,0
807,1107,1.4,90.0,0.0731,108.35000000000001,O3,3,0,0
808,1108,2.8,93.0,0.0955,175.50000000000003,O3,4,0,0
809,1109,2.1,79.0,0.0761,118.85000000000001,O3,3,0,0
810,1110,1.1,57.0,0.0515,54.19565217391305,NO2,2,0,1
811,1111,0.7,43.0,0.0434,40.56603773584906,NO2,1,0,1
812,1112,0.4,25.0,0.0369,34.16666666666667,O3,1,1,1
813,1115,0.4,44.0,0.0378,41.509433962264154,NO2,1,0,1
814,1116,0.8,72.0,0.0517,70.17391304347827,NO2,2,0,1
815,1117,1.9,91.0,0.0786,127.60000000000001,O3,3,0,0
816,1118,2.1,89.0,0.0844,147.89999999999998,O3,3,0,0
817,1119,1.4,84.0,0.072,104.5,O3,3,0,0
818,1120,1.4,83.0,0.0668,89.54666666666665,O3,2,1,0
819,1121,1.3,78.0,0.0605,76.56521739130434,NO2,2,0,0
820,1122,1.5,80.0,0.0646,82.36,O3,2,0,0
821,1123,1.6,75.0,0.064,80.39999999999999,O3,2,0,0
822,1124,1.3,77.0,0.0571,75.5,NO2,2,1,0
823,1125,1.4,77.0,0.0605,75.5,NO2,2,0,0
824,1126,1.5,81.0,0.0636,79.76086956521739,NO2,2,0,0
825,1127,2.2,101.0,0.0886,157.70526315789476,O3,4,0,0
826,1128,3.2,119.0,0.1032,195.35789473684213,O3,4,0,0
827,1129,3.0,111.0,0.0977,181.17368421052632,O3,4,0,0
828,1130,2.6,109.0,0.0924,167.50526315789475,O3,4,0,0
829,1131,1.6,101.0,0.0846,148.59999999999997,O3,3,0,0
830,1132,1.5,89.0,0.0755,116.75,O3,3,0,0
831,1133,1.2,75.0,0.061,73.36956521739131,NO2,2,1,1
832,1134,0.8,51.0,0.0439,48.113207547169814,NO2,1,1,1
833,1135,0.7,39.0,0.0402,37.22222222222222,O3,1,1,1
834,1136,0.5,32.0,0.0406,37.592592592592595,O3,1,1,1
835,1139,0.7,68.0,0.0746,113.60000000000001,O3,3,0,0
836,1140,1.4,76.0,0.1126,207.95106382978724,O3,5,0,0
837,1141,4.1,122.0,0.1703,268.72021276595746,O3,5,0,0
838,1142,4.6,129.0,0.1628,260.8212765957447,O3,5,0,0
839,1143,1.9,94.0,0.0936,170.60000000000002,O3,4,0,0
840,1144,1.9,99.0,0.089,158.73684210526315,O3,4,0,0
841,1145,1.7,81.0,0.0757,117.45000000000002,O3,3,0,0
842,1146,2.4,87.0,0.0949,173.95263157894738,O3,4,0,0
843,1147,3.0,107.0,0.1109,206.16063829787234,O3,5,0,0
844,1148,2.0,95.0,0.087,153.57894736842104,O3,4,0,0
845,1149,2.7,110.0,0.1011,189.94210526315788,O3,4,0,0
846,1150,2.2,99.0,0.0885,157.44736842105263,O3,4,0,0
847,1151,2.9,113.0,0.1015,190.97368421052636,O3,4,0,0
848,1152,3.4,127.0,0.1155,211.00531914893617,O3,5,0,0
849,1153,3.9,131.0,0.1315,227.85638297872342,O3,5,0,0
850,1154,3.6,137.0,0.1359,232.4904255319149,O3,5,0,0
851,1155,2.5,122.0,0.1194,215.1127659574468,O3,5,0,0
852,1156,1.8,100.0,0.0951,174.4684210526316,O3,4,0,0
853,1157,2.0,108.0,0.1054,102.32432432432432,NO2,3,0,0
854,1158,1.3,83.0,0.098,181.94736842105266,O3,4,0,0
855,1159,1.0,74.0,0.0898,160.80000000000004,O3,4,0,0
856,1160,0.6,64.0,0.0803,133.54999999999998,O3,3,0,0
857,1163,0.5,39.0,0.0677,92.48666666666664,O3,2,0,0
858,1164,1.1,69.0,0.0996,186.07368421052632,O3,4,0,0
859,1165,5.5,104.0,0.1736,272.1957446808511,O3,5,0,0
860,1166,4.2,100.0,0.1692,267.56170212765954,O3,5,0,0
861,1167,4.6,146.0,0.2108,311.37446808510634,O3,6,0,0
862,1168,3.4,155.0,0.1807,279.67340425531916,O3,5,0,0
863,1169,2.8,139.0,0.1566,254.2914893617021,O3,5,0,0
864,1170,2.5,121.0,0.1293,225.53936170212765,O3,5,0,0
865,1171,2.4,108.0,0.1219,217.74574468085106,O3,5,0,0
866,1172,3.2,126.0,0.133,229.43617021276597,O3,5,0,0
867,1173,3.5,145.0,0.1299,226.17127659574467,O3,5,0,0
868,1174,2.9,121.0,0.1111,206.3712765957447,O3,5,0,0
869,1175,3.6,145.0,0.13,226.27659574468086,O3,5,0,0
870,1176,4.8,160.0,0.1653,263.45425531914896,O3,5,0,0
871,1177,5.4,155.0,0.1716,270.0893617021277,O3,5,0,0
872,1178,5.3,162.0,0.172,270.51063829787233,O3,5,0,0
873,1179,2.7,129.0,0.1339,230.38404255319148,O3,5,0,0
874,1180,1.4,96.0,0.1166,212.16382978723405,O3,5,0,0
875,1181,1.6,92.0,0.1256,221.64255319148936,O3,5,0,0
876,1182,1.5,89.0,0.1125,207.84574468085106,O3,5,0,0
877,1183,1.0,61.0,0.0968,178.85263157894738,O3,4,0,0
878,1184,0.6,54.0,0.0814,137.39999999999998,O3,3,0,0
879,1187,0.8,57.0,0.0861,151.2578947368421,O3,4,0,0
880,1188,1.5,68.0,0.1047,199.2263157894737,O3,4,0,0
881,1189,4.9,95.0,0.1665,264.718085106383,O3,5,0,0
882,1190,7.2,125.0,0.1982,298.10425531914893,O3,5,0,0
883,1191,3.5,135.0,0.1711,269.5627659574468,O3,5,0,0
884,1192,2.1,118.0,0.1204,216.1659574468085,O3,5,0,0
885,1193,1.5,91.0,0.0871,153.83684210526317,O3,4,0,0
886,1194,2.0,89.0,0.104,197.42105263157896,O3,4,0,0
887,1195,3.8,129.0,0.1439,240.9159574468085,O3,5,0,0
888,1196,3.4,122.0,0.1516,249.02553191489363,O3,5,0,0
889,1197,4.4,138.0,0.1693,267.66702127659573,O3,5,0,0
890,1198,3.9,136.0,0.1635,261.5585106382979,O3,5,0,0
891,1199,4.9,143.0,0.1688,267.1404255319149,O3,5,0,0
892,1200,5.4,145.0,0.182,281.04255319148933,O3,5,0,0
893,1201,6.5,146.0,0.2006,300.631914893617,O3,6,0,0
894,1202,4.3,122.0,0.174,272.6170212765957,O3,5,0,0
895,1203,2.9,112.0,0.1577,255.45,O3,5,0,0
896,1204,2.7,102.0,0.1443,241.3372340425532,O3,5,0,0
897,1205,2.8,97.0,0.1411,237.96702127659574,O3,5,0,0
898,1206,2.3,85.0,0.1217,217.53510638297874,O3,5,0,0
899,1207,1.7,76.0,0.1086,203.73829787234044,O3,5,0,0
900,1208,1.2,74.0,0.105,200.0,O3,4,0,0
901,1211,0.8,66.0,0.0917,165.70000000000002,O3,4,0,0
902,1212,1.7,90.0,0.1116,206.89787234042555,O3,5,0,0
903,1213,3.0,111.0,0.138,234.70212765957447,O3,5,0,0
904,1214,3.4,103.0,0.1378,234.49148936170212,O3,5,0,0
905,1215,3.3,117.0,0.1365,233.12234042553192,O3,5,0,0
906,1216,2.7,116.0,0.1273,223.43297872340426,O3,5,0,0
907,1217,2.6,109.0,0.1242,220.168085106383,O3,5,0,0
908,1218,3.2,116.0,0.1294,225.6446808510638,O3,5,0,0
909,1219,3.4,115.0,0.1413,238.1776595744681,O3,5,0,0
910,1220,2.6,94.0,0.1224,218.27234042553192,O3,5,0,0
911,1221,3.4,121.0,0.1318,228.1723404255319,O3,5,0,0
912,1222,4.0,114.0,0.1404,237.22978723404253,O3,5,0,0
913,1223,4.5,110.0,0.1471,244.28617021276597,O3,5,0,0
914,1224,4.2,122.0,0.1623,260.29468085106384,O3,5,0,0
915,1225,5.7,135.0,0.1786,277.4617021276596,O3,5,0,0
916,1226,4.4,133.0,0.1569,254.60744680851064,O3,5,0,0
917,1227,3.1,110.0,0.1495,246.81382978723403,O3,5,0,0
918,1228,3.0,102.0,0.1471,244.28617021276597,O3,5,0,0
919,1229,3.1,108.0,0.1384,235.12340425531914,O3,5,0,0
920,1230,3.5,110.0,0.1789,277.7776595744681,O3,5,0,0
921,1231,2.4,84.0,0.1323,228.69893617021276,O3,5,0,0
922,1232,1.6,71.0,0.1081,203.21170212765958,O3,5,0,0
923,1235,0.6,32.0,0.0543,30.18867924528302,NO2,1,1,1
924,1236,0.7,35.0,0.0561,54.59333333333332,O3,2,0,1
925,1237,1.2,67.0,0.0862,151.51578947368424,O3,4,0,0
926,1238,1.5,73.0,0.0901,161.57368421052632,O3,4,0,0
927,1239,1.8,86.0,0.1048,199.4842105263158,O3,4,0,0
928,1240,2.1,89.0,0.0971,179.62631578947372,O3,4,0,0
929,1241,1.9,86.0,0.0915,165.1842105263158,O3,4,0,0
930,1242,2.0,86.0,0.0891,158.99473684210528,O3,4,0,0
931,1243,1.3,66.0,0.0628,76.47999999999996,O3,2,1,0
932,1244,1.3,68.0,0.0556,65.91304347826087,NO2,2,1,0
933,1245,1.8,82.0,0.0652,84.31999999999996,O3,2,1,0
934,1246,2.0,91.0,0.0683,94.44666666666664,O3,2,1,0
935,1247,1.8,95.0,0.0624,94.67391304347827,NO2,2,1,0
936,1248,2.4,104.0,0.0733,109.05000000000003,O3,3,0,0
937,1249,4.0,131.0,0.1062,201.21063829787235,O3,5,0,0
938,1250,2.8,112.0,0.0988,184.0105263157895,O3,4,0,0
939,1251,2.0,100.0,0.0871,153.83684210526317,O3,4,0,0
940,1252,3.6,115.0,0.1243,220.27340425531915,O3,5,0,0
941,1253,3.7,129.0,0.1175,213.11170212765956,O3,5,0,0
942,1254,2.3,99.0,0.1126,207.95106382978724,O3,5,0,0
943,1255,1.8,74.0,0.1118,207.10851063829787,O3,5,0,0
944,1256,0.9,55.0,0.0864,152.03157894736844,O3,4,0,0
945,1259,0.6,37.0,0.0689,96.40666666666665,O3,2,0,0
946,1260,0.7,45.0,0.0767,120.95000000000002,O3,3,0,0
947,1261,0.8,46.0,0.0817,138.44999999999996,O3,3,0,0
948,1262,1.2,68.0,0.094,171.63157894736844,O3,4,0,0
949,1263,1.4,77.0,0.0908,163.37894736842108,O3,4,0,0
950,1264,1.6,79.0,0.0871,153.83684210526317,O3,4,0,0
951,1265,1.3,72.0,0.0689,96.40666666666665,O3,2,1,0
952,1266,1.3,68.0,0.0629,76.80666666666664,O3,2,1,0
953,1267,1.1,64.0,0.0602,67.98666666666665,O3,2,0,0
954,1268,1.2,73.0,0.0617,72.88666666666666,O3,2,0,0
955,1269,1.5,84.0,0.0677,92.48666666666664,O3,2,1,0
956,1270,1.1,67.0,0.058,64.84782608695653,NO2,2,1,0
957,1271,1.9,106.0,0.0861,151.2578947368421,O3,4,0,0
958,1272,2.3,114.0,0.108,203.10638297872342,O3,5,0,0
959,1273,3.3,123.0,0.1288,225.01276595744682,O3,5,0,0
960,1274,2.6,108.0,0.1163,211.84787234042554,O3,5,0,0
961,1275,2.2,100.0,0.1043,198.19473684210527,O3,4,0,0
962,1276,2.3,118.0,0.1045,198.71052631578948,O3,4,0,0
963,1277,2.0,121.0,0.0929,168.79473684210527,O3,4,0,0
964,1278,1.6,94.0,0.0825,141.25,O3,3,0,0
965,1279,0.8,52.0,0.0545,49.056603773584904,NO2,1,1,1
966,1280,0.6,39.0,0.05,46.296296296296305,O3,1,1,1
967,1283,0.7,57.0,0.0717,103.45000000000002,O3,3,0,0
968,1284,1.3,80.0,0.1126,207.95106382978724,O3,5,0,0
969,1285,3.4,101.0,0.1597,257.55638297872343,O3,5,0,0
970,1286,4.7,109.0,0.1687,267.0351063829787,O3,5,0,0
971,1287,3.4,109.0,0.1529,250.39468085106384,O3,5,0,0
972,1288,2.5,111.0,0.1366,233.22765957446808,O3,5,0,0
973,1289,2.0,102.0,0.1074,202.4744680851064,O3,5,0,0
974,1290,1.9,96.0,0.094,171.63157894736844,O3,4,0,0
975,1291,1.7,90.0,0.0921,166.73157894736843,O3,4,0,0
976,1292,1.4,69.0,0.0695,98.36666666666667,O3,2,1,0
977,1293,1.5,74.0,0.0795,130.75,O3,3,0,0
978,1294,2.4,102.0,0.1079,203.00106382978723,O3,5,0,0
979,1295,3.9,128.0,0.1473,244.4968085106383,O3,5,0,0
980,1296,4.2,130.0,0.1493,246.60319148936168,O3,5,0,0
981,1297,3.7,120.0,0.1308,227.1191489361702,O3,5,0,0
982,1298,3.2,113.0,0.1189,214.58617021276598,O3,5,0,0
983,1299,2.0,100.0,0.1076,202.68510638297872,O3,5,0,0
984,1300,1.1,70.0,0.0806,134.60000000000002,O3,3,0,0
985,1301,1.5,83.0,0.0973,180.1421052631579,O3,4,0,0
986,1302,1.3,81.0,0.0929,168.79473684210527,O3,4,0,0
987,1303,1.0,69.0,0.0778,124.79999999999998,O3,3,0,0
988,1304,0.6,48.0,0.0633,78.1133333333333,O3,2,0,0
989,1307,0.6,47.0,0.0579,60.47333333333333,O3,2,0,0
990,1308,1.9,88.0,0.1003,187.87894736842105,O3,4,0,0
991,1309,4.5,109.0,0.1393,236.07127659574468,O3,5,0,0
992,1310,4.3,113.0,0.1406,237.4404255319149,O3,5,0,0
993,1311,3.2,104.0,0.1308,227.1191489361702,O3,5,0,0
994,1312,1.3,65.0,0.0863,151.77368421052634,O3,4,0,0
995,1313,2.2,87.0,0.1004,188.13684210526318,O3,4,0,0
996,1314,2.6,99.0,0.1023,193.03684210526316,O3,4,0,0
997,1315,2.3,100.0,0.0978,181.43157894736842,O3,4,0,0
998,1316,2.4,105.0,0.0979,181.68947368421055,O3,4,0,0
999,1317,2.6,97.0,0.0971,179.62631578947372,O3,4,0,0
1000,1318,1.2,54.0,0.0617,72.88666666666666,O3,2,1,0
1001,1319,1.6,59.0,0.0717,103.45000000000002,O3,3,0,0
1002,1320,3.9,109.0,0.122,217.85106382978722,O3,5,0,0
1003,1321,4.7,125.0,0.1296,225.85531914893616,O3,5,0,0
1004,1322,5.4,132.0,0.1413,238.1776595744681,O3,5,0,0
1005,1323,3.0,110.0,0.1093,204.47553191489362,O3,5,0,0
1006,1324,0.9,53.0,0.0586,62.75999999999999,O3,2,0,1
1007,1325,1.1,61.0,0.0575,59.16666666666667,O3,2,0,1
1008,1326,0.7,41.0,0.0441,40.833333333333336,O3,1,1,1
1009,1327,0.5,22.0,0.0358,33.148148148148145,O3,1,1,1
1010,1328,0.5,28.0,0.0377,34.907407407407405,O3,1,1,1
1011,1331,0.8,54.0,0.058,60.800000000000004,O3,2,0,1
1012,1332,1.3,81.0,0.0805,134.25,O3,3,0,0
1013,1333,3.5,107.0,0.1273,223.43297872340426,O3,5,0,0
1014,1335,3.9,124.0,0.1307,227.01382978723404,O3,5,0,0
1015,1336,2.9,123.0,0.1102,205.42340425531916,O3,5,0,0
1016,1337,2.6,120.0,0.1083,203.4223404255319,O3,5,0,0
1017,1338,3.0,113.0,0.1083,203.4223404255319,O3,5,0,0
1018,1339,3.7,114.0,0.1236,219.53617021276597,O3,5,0,0
1019,1340,3.9,120.0,0.1223,218.16702127659576,O3,5,0,0
1020,1341,3.5,125.0,0.1175,213.11170212765956,O3,5,0,0
1021,1342,2.4,88.0,0.0933,169.82631578947368,O3,4,0,0
1022,1343,1.6,72.0,0.0835,144.75,O3,3,0,0
1023,1344,3.0,103.0,0.1291,225.3287234042553,O3,5,0,0
1024,1345,1.6,67.0,0.0802,133.19999999999996,O3,3,0,0
1025,1346,2.1,79.0,0.0842,147.19999999999996,O3,3,0,0
1026,1347,1.8,89.0,0.0744,112.89999999999999,O3,3,0,0
1027,1348,1.1,67.0,0.05,64.84782608695653,NO2,2,0,1
1028,1349,1.5,83.0,0.056,81.8913043478261,NO2,2,1,1
1029,1350,1.4,76.0,0.0589,74.43478260869566,NO2,2,0,1
1030,1351,0.9,58.0,0.0488,55.26086956521739,NO2,2,1,1
1031,1352,0.5,30.0,0.0387,35.833333333333336,O3,1,1,1
1032,1355,0.6,50.0,0.042,47.16981132075472,NO2,1,1,1
1033,1356,1.3,92.0,0.0695,98.36666666666667,O3,2,1,1
1034,1357,2.9,101.0,0.1139,209.32021276595745,O3,5,0,0
1035,1358,3.6,121.0,0.1315,227.85638297872342,O3,5,0,0
1036,1359,3.4,130.0,0.1217,217.53510638297874,O3,5,0,0
1037,1360,2.5,114.0,0.1014,190.71578947368423,O3,4,0,0
1038,1361,2.1,100.0,0.0884,157.18947368421055,O3,4,0,0
1039,1362,1.1,56.0,0.0524,53.130434782608695,NO2,2,0,0
1040,1363,1.8,75.0,0.0644,81.70666666666665,O3,2,1,0
1041,1364,3.0,121.0,0.1032,195.35789473684213,O3,4,0,0
1042,1365,3.1,128.0,0.1038,196.90526315789475,O3,4,0,0
1043,1366,3.6,139.0,0.1077,202.7904255319149,O3,5,0,0
1044,1367,3.3,122.0,0.0983,182.72105263157894,O3,4,0,0
1045,1368,1.8,92.0,0.0834,144.39999999999998,O3,3,0,0
1046,1369,2.1,97.0,0.0949,173.95263157894738,O3,4,0,0
1047,1370,2.2,98.0,0.0941,171.88947368421054,O3,4,0,0
1048,1371,1.6,93.0,0.0756,117.10000000000001,O3,3,0,0
1049,1372,0.9,65.0,0.0655,85.29999999999998,O3,2,0,0
1050,1373,1.8,81.0,0.0805,134.25,O3,3,0,0
1051,1374,2.3,102.0,0.097,179.3684210526316,O3,4,0,0
1052,1375,2.0,91.0,0.0969,179.11052631578949,O3,4,0,0
1053,1376,0.9,56.0,0.0671,90.52666666666667,O3,2,0,1
1054,1379,0.7,48.0,0.0489,45.283018867924525,NO2,1,0,1
1055,1380,1.5,72.0,0.0689,96.40666666666665,O3,2,0,1
1056,1381,3.7,106.0,0.1196,215.32340425531916,O3,5,0,0
1057,1382,4.2,107.0,0.1266,222.69574468085105,O3,5,0,0
1058,1383,3.4,127.0,0.113,208.37234042553192,O3,5,0,0
1059,1384,2.4,114.0,0.0834,144.39999999999998,O3,3,0,0
1060,1385,1.3,101.0,0.0536,101.0,NO2,3,0,0
1061,1386,1.5,95.0,0.0545,94.67391304347827,NO2,2,0,0
1062,1387,2.2,110.0,0.072,104.5,O3,3,0,0
1063,1388,1.8,101.0,0.0655,101.0,NO2,3,0,0
1064,1389,1.9,106.0,0.0614,101.94594594594595,NO2,3,0,0
1065,1390,2.3,116.0,0.0725,106.25,O3,3,0,0
1066,1391,3.6,124.0,0.1036,196.38947368421054,O3,4,0,0
1067,1392,4.3,133.0,0.1127,208.0563829787234,O3,5,0,0
1068,1393,2.2,96.0,0.0854,95.73913043478261,NO2,2,0,0
1069,1394,1.5,85.0,0.0792,129.70000000000002,O3,3,0,0
1070,1395,2.0,97.0,0.0891,158.99473684210528,O3,4,0,0
1071,1396,2.0,97.0,0.0876,155.1263157894737,O3,4,0,0
1072,1397,2.1,101.0,0.0851,101.0,NO2,3,0,0
1073,1398,1.5,85.0,0.0787,127.95000000000002,O3,3,0,0
1074,1399,2.2,80.0,0.0711,101.35000000000001,O3,3,0,0
1075,1400,0.5,33.0,0.0396,36.66666666666667,O3,1,0,1
1076,1455,4.4,117.0,0.1494,246.70851063829787,O3,5,0,0
1077,1456,2.5,107.0,0.1186,214.27021276595744,O3,5,0,0
1078,1457,2.1,95.0,0.1051,94.67391304347827,NO2,2,1,0
1079,1458,2.4,93.0,0.1027,194.06842105263158,O3,4,0,0
1080,1459,2.2,104.0,0.0981,182.20526315789476,O3,4,0,0
1081,1460,2.2,102.0,0.0976,180.91578947368424,O3,4,0,0
1082,1461,2.3,109.0,0.0932,169.5684210526316,O3,4,0,0
1083,1462,2.1,97.0,0.0871,153.83684210526317,O3,4,0,0
1084,1463,2.5,104.0,0.099,184.5263157894737,O3,4,0,0
1085,1464,3.6,124.0,0.1196,215.32340425531916,O3,5,0,0
1086,1465,4.0,135.0,0.1329,229.33085106382978,O3,5,0,0
1087,1466,3.0,122.0,0.1151,210.5840425531915,O3,5,0,0
1088,1467,2.1,109.0,0.1031,195.1,O3,4,0,0
1089,1468,1.7,95.0,0.0917,165.70000000000002,O3,4,0,0
1090,1469,1.1,86.0,0.086,151.0,O3,4,0,0
1091,1470,0.9,78.0,0.091,163.89473684210526,O3,4,0,0
1092,1471,0.4,53.0,0.0699,99.67333333333332,O3,2,0,0
1093,1472,0.2,43.0,0.0596,66.02666666666666,O3,2,0,0
1094,1475,0.6,48.0,0.0741,111.85000000000001,O3,3,0,0
1095,1476,1.4,64.0,0.0968,178.85263157894738,O3,4,0,0
1096,1477,4.6,95.0,0.1561,253.76489361702124,O3,5,0,0
1097,1478,5.5,120.0,0.1779,276.72446808510637,O3,5,0,0
1098,1479,4.8,153.0,0.1822,281.2531914893617,O3,5,0,0
1099,1480,4.5,163.0,0.1675,265.77127659574467,O3,5,0,0
1100,1481,3.0,119.0,0.1295,225.75,O3,5,0,0
1101,1482,2.5,96.0,0.1091,204.26489361702127,O3,5,0,0
1102,1483,2.3,94.0,0.1023,193.03684210526316,O3,4,0,0
1103,1484,2.0,86.0,0.0877,155.3842105263158,O3,4,0,0
1104,1485,1.9,91.0,0.0931,169.3105263157895,O3,4,0,0
1105,1486,1.9,97.0,0.0913,164.6684210526316,O3,4,0,0
1106,1487,3.5,125.0,0.1255,221.5372340425532,O3,5,0,0
1107,1488,4.6,140.0,0.1571,254.81808510638297,O3,5,0,0
1108,1489,6.3,158.0,0.1779,276.72446808510637,O3,5,0,0
1109,1490,5.0,159.0,0.1735,272.0904255319149,O3,5,0,0
1110,1491,3.3,128.0,0.1511,248.49893617021277,O3,5,0,0
1111,1492,2.7,114.0,0.1424,239.33617021276595,O3,5,0,0
1112,1493,2.2,100.0,0.1348,231.331914893617,O3,5,0,0
1113,1494,1.7,88.0,0.1174,213.00638297872342,O3,5,0,0
1114,1495,0.8,67.0,0.0947,173.4368421052632,O3,4,0,0
1115,1496,0.8,65.0,0.0935,170.34210526315792,O3,4,0,0
1116,1499,0.8,57.0,0.0881,156.4157894736842,O3,4,0,0
1117,1500,1.5,73.0,0.1096,204.79148936170213,O3,5,0,0
1118,1501,4.1,95.0,0.1495,246.81382978723403,O3,5,0,0
1119,1502,5.9,110.0,0.1895,288.9414893617021,O3,5,0,0
1120,1503,5.1,121.0,0.1758,274.51276595744685,O3,5,0,0
1121,1504,3.9,108.0,0.163,261.031914893617,O3,5,0,0
1122,1505,3.4,125.0,0.153,250.5,O3,5,0,0
1123,1506,3.3,117.0,0.1622,260.18936170212766,O3,5,0,0
1124,1507,5.1,131.0,0.1828,281.88510638297873,O3,5,0,0
1125,1508,3.1,126.0,0.1323,228.69893617021276,O3,5,0,0
1126,1509,2.5,114.0,0.1188,214.4808510638298,O3,5,0,0
1127,1510,2.4,123.0,0.1166,212.16382978723405,O3,5,0,0
1128,1511,2.8,116.0,0.1108,206.05531914893618,O3,5,0,0
1129,1512,2.9,107.0,0.0995,185.81578947368422,O3,4,0,0
1130,1513,3.4,123.0,0.1108,206.05531914893618,O3,5,0,0
1131,1514,2.2,112.0,0.0956,175.75789473684213,O3,4,0,0
1132,1515,1.6,101.0,0.0817,138.44999999999996,O3,3,0,0
1133,1516,1.3,91.0,0.0658,90.41304347826087,NO2,2,1,0
1134,1517,1.3,88.0,0.0658,87.21739130434783,NO2,2,1,0
1135,1518,1.6,96.0,0.0748,114.30000000000003,O3,3,0,0
1136,1519,1.2,75.0,0.0569,73.36956521739131,NO2,2,1,1
1137,1520,0.6,47.0,0.0445,44.339622641509436,NO2,1,1,1
1138,1523,0.4,49.0,0.0407,46.22641509433962,NO2,1,1,1
1139,1524,1.0,85.0,0.0611,84.02173913043478,NO2,2,1,1
1140,1525,2.0,106.0,0.0944,172.66315789473686,O3,4,0,0
1141,1526,3.6,136.0,0.1328,229.22553191489362,O3,5,0,0
1142,1527,2.4,119.0,0.1085,203.63297872340425,O3,5,0,0
1143,1528,2.4,122.0,0.1139,209.32021276595745,O3,5,0,0
1144,1529,1.6,90.0,0.0799,132.14999999999998,O3,3,0,0
1145,1530,1.9,97.0,0.0804,133.89999999999998,O3,3,0,0
1146,1531,2.4,98.0,0.093,169.05263157894737,O3,4,0,0
1147,1532,1.7,93.0,0.0771,122.35000000000001,O3,3,0,0
1148,1533,2.1,98.0,0.0845,148.25,O3,3,0,0
1149,1534,3.1,123.0,0.1192,214.90212765957446,O3,5,0,0
1150,1535,4.6,148.0,0.1494,246.70851063829787,O3,5,0,0
1151,1536,4.5,148.0,0.1457,242.81170212765957,O3,5,0,0
1152,1537,3.9,133.0,0.1489,246.18191489361703,O3,5,0,0
1153,1538,4.6,141.0,0.1602,258.08297872340427,O3,5,0,0
1154,1539,3.3,131.0,0.1468,243.97021276595746,O3,5,0,0
1155,1540,2.7,121.0,0.1274,223.53829787234045,O3,5,0,0
1156,1541,3.3,123.0,0.1401,236.91382978723405,O3,5,0,0
1157,1542,2.5,107.0,0.1354,231.96382978723403,O3,5,0,0
1158,1543,2.1,104.0,0.1188,214.4808510638298,O3,5,0,0
1159,1544,1.3,91.0,0.0975,180.65789473684214,O3,4,0,0
1160,1547,1.2,102.0,0.1012,190.2,O3,4,0,0
1161,1548,1.5,95.0,0.0905,162.60526315789474,O3,4,0,0
1162,1549,3.7,140.0,0.1449,241.9691489361702,O3,5,0,0
1163,1551,3.3,138.0,0.1301,226.38191489361702,O3,5,0,0
1164,1552,2.5,113.0,0.1181,213.7436170212766,O3,5,0,0
1165,1553,1.9,101.0,0.0962,177.30526315789473,O3,4,0,0
1166,1554,2.0,97.0,0.0862,151.51578947368424,O3,4,0,0
1167,1555,2.5,114.0,0.1017,191.48947368421054,O3,4,0,0
1168,1556,2.1,110.0,0.0993,185.3,O3,4,0,0
1169,1557,2.1,103.0,0.0879,155.90000000000003,O3,4,0,0
1170,1558,2.3,119.0,0.0926,168.02105263157895,O3,4,0,0
1171,1559,3.0,126.0,0.1011,189.94210526315788,O3,4,0,0
1172,1560,4.1,144.0,0.138,234.70212765957447,O3,5,0,0
1173,1561,4.5,164.0,0.1698,268.1936170212766,O3,5,0,0
1174,1562,3.5,148.0,0.1432,240.17872340425532,O3,5,0,0
1175,1563,2.1,119.0,0.1217,217.53510638297874,O3,5,0,0
1176,1564,2.3,111.0,0.1317,228.06702127659577,O3,5,0,0
1177,1565,1.9,115.0,0.1255,221.5372340425532,O3,5,0,0
1178,1566,1.9,103.0,0.1223,218.16702127659576,O3,5,0,0
1179,1567,1.2,81.0,0.093,169.05263157894737,O3,4,0,0
1180,1568,1.0,71.0,0.0954,175.2421052631579,O3,4,0,0
1181,1571,0.5,44.0,0.0643,81.37999999999997,O3,2,0,0
1182,1572,0.6,49.0,0.0756,117.10000000000001,O3,3,0,0
1183,1573,1.4,68.0,0.1067,201.7372340425532,O3,5,0,0
1184,1574,2.6,108.0,0.1391,235.86063829787236,O3,5,0,0
1185,1575,2.8,117.0,0.1486,245.86595744680852,O3,5,0,0
1186,1576,2.6,127.0,0.1327,229.12021276595746,O3,5,0,0
1187,1577,1.6,93.0,0.0835,144.75,O3,3,0,0
1188,1578,1.7,94.0,0.0834,144.39999999999998,O3,3,0,0
1189,1579,1.7,87.0,0.0815,137.75,O3,3,0,0
1190,1580,1.3,75.0,0.0621,74.19333333333333,O3,2,0,0
1191,1581,1.4,81.0,0.0643,81.37999999999997,O3,2,1,0
1192,1582,1.4,86.0,0.0712,101.70000000000002,O3,3,0,0
1193,1583,1.7,97.0,0.0746,113.60000000000001,O3,3,0,0
1194,1584,2.3,117.0,0.0991,184.78421052631577,O3,4,0,0
1195,1585,2.5,120.0,0.1046,198.96842105263158,O3,4,0,0
1196,1586,3.3,149.0,0.1304,226.69787234042553,O3,5,0,0
1197,1587,2.2,124.0,0.11,205.2127659574468,O3,5,0,0
1198,1588,1.6,97.0,0.1001,187.36315789473684,O3,4,0,0
1199,1589,2.6,112.0,0.129,225.22340425531917,O3,5,0,0
1200,1590,2.3,95.0,0.1205,216.27127659574467,O3,5,0,0
1201,1591,1.5,88.0,0.1045,198.71052631578948,O3,4,0,0
1202,1592,0.9,54.0,0.0739,111.14999999999999,O3,3,0,0
1203,1595,0.4,45.0,0.0564,55.57333333333332,O3,2,1,0
1204,1596,0.4,47.0,0.0602,67.98666666666665,O3,2,1,0
1205,1597,0.8,58.0,0.0785,127.25,O3,3,0,0
1206,1598,0.9,69.0,0.0878,155.64210526315793,O3,4,0,0
1207,1599,1.6,89.0,0.0981,182.20526315789476,O3,4,0,0
1208,1600,2.0,105.0,0.0991,184.78421052631577,O3,4,0,0
1209,1601,1.6,92.0,0.078,125.5,O3,3,0,0
1210,1602,1.4,82.0,0.0684,94.77333333333331,O3,2,0,0
1211,1603,0.9,56.0,0.0468,53.130434782608695,NO2,2,1,0
1212,1604,0.9,60.0,0.0468,57.391304347826086,NO2,2,1,0
1213,1605,1.2,64.0,0.053,61.65217391304348,NO2,2,1,0
1214,1606,1.4,85.0,0.0648,84.02173913043478,NO2,2,1,0
1215,1607,1.9,107.0,0.0746,113.60000000000001,O3,3,0,0
1216,1608,1.8,106.0,0.0819,139.14999999999998,O3,3,0,0
1217,1609,2.7,125.0,0.1125,207.84574468085106,O3,5,0,0
1218,1610,2.4,118.0,0.1013,190.45789473684212,O3,4,0,0
1219,1611,1.6,95.0,0.0816,138.10000000000002,O3,3,0,0
1220,1612,1.4,97.0,0.075,115.0,O3,3,0,0
1221,1613,1.4,93.0,0.0673,92.54347826086956,NO2,2,0,1
1222,1614,1.4,85.0,0.0692,97.38666666666663,O3,2,0,1
1223,1615,0.9,67.0,0.0517,64.84782608695653,NO2,2,1,1
1224,1616,0.5,37.0,0.0392,36.2962962962963,O3,1,1,1
1225,1619,0.5,75.0,0.0779,125.14999999999999,O3,3,0,0
1226,1620,1.3,102.0,0.1016,191.2315789473684,O3,4,0,0
1227,1621,2.6,113.0,0.1243,220.27340425531915,O3,5,0,0
1228,1622,2.0,142.0,0.0949,173.95263157894738,O3,4,0,0
1229,1623,1.8,90.0,0.0861,151.2578947368421,O3,4,0,0
1230,1624,1.7,94.0,0.085,150.0,O3,3,0,0
1231,1625,1.5,92.0,0.0788,128.29999999999998,O3,3,0,0
1232,1626,1.9,97.0,0.0879,155.90000000000003,O3,4,0,0
1233,1627,1.7,88.0,0.0747,113.95000000000002,O3,3,0,0
1234,1628,1.5,86.0,0.07,100.0,O3,2,1,0
1235,1629,1.7,99.0,0.0695,98.93478260869566,NO2,2,0,0
1236,1630,1.7,95.0,0.0756,117.10000000000001,O3,3,0,0
1237,1631,2.4,105.0,0.0941,171.88947368421054,O3,4,0,0
1238,1632,3.1,121.0,0.1021,192.52105263157895,O3,4,0,0
1239,1633,3.4,125.0,0.1167,212.2691489361702,O3,5,0,0
1240,1634,3.0,122.0,0.1105,205.73936170212767,O3,5,0,0
1241,1635,1.2,81.0,0.0712,101.70000000000002,O3,3,0,0
1242,1636,1.2,73.0,0.0735,109.75,O3,3,0,0
1243,1637,1.3,80.0,0.0851,78.69565217391305,NO2,2,1,0
1244,1638,1.0,65.0,0.0706,62.71739130434783,NO2,2,0,0
1245,1639,0.4,59.0,0.0643,81.37999999999997,O3,2,1,0
1246,1640,0.3,50.0,0.0608,69.94666666666666,O3,2,1,0
1247,1643,0.5,37.0,0.0618,73.21333333333332,O3,2,1,0
1248,1644,0.9,54.0,0.0931,169.3105263157895,O3,4,0,0
1249,1645,2.7,94.0,0.1519,249.34148936170214,O3,5,0,0
1250,1646,6.5,139.0,0.2054,305.6872340425532,O3,6,0,0
1251,1647,3.2,115.0,0.155,252.6063829787234,O3,5,0,0
1252,1648,2.4,119.0,0.1381,234.80744680851063,O3,5,0,0
1253,1649,1.9,103.0,0.1115,206.79255319148936,O3,5,0,0
1254,1650,2.7,123.0,0.1189,214.58617021276598,O3,5,0,0
1255,1651,2.9,126.0,0.12,215.74468085106383,O3,5,0,0
1256,1652,2.0,106.0,0.0965,178.07894736842107,O3,4,0,0
1257,1653,2.3,127.0,0.1018,191.74736842105264,O3,4,0,0
1258,1654,1.9,105.0,0.0775,123.75,O3,3,0,0
1259,1655,3.0,130.0,0.1193,215.00744680851065,O3,5,0,0
1260,1656,4.4,160.0,0.1425,239.4414893617021,O3,5,0,0
1261,1657,4.7,162.0,0.1594,257.24042553191487,O3,5,0,0
1262,1658,3.4,135.0,0.1284,224.59148936170212,O3,5,0,0
1263,1659,2.4,122.0,0.1174,213.00638297872342,O3,5,0,0
1264,1660,1.2,75.0,0.0937,170.85789473684213,O3,4,0,0
1265,1661,1.7,96.0,0.0985,183.23684210526318,O3,4,0,0
1266,1662,1.2,84.0,0.1041,197.67894736842106,O3,4,0,0
1267,1663,0.7,68.0,0.0867,152.80526315789476,O3,4,0,0
1268,1664,0.5,65.0,0.0822,140.19999999999996,O3,3,0,0
1269,1667,0.3,46.0,0.0628,76.47999999999996,O3,2,1,0
1270,1668,0.7,54.0,0.081,136.0,O3,3,0,0
1271,1669,3.1,94.0,0.1495,246.81382978723403,O3,5,0,0
1272,1670,6.2,155.0,0.2018,301.89574468085107,O3,6,0,0
1273,1671,4.6,165.0,0.1696,267.98297872340424,O3,5,0,0
1274,1672,2.6,134.0,0.134,230.48936170212767,O3,5,0,0
1275,1673,2.1,122.0,0.1123,207.63510638297873,O3,5,0,0
1276,1674,2.0,113.0,0.0971,179.62631578947372,O3,4,0,0
1277,1675,2.2,115.0,0.1,187.10526315789477,O3,4,0,0
1278,1676,2.1,118.0,0.0891,158.99473684210528,O3,4,0,0
1279,1677,2.3,125.0,0.0852,105.54054054054055,NO2,3,0,0
1280,1678,2.5,135.0,0.0975,180.65789473684214,O3,4,0,0
1281,1679,3.4,149.0,0.1192,214.90212765957446,O3,5,0,0
1282,1680,4.3,162.0,0.1373,233.9648936170213,O3,5,0,0
1283,1681,3.8,151.0,0.1307,227.01382978723404,O3,5,0,0
1284,1682,3.8,154.0,0.1325,228.9095744680851,O3,5,0,0
1285,1683,2.0,118.0,0.0918,165.95789473684215,O3,4,0,0
1286,1684,1.7,103.0,0.0877,155.3842105263158,O3,4,0,0
1287,1685,2.0,122.0,0.1024,193.2947368421053,O3,4,0,0
1288,1686,1.5,102.0,0.1019,192.00526315789477,O3,4,0,0
1289,1687,0.8,73.0,0.0823,140.54999999999998,O3,3,0,0
1290,1688,0.5,59.0,0.0701,56.32608695652174,NO2,2,1,1
1291,1691,0.3,35.0,0.0533,49.351851851851855,O3,1,0,1
1292,1692,0.9,68.0,0.0906,162.86315789473684,O3,4,0,0
1293,1693,2.8,97.0,0.1447,241.75851063829788,O3,5,0,0
1294,1694,5.4,146.0,0.1835,282.6223404255319,O3,5,0,0
1295,1695,4.0,83.0,0.1552,252.81702127659574,O3,5,0,0
1296,1696,2.2,117.0,0.1092,204.37021276595746,O3,5,0,0
1297,1697,2.2,117.0,0.1071,202.15851063829788,O3,5,0,0
1298,1698,2.0,108.0,0.0881,156.4157894736842,O3,4,0,0
1299,1699,2.0,107.0,0.0907,163.12105263157898,O3,4,0,0
1300,1700,1.9,120.0,0.0899,161.05789473684212,O3,4,0,0
1301,1701,2.7,150.0,0.1074,202.4744680851064,O3,5,0,0
1302,1702,2.2,138.0,0.0969,179.11052631578949,O3,4,0,0
1303,1703,3.5,148.0,0.1267,222.80106382978724,O3,5,0,0
1304,1704,4.1,168.0,0.1402,237.0191489361702,O3,5,0,0
1305,1705,4.4,172.0,0.1437,240.70531914893616,O3,5,0,0
1306,1706,4.5,179.0,0.1382,234.9127659574468,O3,5,0,0
1307,1707,2.9,143.0,0.128,224.17021276595744,O3,5,0,0
1308,1708,2.6,137.0,0.125,221.01063829787233,O3,5,0,0
1309,1709,2.1,117.0,0.1359,232.4904255319149,O3,5,0,0
1310,1710,1.2,93.0,0.1102,205.42340425531916,O3,5,0,0
1311,1711,0.6,64.0,0.0768,121.29999999999998,O3,3,0,0
1312,1712,0.3,58.0,0.0656,85.62666666666667,O3,2,0,0
1313,1715,0.3,47.0,0.0656,85.62666666666667,O3,2,1,0
1314,1716,0.7,62.0,0.0926,168.02105263157895,O3,4,0,0
1315,1717,4.2,113.0,0.1677,265.981914893617,O3,5,0,0
1316,1718,4.8,126.0,0.1828,281.88510638297873,O3,5,0,0
1317,1719,3.4,139.0,0.1752,273.88085106382977,O3,5,0,0
1318,1720,2.8,148.0,0.1581,255.87127659574466,O3,5,0,0
1319,1721,1.8,117.0,0.1132,208.58297872340427,O3,5,0,0
1320,1722,1.9,106.0,0.1037,196.64736842105265,O3,4,0,0
1321,1723,2.0,98.0,0.1023,193.03684210526316,O3,4,0,0
1322,1724,1.9,98.0,0.1022,192.77894736842106,O3,4,0,0
1323,1725,2.0,110.0,0.0989,184.2684210526316,O3,4,0,0
1324,1726,2.3,114.0,0.0925,167.76315789473685,O3,4,0,0
1325,1727,2.7,122.0,0.0795,130.75,O3,3,0,0
1326,1728,3.6,155.0,0.1263,222.37978723404254,O3,5,0,0
1327,1729,3.8,145.0,0.1184,214.05957446808512,O3,5,0,0
1328,1730,3.5,146.0,0.1272,223.3276595744681,O3,5,0,0
1329,1731,2.5,130.0,0.1177,213.3223404255319,O3,5,0,0
1330,1732,2.5,126.0,0.1231,219.0095744680851,O3,5,0,0
1331,1733,3.0,127.0,0.1243,220.27340425531915,O3,5,0,0
1332,1734,3.7,126.0,0.1427,239.65212765957446,O3,5,0,0
1333,1735,3.3,124.0,0.1454,242.49574468085106,O3,5,0,0
1334,1736,1.5,93.0,0.1183,213.95425531914893,O3,5,0,0
1335,1739,0.5,59.0,0.0777,124.45000000000002,O3,3,0,0
1336,1740,0.5,66.0,0.0888,158.22105263157897,O3,4,0,0
1337,1741,1.2,80.0,0.1076,202.68510638297872,O3,5,0,0
1338,1742,2.2,94.0,0.1285,224.6968085106383,O3,5,0,0
1339,1743,2.2,102.0,0.1315,227.85638297872342,O3,5,0,0
1340,1744,2.1,96.0,0.125,221.01063829787233,O3,5,0,0
1341,1745,1.8,91.0,0.0978,181.43157894736842,O3,4,0,0
1342,1746,2.2,104.0,0.1072,202.26382978723404,O3,5,0,0
1343,1747,2.0,84.0,0.1064,201.42127659574467,O3,5,0,0
1344,1748,1.4,76.0,0.0825,141.25,O3,3,0,0
1345,1749,1.8,87.0,0.0924,167.50526315789475,O3,4,0,0
1346,1750,2.1,101.0,0.0966,178.33684210526317,O3,4,0,0
1347,1751,2.8,115.0,0.1302,226.4872340425532,O3,5,0,0
1348,1752,2.8,110.0,0.1256,221.64255319148936,O3,5,0,0
1349,1753,2.7,103.0,0.1068,201.84255319148937,O3,5,0,0
1350,1754,1.8,90.0,0.107,202.0531914893617,O3,5,0,0
1351,1755,1.2,68.0,0.0792,129.70000000000002,O3,3,0,0
1352,1756,2.6,85.0,0.1017,191.48947368421054,O3,4,0,0
1353,1757,3.1,100.0,0.1207,216.48191489361702,O3,5,0,0
1354,1758,4.1,114.0,0.1499,247.23510638297873,O3,5,0,0
1355,1759,3.6,108.0,0.1474,244.60212765957448,O3,5,0,0
1356,1760,1.9,78.0,0.1163,211.84787234042554,O3,5,0,0
1357,1763,0.3,37.0,0.0507,46.94444444444445,O3,1,1,1
1358,1764,0.4,53.0,0.0506,50.0,NO2,1,1,1
1359,1765,0.8,79.0,0.0716,103.10000000000001,O3,3,0,0
1360,1766,0.8,65.0,0.0795,130.75,O3,3,0,0
1361,1767,0.8,64.0,0.0594,65.37333333333333,O3,2,1,1
1362,1768,0.8,66.0,0.0565,63.78260869565217,NO2,2,1,1
1363,1769,0.9,53.0,0.0523,50.0,NO2,1,1,1
1364,1770,1.2,69.0,0.0591,66.97826086956522,NO2,2,1,1
1365,1771,1.0,57.0,0.0559,54.19565217391305,NO2,2,0,1
1366,1772,0.8,36.0,0.043,39.81481481481482,O3,1,1,1
1367,1773,1.1,57.0,0.0522,54.19565217391305,NO2,2,1,1
1368,1774,1.5,73.0,0.0641,80.72666666666666,O3,2,1,1
1369,1775,1.5,81.0,0.0738,110.80000000000003,O3,3,0,0
1370,1776,1.4,91.0,0.0778,124.79999999999998,O3,3,0,0
1371,1777,1.1,65.0,0.0718,103.80000000000003,O3,3,0,0
1372,1778,0.9,56.0,0.0689,96.40666666666665,O3,2,0,1
1373,1779,1.0,69.0,0.0852,66.97826086956522,NO2,2,0,1
1374,1780,1.1,73.0,0.0854,71.23913043478261,NO2,2,1,1
1375,1781,1.0,76.0,0.0664,88.23999999999998,O3,2,0,1
1376,1782,0.7,67.0,0.0544,64.84782608695653,NO2,2,1,1
1377,1783,0.5,44.0,0.0461,42.68518518518519,O3,1,1,1
1378,1784,0.2,21.0,0.0352,32.592592592592595,O3,1,1,1
1379,1787,0.1,29.0,0.0307,28.425925925925927,O3,1,1,1
1380,1788,0.5,69.0,0.0441,66.97826086956522,NO2,2,1,1
1381,1789,1.6,111.0,0.0775,123.75,O3,3,0,0
1382,1790,2.0,81.0,0.0907,163.12105263157898,O3,4,0,0
1383,1791,1.3,56.0,0.0763,119.55000000000003,O3,3,0,0
1384,1792,1.0,90.0,0.0649,89.34782608695653,NO2,2,0,0
1385,1793,0.9,85.0,0.0598,84.02173913043478,NO2,2,1,0
1386,1794,1.2,83.0,0.0579,81.8913043478261,NO2,2,1,0
1387,1795,1.3,85.0,0.0596,84.02173913043478,NO2,2,0,0
1388,1796,1.1,85.0,0.0595,84.02173913043478,NO2,2,0,0
1389,1797,1.2,81.0,0.0607,79.76086956521739,NO2,2,0,0
1390,1798,1.4,92.0,0.0662,91.47826086956522,NO2,2,0,0
1391,1799,2.0,108.0,0.0822,140.19999999999996,O3,3,0,0
1392,1800,2.4,106.0,0.0987,183.75263157894736,O3,4,0,0
1393,1801,2.1,114.0,0.0966,178.33684210526317,O3,4,0,0
1394,1802,1.2,96.0,0.0763,119.55000000000003,O3,3,0,0
1395,1803,0.7,77.0,0.0617,75.5,NO2,2,0,0
1396,1804,0.7,73.0,0.0564,71.23913043478261,NO2,2,1,0
1397,1805,0.8,86.0,0.0646,85.08695652173913,NO2,2,1,0
1398,1806,0.5,84.0,0.0753,116.05000000000003,O3,3,0,0
1399,1807,0.2,56.0,0.0669,89.87333333333332,O3,2,1,1
1400,1811,0.1,51.0,0.0532,49.25925925925926,O3,1,1,1
1401,1812,0.2,45.0,0.0536,49.62962962962963,O3,1,0,1
1402,1813,1.1,82.0,0.0917,165.70000000000002,O3,4,0,0
1403,1814,3.0,100.0,0.1481,245.33936170212766,O3,5,0,0
1404,1815,2.1,91.0,0.1187,214.37553191489363,O3,5,0,0
1405,1816,2.6,130.0,0.122,217.85106382978722,O3,5,0,0
1406,1817,3.2,155.0,0.1381,234.80744680851063,O3,5,0,0
1407,1818,2.1,114.0,0.1103,205.52872340425532,O3,5,0,0
1408,1819,2.2,127.0,0.1105,205.73936170212767,O3,5,0,0
1409,1820,2.4,138.0,0.1248,220.79999999999998,O3,5,0,0
1410,1840,2.2,136.0,0.1327,229.12021276595746,O3,5,0,0
1411,1841,1.8,135.0,0.1292,225.4340425531915,O3,5,0,0
1412,1842,1.6,115.0,0.1114,206.6872340425532,O3,5,0,0
1413,1843,1.8,112.0,0.106,201.0,O3,5,0,0
1414,1844,1.6,112.0,0.0915,165.1842105263158,O3,4,0,0
1415,1845,1.6,109.0,0.0893,159.5105263157895,O3,4,0,0
1416,1846,1.3,112.0,0.0768,121.29999999999998,O3,3,0,0
1417,1893,1.7,115.0,0.0814,137.39999999999998,O3,3,0,0
1418,1894,1.7,117.0,0.0845,148.25,O3,3,0,0
1419,1895,2.1,105.0,0.0956,175.75789473684213,O3,4,0,0
1420,1896,2.2,114.0,0.1102,205.42340425531916,O3,5,0,0
1421,1897,1.8,103.0,0.0994,185.55789473684212,O3,4,0,0
1422,1898,1.8,119.0,0.0935,170.34210526315792,O3,4,0,0
1423,1899,0.9,102.0,0.0839,146.14999999999998,O3,3,0,0
1424,1900,1.0,96.0,0.0797,131.44999999999996,O3,3,0,0
1425,1901,2.0,109.0,0.0968,178.85263157894738,O3,4,0,0
1426,1902,1.8,119.0,0.0886,157.70526315789476,O3,4,0,0
1427,1903,1.1,103.0,0.0764,119.89999999999999,O3,3,0,0
1428,1904,0.6,84.0,0.0657,85.95333333333329,O3,2,1,1
1429,1908,0.1,45.0,0.0434,42.45283018867924,NO2,1,1,1
1430,1909,0.5,80.0,0.0559,78.69565217391305,NO2,2,0,1
1431,1910,0.6,77.0,0.0548,75.5,NO2,2,1,1
1432,1911,0.5,68.0,0.0525,65.91304347826087,NO2,2,1,1
1433,1912,0.7,66.0,0.0522,63.78260869565217,NO2,2,0,1
1434,1913,0.7,70.0,0.0535,68.04347826086956,NO2,2,0,1
1435,1914,0.9,74.0,0.0585,72.30434782608695,NO2,2,1,1
1436,1915,0.7,64.0,0.0521,61.65217391304348,NO2,2,1,1
1437,1916,0.4,60.0,0.0493,57.391304347826086,NO2,2,1,1
1438,1917,0.5,63.0,0.0501,60.58695652173913,NO2,2,0,1
1439,1918,0.6,75.0,0.0559,73.36956521739131,NO2,2,1,1
1440,1919,0.6,79.0,0.0589,77.6304347826087,NO2,2,0,1
1441,1920,0.8,83.0,0.0596,81.8913043478261,NO2,2,0,1
1442,1921,1.0,93.0,0.0681,93.7933333333333,O3,2,0,1
1443,1922,1.2,112.0,0.0783,126.54999999999998,O3,3,0,0
1444,1923,1.0,103.0,0.0738,110.80000000000003,O3,3,0,0
1445,1924,1.3,93.0,0.0762,119.20000000000002,O3,3,0,0
1446,1925,2.7,112.0,0.0929,168.79473684210527,O3,4,0,0
1447,1926,2.7,125.0,0.1044,198.45263157894738,O3,4,0,0
1448,1927,1.6,107.0,0.0892,159.2526315789474,O3,4,0,0
1449,1928,0.6,76.0,0.0807,134.94999999999996,O3,3,0,0
1450,1931,0.1,37.0,0.0568,56.88000000000001,O3,2,0,1
1451,1932,0.1,45.0,0.0575,59.16666666666667,O3,2,1,1
1452,1933,0.2,61.0,0.0658,86.27999999999997,O3,2,0,1
1453,1934,0.3,67.0,0.0537,64.84782608695653,NO2,2,0,1
1454,1935,0.3,60.0,0.0486,57.391304347826086,NO2,2,1,1
1455,1936,0.4,64.0,0.0507,61.65217391304348,NO2,2,1,1
1456,1937,0.3,64.0,0.0496,61.65217391304348,NO2,2,1,1
1457,1938,0.3,59.0,0.0502,56.32608695652174,NO2,2,1,1
1458,1939,0.1,41.0,0.043,39.81481481481482,O3,1,1,1
1459,1940,0.1,46.0,0.0439,43.39622641509434,NO2,1,0,1
1460,1941,0.2,46.0,0.0471,43.611111111111114,O3,1,0,1
1461,1942,0.6,77.0,0.0589,75.5,NO2,2,1,1
1462,1943,0.5,83.0,0.0598,81.8913043478261,NO2,2,1,1
1463,1944,0.9,90.0,0.0695,98.36666666666667,O3,2,0,1
1464,1945,1.1,95.0,0.0739,111.14999999999999,O3,3,0,0
1465,1946,1.3,113.0,0.0891,158.99473684210528,O3,4,0,0
1466,1947,1.5,128.0,0.093,169.05263157894737,O3,4,0,0
1467,1948,1.2,117.0,0.088,156.1578947368421,O3,4,0,0
1468,1949,0.4,64.0,0.061,70.6,O3,2,1,1
1469,1950,0.2,28.0,0.0518,47.96296296296296,O3,1,0,1
1470,1951,0.3,46.0,0.0664,88.23999999999998,O3,2,1,1
1471,1956,0.5,60.0,0.0763,119.55000000000003,O3,3,0,0
1472,1957,1.6,83.0,0.1111,206.3712765957447,O3,5,0,0
1473,1958,3.6,129.0,0.139,235.75531914893617,O3,5,0,0
1474,1959,2.2,137.0,0.1251,221.1159574468085,O3,5,0,0
1475,1960,1.6,121.0,0.1141,209.53085106382977,O3,5,0,0
1476,1961,1.4,123.0,0.0942,172.14736842105265,O3,4,0,0
1477,1962,1.4,120.0,0.0795,130.75,O3,3,0,0
1478,1963,1.5,119.0,0.0836,145.09999999999997,O3,3,0,0
1479,1964,1.3,121.0,0.0847,148.94999999999996,O3,3,0,0
1480,1965,1.2,111.0,0.0769,121.64999999999999,O3,3,0,0
1481,1966,1.8,128.0,0.0968,178.85263157894738,O3,4,0,0
1482,1967,3.0,159.0,0.1157,211.21595744680852,O3,5,0,0
1483,1968,3.5,161.0,0.1367,233.33297872340424,O3,5,0,0
1484,1969,2.4,116.0,0.1101,205.318085106383,O3,5,0,0
1485,1970,1.1,96.0,0.0916,165.4421052631579,O3,4,0,0
1486,1971,0.8,69.0,0.0825,141.25,O3,3,0,0
1487,1972,0.4,58.0,0.0693,97.71333333333331,O3,2,0,0
1488,1973,0.6,59.0,0.0734,109.40000000000003,O3,3,0,0
1489,1974,0.3,45.0,0.0685,95.1,O3,2,0,0
1490,1979,0.1,41.0,0.0565,55.900000000000006,O3,2,0,0
1491,1980,0.3,65.0,0.0799,132.14999999999998,O3,3,0,0
1492,1981,1.4,94.0,0.1102,205.42340425531916,O3,5,0,0
1493,1982,2.7,100.0,0.1299,226.17127659574467,O3,5,0,0
1494,1983,2.3,103.0,0.1272,223.3276595744681,O3,5,0,0
1495,1984,1.8,89.0,0.1206,216.37659574468086,O3,5,0,0
1496,1985,1.6,86.0,0.1218,217.6404255319149,O3,5,0,0
1497,1986,1.9,89.0,0.1367,233.33297872340424,O3,5,0,0
1498,1987,2.5,88.0,0.129,225.22340425531917,O3,5,0,0
1499,1988,1.6,73.0,0.1175,213.11170212765956,O3,5,0,0
1500,1989,1.5,78.0,0.1139,209.32021276595745,O3,5,0,0
1501,1990,2.5,95.0,0.1293,225.53936170212765,O3,5,0,0
1502,1991,3.6,109.0,0.1419,238.8095744680851,O3,5,0,0
1503,1992,3.5,95.0,0.1326,229.01489361702127,O3,5,0,0
1504,1993,4.8,101.0,0.1517,249.1308510638298,O3,5,0,0
1505,1994,3.7,88.0,0.1391,235.86063829787236,O3,5,0,0
1506,1995,2.1,77.0,0.1275,223.6436170212766,O3,5,0,0
1507,1996,1.6,75.0,0.1168,212.3744680851064,O3,5,0,0
1508,1997,2.2,81.0,0.1132,208.58297872340427,O3,5,0,0
1509,1998,0.8,57.0,0.0977,181.17368421052632,O3,4,0,0
1510,2074,0.7,63.0,0.0837,145.44999999999996,O3,3,0,0
1511,2075,0.7,71.0,0.0904,162.34736842105264,O3,4,0,0
1512,2076,1.2,91.0,0.1065,201.52659574468086,O3,5,0,0
1513,2077,1.5,95.0,0.0999,186.84736842105264,O3,4,0,0
1514,2078,1.5,96.0,0.0986,183.49473684210525,O3,4,0,0
1515,2079,1.6,81.0,0.0874,154.6105263157895,O3,4,0,0
1516,2080,1.1,68.0,0.0689,96.40666666666665,O3,2,1,0
1517,2081,1.1,57.0,0.0608,69.94666666666666,O3,2,0,0
1518,2082,1.4,68.0,0.0706,65.91304347826087,NO2,2,1,0
1519,2083,1.4,72.0,0.0704,70.17391304347827,NO2,2,1,0
1520,2084,1.0,62.0,0.0609,70.27333333333334,O3,2,0,0
1521,2085,1.3,75.0,0.0687,95.7533333333333,O3,2,0,0
1522,2086,1.9,92.0,0.0976,180.91578947368424,O3,4,0,0
1523,2087,1.7,89.0,0.086,151.0,O3,4,0,0
1524,2088,2.3,105.0,0.1021,192.52105263157895,O3,4,0,0
1525,2089,2.4,111.0,0.1079,203.00106382978723,O3,5,0,0
1526,2090,1.8,102.0,0.0826,141.60000000000002,O3,3,0,0
1527,2091,0.6,30.0,0.0558,53.61333333333334,O3,2,0,0
1528,2092,0.8,43.0,0.0679,93.13999999999999,O3,2,0,0
1529,2093,1.7,67.0,0.085,150.0,O3,3,0,0
1530,2094,1.1,58.0,0.0733,109.05000000000003,O3,3,0,0
1531,2095,0.6,24.0,0.0612,71.25333333333332,O3,2,1,0
1532,2096,1.1,58.0,0.0788,128.29999999999998,O3,3,0,0
1533,2098,1.0,62.0,0.0724,105.90000000000003,O3,3,0,0
1534,2099,0.5,34.0,0.0543,32.075471698113205,NO2,1,1,1
1535,2100,0.7,46.0,0.0616,72.56,O3,2,1,1
1536,2101,1.0,62.0,0.0677,92.48666666666664,O3,2,1,1
1537,2102,1.2,70.0,0.0723,105.55000000000003,O3,3,0,0
1538,2103,0.7,54.0,0.0529,51.0,NO2,2,0,1
1539,2104,0.9,61.0,0.0528,58.45652173913044,NO2,2,0,1
1540,2105,0.8,53.0,0.0491,50.0,NO2,1,1,1
1541,2106,0.8,49.0,0.0489,46.22641509433962,NO2,1,0,1
1542,2107,0.5,48.0,0.045,45.283018867924525,NO2,1,1,1
1543,2108,0.5,45.0,0.0451,42.45283018867924,NO2,1,1,1
1544,2109,0.7,60.0,0.0512,57.391304347826086,NO2,2,1,1
1545,2110,0.9,59.0,0.0525,56.32608695652174,NO2,2,1,1
1546,2111,1.0,67.0,0.0556,64.84782608695653,NO2,2,1,1
1547,2112,1.2,72.0,0.0599,70.17391304347827,NO2,2,1,1
1548,2113,1.3,88.0,0.0694,98.03999999999999,O3,2,1,1
1549,2114,1.6,94.0,0.0744,112.89999999999999,O3,3,0,0
1550,2115,1.4,89.0,0.0724,105.90000000000003,O3,3,0,0
1551,2116,1.7,96.0,0.0804,133.89999999999998,O3,3,0,0
1552,2117,1.7,98.0,0.0862,151.51578947368424,O3,4,0,0
1553,2118,1.4,95.0,0.0811,136.35000000000002,O3,3,0,0
1554,2119,0.8,64.0,0.0627,76.15333333333334,O3,2,0,0
1555,2120,0.4,38.0,0.0575,59.16666666666667,O3,2,1,0
1556,2123,0.5,40.0,0.0605,68.96666666666665,O3,2,0,0
1557,2124,1.5,76.0,0.0974,180.4,O3,4,0,0
1558,2125,2.6,90.0,0.1132,208.58297872340427,O3,5,0,0
1559,2126,4.3,118.0,0.1378,234.49148936170212,O3,5,0,0
1560,2127,3.1,118.0,0.116,211.53191489361703,O3,5,0,0
1561,2128,2.9,122.0,0.1213,217.11382978723404,O3,5,0,0
1562,2129,2.5,120.0,0.1057,104.5945945945946,NO2,3,0,0
1563,2130,1.9,132.0,0.0832,143.69999999999996,O3,3,0,0
1564,2131,2.5,115.0,0.0983,182.72105263157894,O3,4,0,0
1565,2132,2.5,127.0,0.1047,199.2263157894737,O3,4,0,0
1566,2133,2.8,126.0,0.1078,202.89574468085107,O3,5,0,0
1567,2134,2.3,113.0,0.0979,181.68947368421055,O3,4,0,0
1568,2135,3.3,124.0,0.1139,209.32021276595745,O3,5,0,0
1569,2136,2.8,108.0,0.1111,206.3712765957447,O3,5,0,0
1570,2137,4.8,142.0,0.147,244.18085106382978,O3,5,0,0
1571,2138,2.5,125.0,0.098,181.94736842105266,O3,4,0,0
1572,2139,2.0,116.0,0.0893,159.5105263157895,O3,4,0,0
1573,2140,1.8,101.0,0.0858,101.0,NO2,3,0,0
1574,2141,1.7,101.0,0.0904,162.34736842105264,O3,4,0,0
1575,2142,1.3,92.0,0.0905,162.60526315789474,O3,4,0,0
1576,2143,0.7,55.0,0.0678,92.8133333333333,O3,2,1,1
1577,2144,0.5,42.0,0.0586,62.75999999999999,O3,2,1,1
1578,2146,0.3,30.0,0.0514,47.592592592592595,O3,1,0,1
1579,2147,0.5,40.0,0.0588,63.41333333333332,O3,2,0,1
1580,2148,1.4,69.0,0.0884,157.18947368421055,O3,4,0,0
1581,2149,3.3,100.0,0.1338,230.27872340425532,O3,5,0,0
1582,2150,5.8,125.0,0.1708,269.2468085106383,O3,5,0,0
1583,2151,5.0,174.0,0.1681,266.4031914893617,O3,5,0,0
1584,2152,3.5,171.0,0.1509,248.28829787234042,O3,5,0,0
1585,2153,2.9,149.0,0.133,229.43617021276597,O3,5,0,0
1586,2154,2.5,124.0,0.1138,209.2148936170213,O3,5,0,0
1587,2155,2.3,119.0,0.0963,177.56315789473683,O3,4,0,0
1588,2156,2.4,130.0,0.1015,190.97368421052636,O3,4,0,0
1589,2157,2.6,143.0,0.1008,189.16842105263157,O3,4,0,0
1590,2159,3.5,183.0,0.1215,217.3244680851064,O3,5,0,0
1591,2160,3.9,161.0,0.1334,229.85744680851062,O3,5,0,0
1592,2161,4.5,170.0,0.138,234.70212765957447,O3,5,0,0
1593,2162,3.8,143.0,0.1601,257.9776595744681,O3,5,0,0
1594,2163,2.8,123.0,0.1376,234.2808510638298,O3,5,0,0
1595,2164,1.7,89.0,0.1161,211.6372340425532,O3,5,0,0
1596,2165,1.2,67.0,0.0878,155.64210526315793,O3,4,0,0
1597,2166,1.6,81.0,0.1031,195.1,O3,4,0,0
1598,2167,1.0,54.0,0.0847,148.94999999999996,O3,3,0,0
1599,2168,0.9,57.0,0.0908,163.37894736842108,O3,4,0,0
1600,2170,0.5,51.0,0.0751,115.35000000000001,O3,3,0,0
1601,2171,0.5,58.0,0.0799,132.14999999999998,O3,3,0,0
1602,2172,1.0,69.0,0.0954,175.2421052631579,O3,4,0,0
1603,2173,3.5,107.0,0.1425,239.4414893617021,O3,5,0,0
1604,2174,6.4,151.0,0.2147,315.48191489361704,O3,6,0,0
1605,2175,2.9,146.0,0.1532,250.71063829787235,O3,5,0,0
1606,2176,3.4,165.0,0.157,254.7127659574468,O3,5,0,0
1607,2177,2.8,159.0,0.138,234.70212765957447,O3,5,0,0
1608,2178,2.8,174.0,0.1337,230.17340425531916,O3,5,0,0
1609,2179,2.8,167.0,0.1308,227.1191489361702,O3,5,0,0
1610,2180,2.3,137.0,0.1013,190.45789473684212,O3,4,0,0
1611,2181,1.8,116.0,0.0816,138.10000000000002,O3,3,0,0
1612,2182,2.0,125.0,0.0836,145.09999999999997,O3,3,0,0
1613,2183,3.5,194.0,0.1267,222.80106382978724,O3,5,0,0
1614,2184,4.9,222.0,0.1649,263.03297872340426,O3,5,0,0
1615,2185,4.6,206.0,0.1622,260.18936170212766,O3,5,0,0
1616,2186,3.4,162.0,0.1349,231.43723404255317,O3,5,0,0
1617,2187,2.7,132.0,0.1186,214.27021276595744,O3,5,0,0
1618,2188,1.9,107.0,0.1026,193.81052631578947,O3,4,0,0
1619,2189,1.5,84.0,0.0817,138.44999999999996,O3,3,0,0
1620,2190,1.0,61.0,0.0662,87.58666666666663,O3,2,0,0
1621,2191,0.7,42.0,0.0552,51.65333333333333,O3,2,0,0
1622,2192,1.0,66.0,0.0775,123.75,O3,3,0,0
1623,2195,0.9,76.0,0.0874,154.6105263157895,O3,4,0,0
1624,2196,1.2,78.0,0.0973,180.1421052631579,O3,4,0,0
1625,2197,2.9,104.0,0.1327,229.12021276595746,O3,5,0,0
1626,2198,4.8,139.0,0.1626,260.61063829787236,O3,5,0,0
1627,2199,4.3,166.0,0.164,262.0851063829787,O3,5,0,0
1628,2200,3.1,151.0,0.1341,230.59468085106383,O3,5,0,0
1629,2201,2.4,134.0,0.1113,206.581914893617,O3,5,0,0
1630,2202,2.8,148.0,0.1224,218.27234042553192,O3,5,0,0
1631,2203,2.5,126.0,0.1095,204.68617021276597,O3,5,0,0
1632,2204,2.6,144.0,0.1152,210.68936170212766,O3,5,0,0
1633,2205,2.3,133.0,0.1047,199.2263157894737,O3,4,0,0
1634,2206,2.4,139.0,0.0982,182.46315789473684,O3,4,0,0
1635,2207,3.5,178.0,0.132,228.38297872340425,O3,5,0,0
1636,2208,4.8,206.0,0.1541,251.65851063829786,O3,5,0,0
1637,2209,5.1,211.0,0.151,248.39361702127658,O3,5,0,0
1638,2210,4.7,180.0,0.1511,248.49893617021277,O3,5,0,0
1639,2211,2.4,116.0,0.1078,202.89574468085107,O3,5,0,0
1640,2212,2.5,118.0,0.1235,219.43085106382978,O3,5,0,0
1641,2213,2.7,115.0,0.1202,215.95531914893618,O3,5,0,0
1642,2214,1.5,96.0,0.1103,205.52872340425532,O3,5,0,0
1643,2215,1.1,86.0,0.1013,190.45789473684212,O3,4,0,0
1644,2216,0.6,65.0,0.0765,120.25,O3,3,0,0
1645,2218,0.4,53.0,0.0663,87.9133333333333,O3,2,0,0
1646,2219,0.6,74.0,0.0813,137.04999999999998,O3,3,0,0
1647,2220,1.0,69.0,0.0894,159.76842105263157,O3,4,0,0
1648,2221,4.6,131.0,0.1495,246.81382978723403,O3,5,0,0
1649,2222,4.8,134.0,0.1658,263.9808510638298,O3,5,0,0
1650,2223,4.0,148.0,0.1506,247.9723404255319,O3,5,0,0
1651,2226,2.0,111.0,0.091,163.89473684210526,O3,4,0,0
1652,2227,2.0,110.0,0.0912,164.4105263157895,O3,4,0,0
1653,2228,1.9,110.0,0.0814,137.39999999999998,O3,3,0,0
1654,2229,1.9,116.0,0.1341,230.59468085106383,O3,5,0,0
1655,2230,1.9,120.0,0.0847,148.94999999999996,O3,3,0,0
1656,2231,2.6,142.0,0.0925,167.76315789473685,O3,4,0,0
1657,2232,3.2,146.0,0.1087,203.8436170212766,O3,5,0,0
1658,2233,3.4,153.0,0.1132,208.58297872340427,O3,5,0,0
1659,2234,3.4,158.0,0.1197,215.42872340425532,O3,5,0,0
1660,2235,2.9,140.0,0.1229,218.79893617021276,O3,5,0,0
1661,2236,2.7,127.0,0.1171,212.69042553191488,O3,5,0,0
1662,2237,1.3,97.0,0.0921,166.73157894736843,O3,4,0,0
1663,2238,1.3,91.0,0.1008,189.16842105263157,O3,4,0,0
1664,2239,0.9,68.0,0.0849,149.64999999999998,O3,3,0,0
1665,2240,0.6,52.0,0.0668,89.54666666666665,O3,2,1,0
1666,2242,0.5,58.0,0.0707,55.26086956521739,NO2,2,0,0
1667,2243,0.9,78.0,0.0939,171.37368421052633,O3,4,0,0
1668,2244,0.7,61.0,0.0886,157.70526315789476,O3,4,0,0
1669,2245,0.6,64.0,0.0837,145.44999999999996,O3,3,0,0
1670,2246,1.3,81.0,0.1005,188.3947368421053,O3,4,0,0
1671,2247,1.9,92.0,0.1191,214.7968085106383,O3,5,0,0
1672,2248,2.1,101.0,0.12,215.74468085106383,O3,5,0,0
1673,2249,1.8,96.0,0.0971,179.62631578947372,O3,4,0,0
1674,2250,1.8,101.0,0.0907,163.12105263157898,O3,4,0,0
1675,2251,1.6,91.0,0.0802,133.19999999999996,O3,3,0,0
1676,2252,1.2,68.0,0.0695,98.36666666666667,O3,2,0,0
1677,2253,1.2,76.0,0.0777,124.45000000000002,O3,3,0,0
1678,2254,1.4,84.0,0.0818,138.79999999999998,O3,3,0,0
1679,2255,1.3,76.0,0.0681,93.7933333333333,O3,2,1,0
1680,2256,1.1,61.0,0.0631,77.46,O3,2,1,0
1681,2257,1.1,52.0,0.0641,80.72666666666666,O3,2,0,0
1682,2258,1.1,59.0,0.0683,94.44666666666664,O3,2,0,0
1683,2259,1.8,89.0,0.1013,190.45789473684212,O3,4,0,0
1684,2260,2.3,113.0,0.1151,210.5840425531915,O3,5,0,0
1685,2261,2.6,112.0,0.1134,208.7936170212766,O3,5,0,0
1686,2262,2.0,89.0,0.0945,172.92105263157896,O3,4,0,0
1687,2263,1.0,53.0,0.0734,109.40000000000003,O3,3,0,0
1688,2264,0.6,36.0,0.0554,52.30666666666666,O3,2,0,1
1689,2266,0.5,39.0,0.0564,55.57333333333332,O3,2,0,1
1690,2267,0.4,33.0,0.0512,47.40740740740741,O3,1,1,1
1691,2268,0.4,37.0,0.041,37.96296296296297,O3,1,1,1
1692,2269,0.4,36.0,0.0392,36.2962962962963,O3,1,1,1
1693,2270,0.4,42.0,0.0377,39.62264150943396,NO2,1,1,1
1694,2271,0.5,52.0,0.0389,49.056603773584904,NO2,1,1,1
1695,2272,0.6,60.0,0.0432,57.391304347826086,NO2,2,1,1
1696,2273,0.7,74.0,0.0502,72.30434782608695,NO2,2,1,1
1697,2274,0.7,65.0,0.0469,62.71739130434783,NO2,2,1,1
1698,2275,0.6,52.0,0.0427,49.056603773584904,NO2,1,1,1
1699,2276,0.5,40.0,0.0406,37.735849056603776,NO2,1,1,1
1700,2277,0.6,49.0,0.043,46.22641509433962,NO2,1,1,1
1701,2278,0.8,56.0,0.0453,53.130434782608695,NO2,2,1,1
1702,2279,0.8,59.0,0.047,56.32608695652174,NO2,2,0,1
1703,2280,1.0,68.0,0.048,65.91304347826087,NO2,2,0,1
1704,2281,1.0,72.0,0.0472,70.17391304347827,NO2,2,0,1
1705,2282,1.0,78.0,0.0521,76.56521739130434,NO2,2,1,1
1706,2283,0.9,71.0,0.052,69.1086956521739,NO2,2,1,1
1707,2284,0.7,54.0,0.044,51.0,NO2,2,1,1
1708,2285,0.8,57.0,0.0446,54.19565217391305,NO2,2,1,1
1709,2286,0.7,45.0,0.0417,42.45283018867924,NO2,1,1,1
1710,2287,0.5,30.0,0.0381,35.27777777777778,O3,1,1,1
1711,2288,0.3,16.0,0.035,32.40740740740741,O3,1,1,1
1712,2291,0.3,28.0,0.038,35.18518518518518,O3,1,0,1
1713,2292,0.7,62.0,0.0563,59.52173913043478,NO2,2,0,1
1714,2293,1.5,92.0,0.0779,125.14999999999999,O3,3,0,0
1715,2294,1.8,96.0,0.0842,147.19999999999996,O3,3,0,0
1716,2295,1.4,87.0,0.0692,97.38666666666663,O3,2,0,0
1717,2296,1.5,84.0,0.0779,125.14999999999999,O3,3,0,0
1718,2297,1.2,73.0,0.0633,78.1133333333333,O3,2,0,0
1719,2298,1.2,72.0,0.0616,72.56,O3,2,1,0
1720,2299,1.3,68.0,0.0606,69.29333333333332,O3,2,0,0
1721,2300,1.0,62.0,0.0526,59.52173913043478,NO2,2,0,0
1722,2301,1.4,70.0,0.0588,68.04347826086956,NO2,2,0,0
1723,2302,1.6,83.0,0.0674,91.50666666666666,O3,2,0,0
1724,2303,2.7,92.0,0.0885,157.44736842105263,O3,4,0,0
1725,2304,2.3,103.0,0.0879,155.90000000000003,O3,4,0,0
1726,2305,1.5,82.0,0.0703,80.82608695652175,NO2,2,1,1
1727,2306,1.4,74.0,0.0637,79.42000000000002,O3,2,1,1
1728,2307,1.0,67.0,0.0561,64.84782608695653,NO2,2,1,1
1729,2308,1.1,74.0,0.0612,72.30434782608695,NO2,2,0,1
1730,2309,1.2,72.0,0.0621,74.19333333333333,O3,2,0,1
1731,2310,1.2,79.0,0.0702,77.6304347826087,NO2,2,0,1
1732,2311,0.7,43.0,0.0559,53.93999999999999,O3,2,0,1
1733,2312,0.5,33.0,0.0435,40.27777777777778,O3,1,1,1
1734,2314,0.4,38.0,0.0527,48.7962962962963,O3,1,0,1
1735,2315,0.5,51.0,0.072,104.5,O3,3,0,0
1736,2316,1.0,69.0,0.0937,170.85789473684213,O3,4,0,0
1737,2317,4.4,116.0,0.1482,245.44468085106382,O3,5,0,0
1738,2318,4.0,119.0,0.1489,246.18191489361703,O3,5,0,0
1739,2319,2.4,96.0,0.1015,190.97368421052636,O3,4,0,0
1740,2320,2.1,109.0,0.1004,188.13684210526318,O3,4,0,0
1741,2321,2.7,115.0,0.1129,208.26702127659576,O3,5,0,0
1742,2322,2.8,118.0,0.1068,201.84255319148937,O3,5,0,0
1743,2323,2.3,118.0,0.0924,167.50526315789475,O3,4,0,0
1744,2324,2.0,112.0,0.0861,151.2578947368421,O3,4,0,0
1745,2325,2.6,140.0,0.0981,182.20526315789476,O3,4,0,0
1746,2326,2.7,137.0,0.1043,198.19473684210527,O3,4,0,0
1747,2327,3.1,143.0,0.1124,207.7404255319149,O3,5,0,0
1748,2328,3.1,148.0,0.1004,188.13684210526318,O3,4,0,0
1749,2329,3.6,158.0,0.119,214.6914893617021,O3,5,0,0
1750,2330,2.9,127.0,0.1072,202.26382978723404,O3,5,0,0
1751,2331,2.2,109.0,0.0925,167.76315789473685,O3,4,0,0
1752,2332,2.0,101.0,0.0862,151.51578947368424,O3,4,0,0
1753,2333,2.1,114.0,0.0969,179.11052631578949,O3,4,0,0
1754,2334,1.9,104.0,0.0932,169.5684210526316,O3,4,0,0
1755,2335,1.4,81.0,0.0794,130.39999999999998,O3,3,0,0
1756,2336,0.8,51.0,0.0599,67.00666666666666,O3,2,0,0
1757,2338,0.6,40.0,0.0625,75.49999999999999,O3,2,1,0
1758,2339,0.5,34.0,0.0595,65.69999999999999,O3,2,0,0
1759,2340,1.0,61.0,0.0886,157.70526315789476,O3,4,0,0
1760,2341,2.7,95.0,0.1257,221.74787234042554,O3,5,0,0
1761,2342,5.0,142.0,0.1561,253.76489361702124,O3,5,0,0
1762,2343,3.3,128.0,0.1191,214.7968085106383,O3,5,0,0
1763,2344,2.4,115.0,0.1061,201.10531914893616,O3,5,0,0
1764,2345,1.7,84.0,0.0751,115.35000000000001,O3,3,0,0
1765,2346,1.7,85.0,0.0733,109.05000000000003,O3,3,0,0
1766,2347,2.4,110.0,0.0906,162.86315789473684,O3,4,0,0
1767,2348,2.2,107.0,0.0902,161.83157894736843,O3,4,0,0
1768,2349,2.2,107.0,0.0836,145.09999999999997,O3,3,0,0
1769,2350,2.3,113.0,0.0863,151.77368421052634,O3,4,0,0
1770,2351,2.6,107.0,0.0824,140.89999999999998,O3,3,0,0
1771,2352,2.3,106.0,0.0842,147.19999999999996,O3,3,0,0
1772,2353,3.3,125.0,0.1132,208.58297872340427,O3,5,0,0
1773,2354,3.5,139.0,0.1175,213.11170212765956,O3,5,0,0
1774,2355,2.5,117.0,0.1111,206.3712765957447,O3,5,0,0
1775,2356,2.5,107.0,0.1125,207.84574468085106,O3,5,0,0
1776,2357,2.4,98.0,0.1077,202.7904255319149,O3,5,0,0
1777,2358,2.5,97.0,0.1087,203.8436170212766,O3,5,0,0
1778,2359,2.1,95.0,0.1014,190.71578947368423,O3,4,0,0
1779,2360,1.0,68.0,0.0801,132.85000000000002,O3,3,0,0
1780,2363,0.5,44.0,0.0696,98.6933333333333,O3,2,1,0
1781,2364,1.3,77.0,0.0996,186.07368421052632,O3,4,0,0
1782,2365,3.6,100.0,0.1513,248.7095744680851,O3,5,0,0
1783,2366,4.8,125.0,0.1598,257.66170212765957,O3,5,0,0
1784,2367,3.7,154.0,0.169,267.3510638297872,O3,5,0,0
1785,2368,1.9,125.0,0.1053,105.54054054054055,NO2,3,0,0
1786,2369,1.7,117.0,0.0931,169.3105263157895,O3,4,0,0
1787,2370,1.9,105.0,0.0865,152.28947368421052,O3,4,0,0
1788,2371,1.8,103.0,0.0818,138.79999999999998,O3,3,0,0
1789,2372,1.7,106.0,0.0802,133.19999999999996,O3,3,0,0
1790,2373,1.8,107.0,0.0778,124.79999999999998,O3,3,0,0
1791,2374,1.7,102.0,0.0767,120.95000000000002,O3,3,0,0
1792,2375,2.8,124.0,0.1,187.10526315789477,O3,4,0,0
1793,2376,3.6,133.0,0.1143,209.74148936170212,O3,5,0,0
1794,2377,3.3,125.0,0.1009,189.4263157894737,O3,4,0,0
1795,2378,2.9,124.0,0.1076,202.68510638297872,O3,5,0,0
1796,2379,1.7,97.0,0.083,143.0,O3,3,0,0
1797,2380,1.7,94.0,0.0853,93.6086956521739,NO2,2,1,0
1798,2381,2.8,120.0,0.131,227.32978723404256,O3,5,0,0
1799,2382,1.8,105.0,0.1119,207.21382978723403,O3,5,0,0
1800,2383,1.0,81.0,0.0918,165.95789473684215,O3,4,0,0
1801,2384,0.5,43.0,0.0609,70.27333333333334,O3,2,1,1
1802,2386,0.3,32.0,0.051,47.22222222222222,O3,1,0,1
1803,2387,0.4,36.0,0.0554,52.30666666666666,O3,2,0,1
1804,2388,0.8,59.0,0.076,118.5,O3,3,0,0
1805,2389,2.2,92.0,0.117,212.58510638297872,O3,5,0,0
1806,2390,4.4,121.0,0.1545,252.07978723404256,O3,5,0,0
1807,2391,3.7,151.0,0.1508,248.18297872340423,O3,5,0,0
1808,2392,2.5,142.0,0.1292,225.4340425531915,O3,5,0,0
1809,2393,2.5,141.0,0.1287,224.90744680851066,O3,5,0,0
1810,2394,2.3,129.0,0.1042,197.93684210526317,O3,4,0,0
1811,2395,2.0,106.0,0.0817,138.44999999999996,O3,3,0,0
1812,2396,2.0,125.0,0.0847,148.94999999999996,O3,3,0,0
1813,2397,2.1,126.0,0.0806,134.60000000000002,O3,3,0,0
1814,2398,2.4,147.0,0.0896,160.2842105263158,O3,4,0,0
1815,2399,3.1,180.0,0.1069,201.94787234042553,O3,5,0,0
1816,2400,2.9,164.0,0.0945,172.92105263157896,O3,4,0,0
1817,2401,3.5,180.0,0.1168,212.3744680851064,O3,5,0,0
1818,2402,2.9,153.0,0.1065,201.52659574468086,O3,5,0,0
1819,2403,1.5,105.0,0.0672,101.75675675675676,NO2,3,0,0
1820,2404,1.7,98.0,0.0842,147.19999999999996,O3,3,0,0
1821,2405,2.2,107.0,0.1123,207.63510638297873,O3,5,0,0
1822,2406,1.6,87.0,0.1007,188.91052631578947,O3,4,0,0
1823,2407,1.0,80.0,0.0855,78.69565217391305,NO2,2,1,0
1824,2408,0.6,62.0,0.0689,96.40666666666665,O3,2,1,0
1825,2410,0.6,54.0,0.0658,86.27999999999997,O3,2,1,0
1826,2411,0.5,56.0,0.0628,76.47999999999996,O3,2,0,0
1827,2412,0.5,62.0,0.0659,86.60666666666665,O3,2,1,0
1828,2413,0.9,72.0,0.0799,132.14999999999998,O3,3,0,0
1829,2414,1.4,86.0,0.0964,177.82105263157897,O3,4,0,0
1830,2415,1.6,99.0,0.091,163.89473684210526,O3,4,0,0
1831,2416,1.6,98.0,0.0999,186.84736842105264,O3,4,0,0
1832,2417,1.7,102.0,0.0853,101.1891891891892,NO2,3,0,0
1833,2418,1.7,84.0,0.0752,115.70000000000002,O3,3,0,0
1834,2419,1.5,83.0,0.0778,124.79999999999998,O3,3,0,0
1835,2458,0.3,24.0,0.0466,43.14814814814815,O3,1,1,1
1836,2459,0.5,43.0,0.0609,70.27333333333334,O3,2,1,1
1837,2460,1.3,64.0,0.0863,151.77368421052634,O3,4,0,0
1838,2461,2.5,91.0,0.1203,216.06063829787234,O3,5,0,0
1839,2462,3.7,109.0,0.1412,238.0723404255319,O3,5,0,0
1840,2463,2.5,110.0,0.1069,201.94787234042553,O3,5,0,0
1841,2464,1.8,111.0,0.0817,138.44999999999996,O3,3,0,0
1842,2465,1.5,106.0,0.0649,101.94594594594595,NO2,3,0,0
1843,2466,1.5,104.0,0.0598,101.56756756756756,NO2,3,0,0
1844,2467,1.2,76.0,0.054,74.43478260869566,NO2,2,1,0
1845,2468,1.4,84.0,0.0601,82.95652173913044,NO2,2,1,0
1846,2469,1.6,102.0,0.0668,101.1891891891892,NO2,3,0,0
1847,2470,1.6,102.0,0.0647,101.1891891891892,NO2,3,0,0
1848,2471,2.2,124.0,0.0816,138.10000000000002,O3,3,0,0
1849,2472,3.0,147.0,0.0963,177.56315789473683,O3,4,0,0
1850,2473,3.0,138.0,0.101,189.6842105263158,O3,4,0,0
1851,2474,2.7,126.0,0.0967,178.59473684210525,O3,4,0,0
1852,2475,2.1,112.0,0.0904,162.34736842105264,O3,4,0,0
1853,2476,1.6,95.0,0.0852,94.67391304347827,NO2,2,0,0
1854,2477,1.3,80.0,0.0744,112.89999999999999,O3,3,0,0
1855,2478,1.1,79.0,0.076,118.5,O3,3,0,0
1856,2479,0.7,49.0,0.0613,71.57999999999998,O3,2,1,1
1857,2480,0.4,36.0,0.0531,49.16666666666667,O3,1,0,1
1858,2482,0.2,40.0,0.0509,47.12962962962963,O3,1,1,1
1859,2483,0.3,37.0,0.056,54.266666666666666,O3,2,1,1
1860,2484,0.9,67.0,0.0826,141.60000000000002,O3,3,0,0
1861,2485,3.1,106.0,0.1334,229.85744680851062,O3,5,0,0
1862,2486,5.0,134.0,0.166,264.1914893617021,O3,5,0,0
1863,2487,2.8,123.0,0.1362,232.80638297872338,O3,5,0,0
1864,2488,2.8,136.0,0.1316,227.96170212765958,O3,5,0,0
1865,2489,2.1,109.0,0.1089,204.05425531914892,O3,5,0,0
1866,2490,3.1,144.0,0.1129,208.26702127659576,O3,5,0,0
1867,2491,3.0,154.0,0.112,207.31914893617022,O3,5,0,0
1868,2492,2.1,126.0,0.0916,165.4421052631579,O3,4,0,0
1869,2493,1.7,98.0,0.0812,136.69999999999996,O3,3,0,0
1870,2494,2.2,120.0,0.0959,176.53157894736842,O3,4,0,0
1871,2495,3.5,145.0,0.1189,214.58617021276598,O3,5,0,0
1872,2496,3.6,139.0,0.1199,215.63936170212767,O3,5,0,0
1873,2497,4.1,148.0,0.1283,224.48617021276596,O3,5,0,0
1874,2498,4.0,139.0,0.1291,225.3287234042553,O3,5,0,0
1875,2499,1.8,93.0,0.0949,173.95263157894738,O3,4,0,0
1876,2500,1.7,96.0,0.1018,191.74736842105264,O3,4,0,0
1877,2501,2.4,104.0,0.1122,207.52978723404254,O3,5,0,0
1878,2502,1.2,83.0,0.0968,178.85263157894738,O3,4,0,0
1879,2503,0.8,66.0,0.0806,134.60000000000002,O3,3,0,0
1880,2504,0.5,55.0,0.0714,102.40000000000003,O3,3,0,0
1881,2507,0.4,40.0,0.0606,69.29333333333332,O3,2,0,0
1882,2508,1.0,51.0,0.0819,139.14999999999998,O3,3,0,0
1883,2509,3.8,117.0,0.1462,243.33829787234043,O3,5,0,0
1884,2510,3.2,110.0,0.1478,245.02340425531912,O3,5,0,0
1885,2511,3.5,136.0,0.1598,257.66170212765957,O3,5,0,0
1886,2512,3.2,152.0,0.1449,241.9691489361702,O3,5,0,0
1887,2513,2.3,119.0,0.1221,217.9563829787234,O3,5,0,0
1888,2514,2.2,106.0,0.1023,193.03684210526316,O3,4,0,0
1889,2515,2.1,101.0,0.091,163.89473684210526,O3,4,0,0
1890,2516,1.9,110.0,0.0913,164.6684210526316,O3,4,0,0
1891,2517,2.4,124.0,0.1035,196.1315789473684,O3,4,0,0
1892,2518,2.5,137.0,0.1085,203.63297872340425,O3,5,0,0
1893,2519,3.6,159.0,0.1278,223.9595744680851,O3,5,0,0
1894,2520,3.9,152.0,0.1383,235.01808510638298,O3,5,0,0
1895,2521,4.4,166.0,0.1473,244.4968085106383,O3,5,0,0
1896,2522,4.8,163.0,0.1507,248.0776595744681,O3,5,0,0
1897,2523,2.5,121.0,0.1215,217.3244680851064,O3,5,0,0
1898,2524,2.8,125.0,0.1242,220.168085106383,O3,5,0,0
1899,2525,3.2,120.0,0.1356,232.17446808510638,O3,5,0,0
1900,2526,2.6,103.0,0.1195,215.21808510638297,O3,5,0,0
1901,2527,1.5,64.0,0.0899,161.05789473684212,O3,4,0,0
1902,2528,1.0,44.0,0.0726,106.60000000000001,O3,3,0,0
1903,2530,0.6,35.0,0.0684,94.77333333333331,O3,2,0,0
1904,2531,0.6,46.0,0.0779,125.14999999999999,O3,3,0,0
1905,2532,0.7,54.0,0.0801,132.85000000000002,O3,3,0,0
1906,2533,1.2,68.0,0.0983,182.72105263157894,O3,4,0,0
1907,2534,1.5,77.0,0.0989,184.2684210526316,O3,4,0,0
1908,2535,1.3,74.0,0.0875,154.8684210526316,O3,4,0,0
1909,2536,1.6,92.0,0.0807,134.94999999999996,O3,3,0,0
1910,2537,1.5,83.0,0.0727,106.95000000000002,O3,3,0,0
1911,2538,1.2,58.0,0.0549,55.26086956521739,NO2,2,0,0
1912,2539,1.1,55.0,0.057,57.53333333333334,O3,2,1,0
1913,2540,1.2,61.0,0.0596,66.02666666666666,O3,2,1,0
1914,2541,1.3,65.0,0.0585,62.71739130434783,NO2,2,1,0
1915,2542,1.4,74.0,0.0637,79.42000000000002,O3,2,1,0
1916,2543,1.6,89.0,0.0664,88.28260869565219,NO2,2,1,0
1917,2544,2.1,103.0,0.0797,131.44999999999996,O3,3,0,0
1918,2545,3.0,128.0,0.1046,198.96842105263158,O3,4,0,0
1919,2546,2.8,122.0,0.1058,104.97297297297297,NO2,3,0,0
1920,2547,3.8,125.0,0.1214,217.2191489361702,O3,5,0,0
1921,2548,3.2,119.0,0.1056,104.4054054054054,NO2,3,0,0
1922,2549,4.1,126.0,0.128,224.17021276595744,O3,5,0,0
1923,2550,2.6,100.0,0.1045,198.71052631578948,O3,4,0,0
1924,2551,2.0,94.0,0.1039,197.16315789473686,O3,4,0,0
1925,2552,0.9,52.0,0.064,80.39999999999999,O3,2,0,0
1926,2554,0.6,64.0,0.0662,87.58666666666663,O3,2,0,0
1927,2555,0.6,46.0,0.0579,60.47333333333333,O3,2,1,0
1928,2556,1.6,88.0,0.0987,183.75263157894736,O3,4,0,0
1929,2557,2.6,104.0,0.1197,215.42872340425532,O3,5,0,0
1930,2558,2.9,125.0,0.1328,229.22553191489362,O3,5,0,0
1931,2559,2.8,151.0,0.137,233.64893617021278,O3,5,0,0
1932,2560,1.9,113.0,0.0921,166.73157894736843,O3,4,0,0
1933,2561,1.9,102.0,0.0876,155.1263157894737,O3,4,0,0
1934,2562,2.1,108.0,0.0819,139.14999999999998,O3,3,0,0
1935,2563,1.9,93.0,0.0763,119.55000000000003,O3,3,0,0
1936,2564,1.6,89.0,0.0675,91.83333333333333,O3,2,0,0
1937,2565,1.6,84.0,0.0637,82.95652173913044,NO2,2,0,0
1938,2566,2.1,111.0,0.0826,141.60000000000002,O3,3,0,0
1939,2567,2.4,115.0,0.0854,103.64864864864865,NO2,3,0,0
1940,2568,2.8,127.0,0.0894,159.76842105263157,O3,4,0,0
1941,2569,3.4,129.0,0.1077,202.7904255319149,O3,5,0,0
1942,2570,3.4,140.0,0.1121,207.42446808510638,O3,5,0,0
1943,2571,2.7,137.0,0.1071,202.15851063829788,O3,5,0,0
1944,2572,2.6,130.0,0.1167,212.2691489361702,O3,5,0,0
1945,2573,2.3,121.0,0.1162,211.74255319148935,O3,5,0,0
1946,2574,1.2,79.0,0.0848,149.29999999999998,O3,3,0,0
1947,2575,1.0,69.0,0.0759,118.14999999999999,O3,3,0,0
1948,2576,0.9,61.0,0.0694,98.03999999999999,O3,2,1,0
1949,2579,0.4,58.0,0.061,70.6,O3,2,1,0
1950,2580,0.9,70.0,0.0816,138.10000000000002,O3,3,0,0
1951,2581,1.8,104.0,0.1158,211.32127659574468,O3,5,0,0
1952,2582,2.2,109.0,0.1228,218.6936170212766,O3,5,0,0
1953,2583,2.4,129.0,0.1323,228.69893617021276,O3,5,0,0
1954,2584,2.3,144.0,0.1274,223.53829787234045,O3,5,0,0
1955,2585,1.6,101.0,0.0846,148.59999999999997,O3,3,0,0
1956,2586,1.4,90.0,0.0737,110.45000000000002,O3,3,0,0
1957,2587,1.4,86.0,0.0675,91.83333333333333,O3,2,0,0
1958,2588,1.0,69.0,0.0559,66.97826086956522,NO2,2,0,0
1959,2589,1.0,65.0,0.0604,68.64,O3,2,0,0
1960,2590,1.2,73.0,0.0729,107.65000000000003,O3,3,0,0
1961,2591,1.3,73.0,0.0741,111.85000000000001,O3,3,0,0
1962,2592,1.5,78.0,0.0747,113.95000000000002,O3,3,0,0
1963,2593,1.9,98.0,0.0932,169.5684210526316,O3,4,0,0
1964,2594,1.8,99.0,0.0928,168.53684210526316,O3,4,0,0
1965,2595,1.4,83.0,0.086,151.0,O3,4,0,0
1966,2596,1.7,88.0,0.0963,177.56315789473683,O3,4,0,0
1967,2597,2.7,117.0,0.1309,227.22446808510637,O3,5,0,0
1968,2598,2.1,97.0,0.1266,222.69574468085105,O3,5,0,0
1969,2599,1.4,75.0,0.1181,213.7436170212766,O3,5,0,0
1970,2600,1.0,53.0,0.0937,170.85789473684213,O3,4,0,0
1971,2602,0.8,45.0,0.0789,128.64999999999998,O3,3,0,0
1972,2603,0.5,42.0,0.0682,94.11999999999998,O3,2,0,0
1973,2604,0.6,44.0,0.0717,103.45000000000002,O3,3,0,0
1974,2605,0.6,50.0,0.0696,98.6933333333333,O3,2,0,0
1975,2606,1.0,60.0,0.0807,134.94999999999996,O3,3,0,0
1976,2607,1.6,100.0,0.1025,193.55263157894737,O3,4,0,0
1977,2608,1.9,111.0,0.109,204.1595744680851,O3,5,0,0
1978,2609,1.7,110.0,0.0932,169.5684210526316,O3,4,0,0
1979,2610,1.1,74.0,0.0639,80.07333333333331,O3,2,0,1
1980,2611,0.8,56.0,0.0467,53.130434782608695,NO2,2,0,1
1981,2612,0.7,50.0,0.0476,47.16981132075472,NO2,1,1,1
1982,2613,0.7,54.0,0.049,51.0,NO2,2,0,1
1983,2614,1.2,90.0,0.0669,89.87333333333332,O3,2,0,1
1984,2615,1.6,109.0,0.08,132.5,O3,3,0,0
1985,2616,1.6,110.0,0.0791,129.35000000000002,O3,3,0,0
1986,2617,1.7,103.0,0.0849,149.64999999999998,O3,3,0,0
1987,2618,2.0,120.0,0.0934,170.0842105263158,O3,4,0,0
1988,2619,2.3,134.0,0.1081,203.21170212765958,O3,5,0,0
1989,2620,2.4,137.0,0.1102,205.42340425531916,O3,5,0,0
1990,2621,1.7,99.0,0.0914,164.92631578947368,O3,4,0,0
1991,2622,1.2,78.0,0.0926,168.02105263157895,O3,4,0,0
1992,2623,1.0,63.0,0.0786,127.60000000000001,O3,3,0,0
1993,2624,0.6,41.0,0.0619,73.53999999999998,O3,2,1,0
1994,2626,0.4,39.0,0.0634,78.43999999999998,O3,2,1,0
1995,2627,0.5,60.0,0.0722,105.20000000000002,O3,3,0,0
1996,2628,0.7,54.0,0.0717,103.45000000000002,O3,3,0,0
1997,2629,3.2,119.0,0.1445,241.54787234042553,O3,5,0,0
1998,2630,5.6,159.0,0.1786,277.4617021276596,O3,5,0,0
1999,2631,4.6,182.0,0.1791,277.9882978723404,O3,5,0,0
2000,2632,3.3,183.0,0.1413,238.1776595744681,O3,5,0,0
2001,2633,2.1,144.0,0.1092,204.37021276595746,O3,5,0,0
2002,2634,1.9,118.0,0.094,171.63157894736844,O3,4,0,0
2003,2635,1.9,106.0,0.0883,156.93157894736845,O3,4,0,0
2004,2636,1.6,97.0,0.085,150.0,O3,3,0,0
2005,2637,2.0,129.0,0.0928,168.53684210526316,O3,4,0,0
2006,2638,1.8,130.0,0.0835,144.75,O3,3,0,0
2007,2639,2.9,163.0,0.1157,211.21595744680852,O3,5,0,0
2008,2640,3.4,160.0,0.1232,219.11489361702127,O3,5,0,0
2009,2641,3.1,140.0,0.1288,225.01276595744682,O3,5,0,0
2010,2642,2.5,115.0,0.1143,209.74148936170212,O3,5,0,0
2011,2643,1.8,92.0,0.1014,190.71578947368423,O3,4,0,0
2012,2644,1.8,99.0,0.1088,203.94893617021276,O3,5,0,0
2013,2645,2.0,96.0,0.1092,204.37021276595746,O3,5,0,0
2014,2646,1.5,80.0,0.109,204.1595744680851,O3,5,0,0
2015,2647,0.8,65.0,0.0979,181.68947368421055,O3,4,0,0
2016,2648,0.4,46.0,0.0806,134.60000000000002,O3,3,0,0
2017,2651,0.5,54.0,0.0816,138.10000000000002,O3,3,0,0
2018,2652,0.7,62.0,0.0934,170.0842105263158,O3,4,0,0
2019,2653,3.4,102.0,0.1548,252.39574468085107,O3,5,0,0
2020,2654,5.7,140.0,0.1858,285.04468085106384,O3,5,0,0
2021,2655,3.2,121.0,0.141,237.86170212765956,O3,5,0,0
2022,2656,2.7,132.0,0.1334,229.85744680851062,O3,5,0,0
2023,2657,2.1,122.0,0.114,209.4255319148936,O3,5,0,0
2024,2658,2.8,148.0,0.1111,206.3712765957447,O3,5,0,0
2025,2659,2.5,133.0,0.1054,107.05405405405405,NO2,3,0,0
2026,2660,2.1,130.0,0.0924,167.50526315789475,O3,4,0,0
2027,2661,2.5,141.0,0.1041,197.67894736842106,O3,4,0,0
2028,2662,2.7,172.0,0.1282,224.3808510638298,O3,5,0,0
2029,2663,3.7,198.0,0.1362,232.80638297872338,O3,5,0,0
2030,2664,3.7,181.0,0.1441,241.12659574468086,O3,5,0,0
2031,2665,4.6,202.0,0.1559,253.55425531914895,O3,5,0,0
2032,2666,2.6,120.0,0.1198,215.53404255319148,O3,5,0,0
2033,2667,2.5,115.0,0.1246,220.58936170212766,O3,5,0,0
2034,2668,2.3,112.0,0.1192,214.90212765957446,O3,5,0,0
2035,2669,2.2,97.0,0.1194,215.1127659574468,O3,5,0,0
2036,2670,2.5,100.0,0.1252,221.22127659574468,O3,5,0,0
2037,2671,0.9,47.0,0.0777,124.45000000000002,O3,3,0,0
2038,2672,0.8,44.0,0.0798,131.79999999999998,O3,3,0,0
2039,2674,0.5,42.0,0.0728,107.30000000000003,O3,3,0,0
2040,2675,0.7,57.0,0.0953,174.9842105263158,O3,4,0,0
2041,2676,0.9,61.0,0.106,201.0,O3,5,0,0
2042,2677,2.2,106.0,0.1338,230.27872340425532,O3,5,0,0
2043,2678,2.8,136.0,0.1622,260.18936170212766,O3,5,0,0
2044,2679,2.9,157.0,0.1812,280.2,O3,5,0,0
2045,2680,2.9,171.0,0.1784,277.2510638297872,O3,5,0,0
2046,2681,3.0,190.0,0.1509,248.28829787234042,O3,5,0,0
2047,2682,2.5,155.0,0.1139,209.32021276595745,O3,5,0,0
2048,2683,2.3,139.0,0.1044,198.45263157894738,O3,4,0,0
2049,2684,2.1,152.0,0.1015,190.97368421052636,O3,4,0,0
2050,2685,1.9,143.0,0.0825,141.25,O3,3,0,0
2051,2686,2.3,168.0,0.1022,192.77894736842106,O3,4,0,0
2052,2687,4.2,226.0,0.1913,290.8372340425532,O3,5,0,0
2053,2688,4.9,207.0,0.2043,304.5287234042553,O3,6,0,0
2054,2689,4.9,197.0,0.1661,264.2968085106383,O3,5,0,0
2055,2690,3.5,158.0,0.1404,237.22978723404253,O3,5,0,0
2056,2691,2.5,124.0,0.1233,219.22021276595746,O3,5,0,0
2057,2692,2.5,110.0,0.1181,213.7436170212766,O3,5,0,0
2058,2693,2.6,112.0,0.1272,223.3276595744681,O3,5,0,0
2059,2694,2.3,102.0,0.119,214.6914893617021,O3,5,0,0
2060,2695,1.5,77.0,0.0982,182.46315789473684,O3,4,0,0
2061,2696,0.9,50.0,0.0805,134.25,O3,3,0,0
2062,2698,0.6,40.0,0.0727,106.95000000000002,O3,3,0,0
2063,2699,0.8,66.0,0.1001,187.36315789473684,O3,4,0,0
2064,2700,0.9,60.0,0.0994,185.55789473684212,O3,4,0,0
2065,2701,2.4,85.0,0.1322,228.5936170212766,O3,5,0,0
2066,2702,3.9,120.0,0.1617,259.6627659574468,O3,5,0,0
2067,2703,2.9,134.0,0.143,239.96808510638297,O3,5,0,0
2068,2704,2.7,149.0,0.1357,232.27978723404254,O3,5,0,0
2069,2705,2.0,125.0,0.0994,185.55789473684212,O3,4,0,0
2070,2706,2.4,132.0,0.1054,106.86486486486487,NO2,3,0,0
2071,2707,2.0,114.0,0.0945,172.92105263157896,O3,4,0,0
2072,2708,1.8,110.0,0.0808,135.29999999999998,O3,3,0,0
2073,2709,1.9,121.0,0.0888,158.22105263157897,O3,4,0,0
2074,2710,1.8,127.0,0.0787,127.95000000000002,O3,3,0,0
2075,2711,2.9,157.0,0.1077,202.7904255319149,O3,5,0,0
2076,2712,3.3,169.0,0.1106,205.84468085106383,O3,5,0,0
2077,2713,4.4,179.0,0.1356,232.17446808510638,O3,5,0,0
2078,2714,3.4,149.0,0.1152,210.68936170212766,O3,5,0,0
2079,2715,1.9,111.0,0.0925,167.76315789473685,O3,4,0,0
2080,2716,2.1,112.0,0.1059,103.08108108108108,NO2,3,0,0
2081,2717,2.5,120.0,0.1201,215.85,O3,5,0,0
2082,2718,2.3,105.0,0.1205,216.27127659574467,O3,5,0,0
2083,2719,1.7,90.0,0.1103,205.52872340425532,O3,5,0,0
2084,2720,1.5,87.0,0.1072,202.26382978723404,O3,5,0,0
2085,2723,0.5,61.0,0.074,111.5,O3,3,0,0
2086,2724,0.8,63.0,0.077,122.0,O3,3,0,0
2087,2725,2.6,102.0,0.1327,229.12021276595746,O3,5,0,0
2088,2726,4.9,149.0,0.1763,275.0393617021277,O3,5,0,0
2089,2727,2.9,147.0,0.1477,244.918085106383,O3,5,0,0
2090,2728,2.8,158.0,0.1311,227.43510638297872,O3,5,0,0
2091,2729,1.8,112.0,0.098,181.94736842105266,O3,4,0,0
2092,2730,1.8,108.0,0.0961,177.04736842105265,O3,4,0,0
2093,2731,1.9,120.0,0.0923,167.2473684210526,O3,4,0,0
2094,2732,1.7,117.0,0.0839,146.14999999999998,O3,3,0,0
2095,2733,1.7,119.0,0.0827,141.94999999999996,O3,3,0,0
2096,2734,1.9,149.0,0.0821,139.85000000000002,O3,3,0,0
2097,2735,2.1,174.0,0.0749,114.8108108108108,NO2,3,0,0
2098,2736,2.4,163.0,0.0871,153.83684210526317,O3,4,0,0
2099,2737,3.0,161.0,0.1077,202.7904255319149,O3,5,0,0
2100,2738,2.8,154.0,0.1175,213.11170212765956,O3,5,0,0
2101,2739,1.9,124.0,0.1125,207.84574468085106,O3,5,0,0
2102,2740,2.1,122.0,0.1124,207.7404255319149,O3,5,0,0
2103,2741,1.8,119.0,0.1064,201.42127659574467,O3,5,0,0
2104,2742,2.5,131.0,0.124,219.95744680851064,O3,5,0,0
2105,2743,1.1,84.0,0.0899,161.05789473684212,O3,4,0,0
2106,2744,0.7,77.0,0.0807,134.94999999999996,O3,3,0,0
2107,2746,0.4,41.0,0.0573,58.51333333333332,O3,2,1,0
2108,2747,0.7,68.0,0.0768,121.29999999999998,O3,3,0,0
2109,2748,0.7,69.0,0.0807,134.94999999999996,O3,3,0,0
2110,2749,1.8,101.0,0.1204,216.1659574468085,O3,5,0,0
2111,2750,2.3,120.0,0.1401,236.91382978723405,O3,5,0,0
2112,2751,1.9,124.0,0.1256,221.64255319148936,O3,5,0,0
2113,2752,1.7,113.0,0.0999,186.84736842105264,O3,4,0,0
2114,2753,1.3,97.0,0.0712,101.70000000000002,O3,3,0,0
2115,2754,1.5,94.0,0.0712,101.70000000000002,O3,3,0,0
2116,2755,1.3,86.0,0.0614,85.08695652173913,NO2,2,1,0
2117,2756,0.8,70.0,0.0554,68.04347826086956,NO2,2,1,0
2118,2757,0.8,70.0,0.0722,105.20000000000002,O3,3,0,0
2119,2758,1.1,82.0,0.0636,80.82608695652175,NO2,2,0,0
2120,2759,1.2,93.0,0.0664,92.54347826086956,NO2,2,1,0
2121,2760,1.2,89.0,0.0624,88.28260869565219,NO2,2,1,0
2122,2761,1.4,90.0,0.0659,89.34782608695653,NO2,2,1,0
2123,2762,1.1,67.0,0.0695,98.36666666666667,O3,2,1,0
2124,2763,1.5,94.0,0.092,166.47368421052633,O3,4,0,0
2125,2764,2.0,109.0,0.115,210.47872340425533,O3,5,0,0
2126,2765,1.9,103.0,0.1141,209.53085106382977,O3,5,0,0
2127,2766,2.2,101.0,0.1227,218.58829787234043,O3,5,0,0
2128,2767,1.1,71.0,0.0887,157.96315789473687,O3,4,0,0
2129,2768,1.1,71.0,0.0987,183.75263157894736,O3,4,0,0
2130,2770,0.6,49.0,0.078,125.5,O3,3,0,0
2131,2771,0.6,43.0,0.0767,120.95000000000002,O3,3,0,0
2132,2772,0.6,44.0,0.078,125.5,O3,3,0,0
2133,2773,0.6,42.0,0.0698,99.34666666666665,O3,2,1,0
2134,2774,1.1,69.0,0.0821,139.85000000000002,O3,3,0,0
2135,2775,1.0,65.0,0.0772,122.70000000000002,O3,3,0,0
2136,2776,1.0,68.0,0.069,96.73333333333332,O3,2,1,1
2137,2777,1.0,58.0,0.0586,62.75999999999999,O3,2,0,1
2138,2778,0.8,52.0,0.0523,49.056603773584904,NO2,1,0,1
2139,2779,0.7,46.0,0.0488,45.18518518518519,O3,1,1,1
2140,2780,0.4,40.0,0.0427,39.53703703703704,O3,1,1,1
2141,2781,0.5,47.0,0.0468,44.339622641509436,NO2,1,1,1
2142,2782,0.6,56.0,0.0489,53.130434782608695,NO2,2,1,1
2143,2783,0.7,64.0,0.0515,61.65217391304348,NO2,2,1,1
2144,2784,0.9,71.0,0.0562,69.1086956521739,NO2,2,0,1
2145,2785,1.6,103.0,0.0776,124.10000000000001,O3,3,0,0
2146,2786,1.6,97.0,0.0833,144.04999999999998,O3,3,0,0
2147,2787,1.7,108.0,0.1023,193.03684210526316,O3,4,0,0
2148,2788,1.3,87.0,0.0967,178.59473684210525,O3,4,0,0
2149,2789,1.9,104.0,0.1089,204.05425531914892,O3,5,0,0
2150,2790,1.5,93.0,0.1103,205.52872340425532,O3,5,0,0
2151,2791,0.6,55.0,0.0734,109.40000000000003,O3,3,0,0
2152,2792,0.4,49.0,0.0671,90.52666666666667,O3,2,0,0
2153,2795,0.4,43.0,0.0641,80.72666666666666,O3,2,1,0
2154,2796,0.7,57.0,0.0825,141.25,O3,3,0,0
2155,2797,2.0,80.0,0.1179,213.53297872340426,O3,5,0,0
2156,2798,3.9,134.0,0.1651,263.2436170212766,O3,5,0,0
2157,2799,3.6,157.0,0.1474,244.60212765957448,O3,5,0,0
2158,2800,3.2,175.0,0.137,233.64893617021278,O3,5,0,0
2159,2801,2.2,147.0,0.1141,209.53085106382977,O3,5,0,0
2160,2802,2.2,140.0,0.1076,202.68510638297872,O3,5,0,0
2161,2803,2.1,137.0,0.1036,196.38947368421054,O3,4,0,0
2162,2804,1.8,123.0,0.0881,156.4157894736842,O3,4,0,0
2163,2805,2.0,138.0,0.096,176.78947368421055,O3,4,0,0
2164,2806,1.8,132.0,0.0883,156.93157894736845,O3,4,0,0
2165,2807,3.0,174.0,0.1221,217.9563829787234,O3,5,0,0
2166,2808,4.3,203.0,0.1518,249.23617021276596,O3,5,0,0
2167,2809,3.5,176.0,0.1264,222.48510638297873,O3,5,0,0
2168,2810,2.5,125.0,0.1061,201.10531914893616,O3,5,0,0
2169,2811,1.8,98.0,0.0947,173.4368421052632,O3,4,0,0
2170,2812,1.9,103.0,0.1059,101.37837837837837,NO2,3,0,0
2171,2813,1.9,104.0,0.103,194.8421052631579,O3,4,0,0
2172,2814,1.9,105.0,0.1065,201.52659574468086,O3,5,0,0
2173,2815,0.9,75.0,0.0893,159.5105263157895,O3,4,0,0
2174,2816,0.7,60.0,0.0837,145.44999999999996,O3,3,0,0
2175,2818,0.4,36.0,0.0596,66.02666666666666,O3,2,0,0
2176,2819,0.7,66.0,0.0884,157.18947368421055,O3,4,0,0
2177,2820,1.6,97.0,0.117,212.58510638297872,O3,5,0,0
2178,2821,3.8,115.0,0.1596,257.45106382978724,O3,5,0,0
2179,2822,5.1,145.0,0.1873,286.6244680851064,O3,5,0,0
2180,2823,3.4,162.0,0.1608,258.7148936170213,O3,5,0,0
2181,2824,2.6,147.0,0.147,244.18085106382978,O3,5,0,0
2182,2825,2.2,132.0,0.1275,223.6436170212766,O3,5,0,0
2183,2826,3.4,179.0,0.1407,237.54574468085104,O3,5,0,0
2184,2827,3.4,174.0,0.1302,226.4872340425532,O3,5,0,0
2185,2828,1.8,132.0,0.0931,169.3105263157895,O3,4,0,0
2186,2829,2.0,151.0,0.0917,165.70000000000002,O3,4,0,0
2187,2830,2.4,168.0,0.0985,183.23684210526318,O3,4,0,0
2188,2831,3.8,192.0,0.1265,222.5904255319149,O3,5,0,0
2189,2832,4.4,194.0,0.2475,350.0265957446809,O3,6,0,0
2190,2833,3.9,155.0,0.2021,302.2117021276596,O3,6,0,0
2191,2834,4.0,159.0,0.1834,282.51702127659576,O3,5,0,0
2192,2835,2.5,125.0,0.1426,239.5468085106383,O3,5,0,0
2193,2836,2.1,108.0,0.1272,223.3276595744681,O3,5,0,0
2194,2837,2.4,110.0,0.149,246.28723404255317,O3,5,0,0
2195,2838,2.1,99.0,0.144,241.02127659574467,O3,5,0,0
2196,2839,1.6,95.0,0.1271,223.2223404255319,O3,5,0,0
2197,2840,0.8,69.0,0.0985,183.23684210526318,O3,4,0,0
2198,2842,0.4,45.0,0.0754,116.39999999999999,O3,3,0,0
2199,2843,0.5,53.0,0.0853,50.0,NO2,1,0,1
2200,2844,1.3,88.0,0.134,230.48936170212767,O3,5,0,0
2201,2845,4.1,136.0,0.1869,286.2031914893617,O3,5,0,0
2202,2846,4.1,141.0,0.2021,302.2117021276596,O3,6,0,0
2203,2847,4.0,189.0,0.1902,289.6787234042553,O3,5,0,0
2204,2848,2.2,166.0,0.1527,250.1840425531915,O3,5,0,0
2205,2849,2.0,154.0,0.126,222.06382978723406,O3,5,0,0
2206,2850,2.0,149.0,0.1124,207.7404255319149,O3,5,0,0
2207,2851,2.2,142.0,0.1309,227.22446808510637,O3,5,0,0
2208,2852,2.2,130.0,0.1283,224.48617021276596,O3,5,0,0
2209,2853,1.8,121.0,0.1068,201.84255319148937,O3,5,0,0
2210,2854,1.8,116.0,0.0937,170.85789473684213,O3,4,0,0
2211,2855,3.3,177.0,0.1416,238.4936170212766,O3,5,0,0
2212,2856,4.3,233.0,0.1611,259.0308510638298,O3,5,0,0
2213,2857,5.3,223.0,0.1919,291.4691489361702,O3,5,0,0
2214,2858,4.3,184.0,0.1745,273.14361702127655,O3,5,0,0
2215,2859,3.6,165.0,0.1837,282.83297872340427,O3,5,0,0
2216,2860,2.4,132.0,0.1759,274.618085106383,O3,5,0,0
2217,2861,2.1,122.0,0.1593,257.13510638297873,O3,5,0,0
2218,2862,1.2,88.0,0.1357,232.27978723404254,O3,5,0,0
2219,2863,0.9,79.0,0.1231,219.0095744680851,O3,5,0,0
2220,2864,0.6,60.0,0.1066,201.63191489361702,O3,5,0,0
2221,2867,0.6,74.0,0.1204,216.1659574468085,O3,5,0,0
2222,2868,0.6,62.0,0.1079,203.00106382978723,O3,5,0,0
2223,2869,2.2,115.0,0.1593,257.13510638297873,O3,5,0,0
2224,2870,3.2,119.0,0.1745,273.14361702127655,O3,5,0,0
2225,2871,3.0,155.0,0.1847,283.88617021276593,O3,5,0,0
2226,2872,2.7,162.0,0.1845,283.6755319148936,O3,5,0,0
2227,2873,3.2,189.0,0.1886,287.9936170212766,O3,5,0,0
2228,2874,1.4,115.0,0.1039,197.16315789473686,O3,4,0,0
2229,2875,1.3,109.0,0.0923,167.2473684210526,O3,4,0,0
2230,2876,1.4,108.0,0.0926,168.02105263157895,O3,4,0,0
2231,2877,2.1,145.0,0.1277,223.85425531914893,O3,5,0,0
2232,2878,2.4,167.0,0.1301,226.38191489361702,O3,5,0,0
2233,2879,3.1,200.0,0.1385,235.22872340425533,O3,5,0,0
2234,2880,3.5,178.0,0.1474,244.60212765957448,O3,5,0,0
2235,2881,5.1,206.0,0.1948,294.5234042553191,O3,5,0,0
2236,2882,4.5,192.0,0.1677,265.981914893617,O3,5,0,0
2237,2883,2.9,137.0,0.1434,240.38936170212764,O3,5,0,0
2238,2884,2.6,128.0,0.1424,239.33617021276595,O3,5,0,0
2239,2885,2.7,121.0,0.1504,247.7617021276596,O3,5,0,0
2240,2886,3.2,136.0,0.1661,264.2968085106383,O3,5,0,0
2241,2887,2.3,109.0,0.1714,269.8787234042553,O3,5,0,0
2242,2888,1.0,74.0,0.105,200.0,O3,4,0,0
2243,2890,0.4,40.0,0.0456,42.22222222222223,O3,1,1,1
2244,2891,0.6,61.0,0.0554,58.45652173913044,NO2,2,0,1
2245,2892,1.0,83.0,0.0744,112.89999999999999,O3,3,0,0
2246,2893,2.9,129.0,0.128,224.17021276595744,O3,5,0,0
2247,2895,1.8,115.0,0.0927,168.2789473684211,O3,4,0,0
2248,2896,1.8,130.0,0.084,146.5,O3,3,0,0
2249,2897,1.7,137.0,0.0786,127.60000000000001,O3,3,0,0
2250,2898,1.5,116.0,0.069,103.83783783783784,NO2,3,0,0
2251,2899,1.7,129.0,0.0742,112.20000000000002,O3,3,0,0
2252,2900,1.3,117.0,0.068,104.02702702702703,NO2,3,0,0
2253,2901,1.5,138.0,0.0705,108.0,NO2,3,0,0
2254,2902,1.5,139.0,0.0677,108.1891891891892,NO2,3,0,0
2255,2903,2.3,180.0,0.0877,155.3842105263158,O3,4,0,0
2256,2904,2.2,162.0,0.0844,147.89999999999998,O3,3,0,0
2257,2905,2.8,158.0,0.1006,188.65263157894736,O3,4,0,0
2258,2906,2.7,162.0,0.0987,183.75263157894736,O3,4,0,0
2259,2907,1.7,112.0,0.0868,153.06315789473686,O3,4,0,0
2260,2908,1.5,104.0,0.0861,151.2578947368421,O3,4,0,0
2261,2909,2.3,125.0,0.1042,197.93684210526317,O3,4,0,0
2262,2910,2.3,127.0,0.108,203.10638297872342,O3,5,0,0
2263,2911,1.5,95.0,0.0811,136.35000000000002,O3,3,0,0
2264,2912,1.0,70.0,0.0704,68.04347826086956,NO2,2,0,1
2265,2914,0.3,33.0,0.0484,44.81481481481482,O3,1,1,1
2266,2915,0.4,45.0,0.058,60.800000000000004,O3,2,1,1
2267,2916,0.5,56.0,0.0668,89.54666666666665,O3,2,0,1
2268,2917,0.9,74.0,0.0835,144.75,O3,3,0,0
2269,2918,1.1,84.0,0.0739,111.14999999999999,O3,3,0,0
2270,2919,1.4,93.0,0.0763,119.55000000000003,O3,3,0,0
2271,2920,1.1,97.0,0.0614,96.80434782608697,NO2,2,0,0
2272,2921,0.9,83.0,0.0566,81.8913043478261,NO2,2,1,0
2273,2922,0.8,71.0,0.0508,69.1086956521739,NO2,2,1,0
2274,2923,0.8,78.0,0.0509,76.56521739130434,NO2,2,1,0
2275,2924,0.6,62.0,0.0457,59.52173913043478,NO2,2,1,0
2276,2925,0.6,54.0,0.0438,51.0,NO2,2,1,0
2277,2926,0.5,59.0,0.0427,56.32608695652174,NO2,2,0,0
2278,2927,0.7,69.0,0.0453,66.97826086956522,NO2,2,1,0
2279,2928,0.8,67.0,0.0479,64.84782608695653,NO2,2,1,0
2280,2929,0.9,58.0,0.05,55.26086956521739,NO2,2,1,0
2281,2930,1.3,77.0,0.0647,82.68666666666664,O3,2,0,0
2282,2931,1.3,94.0,0.0728,107.30000000000003,O3,3,0,0
2283,2932,1.4,97.0,0.082,139.5,O3,3,0,0
2284,2933,1.9,110.0,0.0946,173.17894736842106,O3,4,0,0
2285,2934,2.3,116.0,0.1018,191.74736842105264,O3,4,0,0
2286,2935,1.0,74.0,0.0789,128.64999999999998,O3,3,0,0
2287,2936,0.5,51.0,0.0647,82.68666666666664,O3,2,0,1
2288,2938,0.4,40.0,0.0576,59.493333333333325,O3,2,0,1
2289,2939,0.3,36.0,0.0555,52.63333333333333,O3,2,1,1
2290,2940,0.2,35.0,0.0552,51.65333333333333,O3,2,1,1
2291,2941,0.4,48.0,0.062,73.86666666666665,O3,2,0,1
2292,2942,0.3,38.0,0.0557,53.28666666666666,O3,2,0,1
2293,2943,0.6,54.0,0.0556,52.95999999999999,O3,2,0,1
2294,2944,0.6,57.0,0.0573,58.51333333333332,O3,2,1,1
2295,2945,0.6,54.0,0.0514,51.0,NO2,2,1,1
2296,2946,0.5,46.0,0.0478,44.25925925925927,O3,1,1,1
2297,2947,0.4,36.0,0.0424,39.25925925925926,O3,1,0,1
2298,2948,0.2,19.0,0.0386,35.74074074074075,O3,1,1,1
2299,2949,0.4,34.0,0.0403,37.31481481481482,O3,1,0,1
2300,2950,0.6,63.0,0.0462,60.58695652173913,NO2,2,0,1
2301,2951,0.9,86.0,0.0489,85.08695652173913,NO2,2,0,1
2302,2952,0.7,65.0,0.0463,62.71739130434783,NO2,2,0,1
2303,2953,1.2,101.0,0.0585,101.0,NO2,3,0,0
2304,2954,1.6,116.0,0.0748,114.30000000000003,O3,3,0,0
2305,2955,1.8,124.0,0.094,171.63157894736844,O3,4,0,0
2306,2956,2.4,136.0,0.1022,192.77894736842106,O3,4,0,0
2307,2957,1.5,108.0,0.0929,168.79473684210527,O3,4,0,0
2308,2958,0.9,82.0,0.0834,144.39999999999998,O3,3,0,0
2309,2959,0.8,68.0,0.0751,115.35000000000001,O3,3,0,0
2310,2960,0.2,22.0,0.0505,46.75925925925927,O3,1,0,1
2311,2963,0.5,43.0,0.0628,76.47999999999996,O3,2,0,1
2312,2964,1.4,84.0,0.1043,198.19473684210527,O3,4,0,0
2313,2965,3.3,108.0,0.1463,243.44361702127662,O3,5,0,0
2314,2966,3.6,112.0,0.1358,232.38510638297873,O3,5,0,0
2315,2967,1.7,104.0,0.0971,179.62631578947372,O3,4,0,0
2316,2968,1.5,107.0,0.0894,159.76842105263157,O3,4,0,0
2317,2969,1.6,102.0,0.0871,153.83684210526317,O3,4,0,0
2318,2970,2.1,104.0,0.0952,174.72631578947372,O3,4,0,0
2319,2971,2.1,96.0,0.0843,147.54999999999998,O3,3,0,0
2320,2972,1.6,80.0,0.075,115.0,O3,3,0,0
2321,2973,1.3,72.0,0.071,101.0,O3,3,0,0
2322,2974,1.6,106.0,0.0814,137.39999999999998,O3,3,0,0
2323,2975,3.1,119.0,0.1052,104.4054054054054,NO2,3,0,0
2324,2976,3.3,119.0,0.106,201.0,O3,5,0,0
2325,2977,3.4,128.0,0.1153,210.79468085106384,O3,5,0,0
2326,2978,2.8,112.0,0.0986,183.49473684210525,O3,4,0,0
2327,2979,1.5,95.0,0.0781,125.85000000000001,O3,3,0,0
2328,2980,1.3,85.0,0.0653,84.64666666666665,O3,2,1,0
2329,2981,1.6,101.0,0.0777,124.45000000000002,O3,3,0,0
2330,2982,1.5,94.0,0.1015,190.97368421052636,O3,4,0,0
2331,2983,1.0,76.0,0.0922,166.98947368421057,O3,4,0,0
2332,2984,0.5,50.0,0.0678,92.8133333333333,O3,2,0,0
2333,2986,0.6,51.0,0.0725,106.25,O3,3,0,0
2334,2987,0.7,42.0,0.0688,96.07999999999998,O3,2,1,0
2335,2988,1.3,62.0,0.0887,157.96315789473687,O3,4,0,0
2336,2989,4.0,111.0,0.1494,246.70851063829787,O3,5,0,0
2337,2990,5.0,129.0,0.1647,262.82234042553193,O3,5,0,0
2338,2991,3.6,135.0,0.1489,246.18191489361703,O3,5,0,0
2339,2992,2.8,139.0,0.1361,232.70106382978724,O3,5,0,0
2340,2993,2.6,134.0,0.1224,218.27234042553192,O3,5,0,0
2341,2994,2.7,141.0,0.1174,213.00638297872342,O3,5,0,0
2342,2995,2.3,112.0,0.0901,161.57368421052632,O3,4,0,0
2343,2996,2.0,105.0,0.0794,130.39999999999998,O3,3,0,0
2344,2997,1.3,72.0,0.0577,70.17391304347827,NO2,2,0,0
2345,2998,1.7,90.0,0.0776,124.10000000000001,O3,3,0,0
2346,2999,2.8,126.0,0.0982,182.46315789473684,O3,4,0,0
2347,3000,3.8,154.0,0.1256,221.64255319148936,O3,5,0,0
2348,3001,4.9,173.0,0.1483,245.54999999999998,O3,5,0,0
2349,3002,4.3,162.0,0.139,235.75531914893617,O3,5,0,0
2350,3003,2.6,128.0,0.1195,215.21808510638297,O3,5,0,0
2351,3004,2.4,120.0,0.1135,208.89893617021278,O3,5,0,0
2352,3005,1.9,111.0,0.1115,206.79255319148936,O3,5,0,0
2353,3006,1.4,89.0,0.1026,193.81052631578947,O3,4,0,0
2354,3007,1.1,69.0,0.0836,145.09999999999997,O3,3,0,0
2355,3008,0.9,70.0,0.0925,167.76315789473685,O3,4,0,0
2356,3010,0.5,59.0,0.0781,125.85000000000001,O3,3,0,0
2357,3011,0.8,73.0,0.0959,176.53157894736842,O3,4,0,0
2358,3012,1.3,89.0,0.1155,211.00531914893617,O3,5,0,0
2359,3013,4.7,142.0,0.1686,266.9297872340426,O3,5,0,0
2360,3014,4.6,145.0,0.1791,277.9882978723404,O3,5,0,0
2361,3015,3.7,156.0,0.1643,262.40106382978723,O3,5,0,0
2362,3016,2.8,148.0,0.136,232.59574468085108,O3,5,0,0
2363,3017,1.8,122.0,0.0944,172.66315789473686,O3,4,0,0
2364,3018,1.9,106.0,0.0905,162.60526315789474,O3,4,0,0
2365,3019,2.0,106.0,0.0884,157.18947368421055,O3,4,0,0
2366,3020,2.0,127.0,0.0968,178.85263157894738,O3,4,0,0
2367,3021,2.1,113.0,0.0929,168.79473684210527,O3,4,0,0
2368,3022,2.1,136.0,0.0936,170.60000000000002,O3,4,0,0
2369,3023,3.2,153.0,0.1107,205.95000000000002,O3,5,0,0
2370,3024,4.0,172.0,0.1225,218.37765957446808,O3,5,0,0
2371,3025,4.6,190.0,0.1372,233.8595744680851,O3,5,0,0
2372,3026,3.0,160.0,0.1139,209.32021276595745,O3,5,0,0
2373,3027,2.9,159.0,0.1505,247.86702127659572,O3,5,0,0
2374,3028,1.9,123.0,0.1074,202.4744680851064,O3,5,0,0
2375,3029,1.4,101.0,0.0868,153.06315789473686,O3,4,0,0
2376,3030,2.1,116.0,0.1095,204.68617021276597,O3,5,0,0
2377,3031,1.2,80.0,0.0989,184.2684210526316,O3,4,0,0
2378,3032,0.6,51.0,0.0658,86.27999999999997,O3,2,0,0
2379,3035,0.4,46.0,0.0618,73.21333333333332,O3,2,0,0
2380,3036,0.7,64.0,0.0747,113.95000000000002,O3,3,0,0
2381,3037,2.3,108.0,0.1229,218.79893617021276,O3,5,0,0
2382,3038,4.0,151.0,0.1494,246.70851063829787,O3,5,0,0
2383,3039,2.8,153.0,0.1281,224.2755319148936,O3,5,0,0
2384,3040,1.6,116.0,0.0954,175.2421052631579,O3,4,0,0
2385,3041,1.6,116.0,0.081,136.0,O3,3,0,0
2386,3042,2.0,130.0,0.0882,156.67368421052635,O3,4,0,0
2387,3043,2.0,131.0,0.084,146.5,O3,3,0,0
2388,3044,1.7,131.0,0.0743,112.55000000000003,O3,3,0,0
2389,3045,2.0,135.0,0.088,156.1578947368421,O3,4,0,0
2390,3046,2.2,152.0,0.0928,168.53684210526316,O3,4,0,0
2391,3047,3.2,198.0,0.1218,217.6404255319149,O3,5,0,0
2392,3048,3.6,183.0,0.117,212.58510638297872,O3,5,0,0
2393,3049,3.8,175.0,0.162,259.97872340425533,O3,5,0,0
2394,3050,4.8,193.0,0.1508,248.18297872340423,O3,5,0,0
2395,3051,2.8,140.0,0.1318,228.1723404255319,O3,5,0,0
2396,3052,2.6,128.0,0.1189,214.58617021276598,O3,5,0,0
2397,3053,1.9,100.0,0.1,187.10526315789477,O3,4,0,0
2398,3054,1.7,97.0,0.102,192.26315789473682,O3,4,0,0
2399,3055,1.0,67.0,0.0767,120.95000000000002,O3,3,0,0
2400,3056,0.7,58.0,0.0674,91.50666666666666,O3,2,0,1
2401,3058,0.4,45.0,0.0545,42.45283018867924,NO2,1,1,1
2402,3059,0.6,62.0,0.0685,95.1,O3,2,0,1
2403,3060,0.7,59.0,0.0702,56.32608695652174,NO2,2,1,1
2404,3061,2.4,102.0,0.1188,214.4808510638298,O3,5,0,0
2405,3062,4.4,154.0,0.1589,256.71382978723403,O3,5,0,0
2406,3063,3.1,157.0,0.1331,229.54148936170213,O3,5,0,0
2407,3064,2.0,138.0,0.104,197.42105263157896,O3,4,0,0
2408,3065,2.1,142.0,0.1137,209.1095744680851,O3,5,0,0
2409,3066,2.1,125.0,0.0851,105.54054054054055,NO2,3,0,0
2410,3067,2.1,120.0,0.0782,126.20000000000002,O3,3,0,0
2411,3068,2.2,150.0,0.0908,163.37894736842108,O3,4,0,0
2412,3069,1.6,120.0,0.0806,134.60000000000002,O3,3,0,0
2413,3070,2.4,173.0,0.0985,183.23684210526318,O3,4,0,0
2414,3071,3.3,187.0,0.1211,216.9031914893617,O3,5,0,0
2415,3072,4.0,206.0,0.1411,237.96702127659574,O3,5,0,0
2416,3073,4.1,187.0,0.1395,236.28191489361703,O3,5,0,0
2417,3074,4.2,170.0,0.1578,255.55531914893618,O3,5,0,0
2418,3075,2.9,149.0,0.1325,228.9095744680851,O3,5,0,0
2419,3076,2.3,124.0,0.1185,214.16489361702128,O3,5,0,0
2420,3077,2.2,119.0,0.1235,219.43085106382978,O3,5,0,0
2421,3078,2.1,108.0,0.1317,228.06702127659577,O3,5,0,0
2422,3079,1.6,93.0,0.1114,206.6872340425532,O3,5,0,0
2423,3080,1.2,77.0,0.1015,190.97368421052636,O3,4,0,0
2424,3082,0.9,76.0,0.0961,177.04736842105265,O3,4,0,0
2425,3083,0.6,58.0,0.0796,131.10000000000002,O3,3,0,0
2426,3084,0.7,63.0,0.0826,141.60000000000002,O3,3,0,0
2427,3085,1.3,75.0,0.1057,73.36956521739131,NO2,2,0,0
2428,3086,2.0,111.0,0.1302,226.4872340425532,O3,5,0,0
2429,3087,1.9,116.0,0.1284,224.59148936170212,O3,5,0,0
2430,3088,2.2,138.0,0.1348,231.331914893617,O3,5,0,0
2431,3089,1.9,117.0,0.1025,193.55263157894737,O3,4,0,0
2432,3090,1.5,94.0,0.0759,118.14999999999999,O3,3,0,0
2433,3091,1.4,91.0,0.068,93.46666666666667,O3,2,0,0
2434,3092,1.0,60.0,0.0516,57.391304347826086,NO2,2,0,0
2435,3093,1.0,66.0,0.05,63.78260869565217,NO2,2,0,0
2436,3094,1.4,87.0,0.07,100.0,O3,2,0,0
2437,3095,1.6,106.0,0.136,232.59574468085108,O3,5,0,0
2438,3096,1.6,94.0,0.0722,105.20000000000002,O3,3,0,0
2439,3097,2.1,112.0,0.0842,147.19999999999996,O3,3,0,0
2440,3098,2.0,120.0,0.0879,155.90000000000003,O3,4,0,0
2441,3099,1.9,106.0,0.0836,145.09999999999997,O3,3,0,0
2442,3100,2.3,112.0,0.1062,201.21063829787235,O3,5,0,0
2443,3101,2.4,120.0,0.1188,214.4808510638298,O3,5,0,0
2444,3102,2.2,114.0,0.1236,219.53617021276597,O3,5,0,0
2445,3103,1.2,70.0,0.0853,68.04347826086956,NO2,2,0,0
2446,3104,1.1,64.0,0.0875,154.8684210526316,O3,4,0,0
2447,3107,0.6,50.0,0.0679,93.13999999999999,O3,2,0,0
2448,3108,0.7,62.0,0.0877,155.3842105263158,O3,4,0,0
2449,3109,0.4,53.0,0.0826,141.60000000000002,O3,3,0,0
2450,3110,0.6,85.0,0.0881,156.4157894736842,O3,4,0,0
2451,3111,0.9,102.0,0.111,206.26595744680853,O3,5,0,0
2452,3112,0.9,97.0,0.0927,168.2789473684211,O3,4,0,0
2453,3113,0.8,91.0,0.0665,90.41304347826087,NO2,2,0,1
2454,3114,0.4,62.0,0.0474,59.52173913043478,NO2,2,1,1
2455,3115,0.3,57.0,0.0459,54.19565217391305,NO2,2,1,1
2456,3116,0.1,40.0,0.0437,40.46296296296297,O3,1,1,1
2457,3117,0.5,60.0,0.0607,69.61999999999998,O3,2,1,1
2458,3118,0.4,70.0,0.062,73.86666666666665,O3,2,1,1
2459,3119,0.3,53.0,0.0551,51.326666666666675,O3,2,1,1
2460,3120,0.4,54.0,0.0532,51.0,NO2,2,1,1
2461,3121,0.6,58.0,0.0578,60.146666666666654,O3,2,1,1
2462,3122,0.8,73.0,0.0721,104.85000000000001,O3,3,0,0
2463,3123,1.2,99.0,0.0912,164.4105263157895,O3,4,0,0
2464,3124,1.6,102.0,0.1155,211.00531914893617,O3,5,0,0
2465,3125,1.2,101.0,0.1279,224.06489361702128,O3,5,0,0
2466,3126,0.5,77.0,0.1018,191.74736842105264,O3,4,0,0
2467,3127,0.3,55.0,0.0842,147.19999999999996,O3,3,0,0
2468,3128,0.1,51.0,0.074,111.5,O3,3,0,0
2469,3130,0.1,50.0,0.0739,111.14999999999999,O3,3,0,0
2470,3131,0.3,75.0,0.097,179.3684210526316,O3,4,0,0
2471,3132,0.8,89.0,0.1177,213.3223404255319,O3,5,0,0
2472,3133,2.3,112.0,0.1518,249.23617021276596,O3,5,0,0
2473,3134,3.4,142.0,0.1811,280.0946808510638,O3,5,0,0
2474,3135,2.5,145.0,0.1696,267.98297872340424,O3,5,0,0
2475,3136,2.4,165.0,0.1603,258.1882978723404,O3,5,0,0
2476,3137,2.1,159.0,0.137,233.64893617021278,O3,5,0,0
2477,3192,4.1,140.0,0.1153,210.79468085106384,O3,5,0,0
2478,3193,3.8,163.0,0.1492,246.49787234042554,O3,5,0,0
2479,3194,3.4,144.0,0.1382,234.9127659574468,O3,5,0,0
2480,3195,2.9,120.0,0.1303,226.59255319148937,O3,5,0,0
2481,3196,3.1,120.0,0.1404,237.22978723404253,O3,5,0,0
2482,3197,3.5,106.0,0.1308,227.1191489361702,O3,5,0,0
2483,3198,2.4,95.0,0.132,228.38297872340425,O3,5,0,0
2484,3199,1.6,70.0,0.1179,213.53297872340426,O3,5,0,0
2485,3200,1.3,67.0,0.116,211.53191489361703,O3,5,0,0
2486,3202,1.0,70.0,0.1181,213.7436170212766,O3,5,0,0
2487,3203,0.8,50.0,0.101,189.6842105263158,O3,4,0,0
2488,3204,1.1,60.0,0.1075,202.57978723404256,O3,5,0,0
2489,3205,4.4,127.0,0.1839,283.0436170212766,O3,5,0,0
2490,3208,3.3,190.0,0.1834,282.51702127659576,O3,5,0,0
2491,3209,2.1,127.0,0.1268,222.9063829787234,O3,5,0,0
2492,3210,2.1,130.0,0.1422,239.1255319148936,O3,5,0,0
2493,3211,2.0,125.0,0.1028,194.3263157894737,O3,4,0,0
2494,3212,1.5,113.0,0.0929,168.79473684210527,O3,4,0,0
2495,3213,2.1,143.0,0.115,210.47872340425533,O3,5,0,0
2496,3214,2.3,157.0,0.1235,219.43085106382978,O3,5,0,0
2497,3215,2.8,170.0,0.1315,227.85638297872342,O3,5,0,0
2498,3216,3.6,187.0,0.1469,244.07553191489362,O3,5,0,0
2499,3217,4.0,181.0,0.1515,248.92021276595744,O3,5,0,0
2500,3218,3.7,158.0,0.151,248.39361702127658,O3,5,0,0
2501,3219,2.5,112.0,0.1327,229.12021276595746,O3,5,0,0
2502,3220,2.3,100.0,0.1318,228.1723404255319,O3,5,0,0
2503,3221,2.5,105.0,0.1436,240.6,O3,5,0,0
2504,3222,2.7,107.0,0.1608,258.7148936170213,O3,5,0,0
2505,3223,1.3,72.0,0.1257,221.74787234042554,O3,5,0,0
2506,3224,0.8,59.0,0.1094,204.58085106382978,O3,5,0,0
2507,3226,0.5,55.0,0.1022,192.77894736842106,O3,4,0,0
2508,3227,0.8,70.0,0.1139,209.32021276595745,O3,5,0,0
2509,3228,1.0,59.0,0.1158,211.32127659574468,O3,5,0,0
2510,3229,2.9,95.0,0.1602,258.08297872340427,O3,5,0,0
2511,3230,3.8,120.0,0.177,275.77659574468083,O3,5,0,0
2512,3231,3.5,133.0,0.1651,263.2436170212766,O3,5,0,0
2513,3232,2.4,133.0,0.1435,240.49468085106383,O3,5,0,0
2514,3233,1.8,120.0,0.1159,211.42659574468087,O3,5,0,0
2515,3234,2.1,132.0,0.1193,215.00744680851065,O3,5,0,0
2516,3235,2.1,135.0,0.1094,204.58085106382978,O3,5,0,0
2517,3236,1.5,121.0,0.0912,164.4105263157895,O3,4,0,0
2518,3237,1.5,123.0,0.0908,163.37894736842108,O3,4,0,0
2519,3238,1.8,129.0,0.101,189.6842105263158,O3,4,0,0
2520,3239,2.1,129.0,0.102,192.26315789473682,O3,4,0,0
2521,3240,3.0,156.0,0.128,224.17021276595744,O3,5,0,0
2522,3241,2.8,131.0,0.1287,224.90744680851066,O3,5,0,0
2523,3242,2.5,115.0,0.1216,217.42978723404255,O3,5,0,0
2524,3243,1.4,79.0,0.099,184.5263157894737,O3,4,0,0
2525,3244,1.7,86.0,0.1146,210.05744680851063,O3,5,0,0
2526,3245,1.8,91.0,0.1273,223.43297872340426,O3,5,0,0
2527,3246,2.4,99.0,0.1346,231.1212765957447,O3,5,0,0
2528,3247,1.9,83.0,0.1353,231.85851063829787,O3,5,0,0
2529,3248,1.4,74.0,0.1231,219.0095744680851,O3,5,0,0
2530,3250,0.7,64.0,0.1126,207.95106382978724,O3,5,0,0
2531,3251,0.8,61.0,0.0995,185.81578947368422,O3,4,0,0
2532,3252,0.7,62.0,0.1003,187.87894736842105,O3,4,0,0
2533,3253,1.0,65.0,0.1055,62.71739130434783,NO2,2,0,0
2534,3254,1.7,79.0,0.1156,211.11063829787233,O3,5,0,0
2535,3255,1.9,90.0,0.1179,213.53297872340426,O3,5,0,0
2536,3256,2.3,116.0,0.1306,226.90851063829786,O3,5,0,0
2537,3257,1.7,89.0,0.0934,170.0842105263158,O3,4,0,0
2538,3258,1.3,68.0,0.0689,96.40666666666665,O3,2,0,1
2539,3259,1.2,53.0,0.0626,75.82666666666667,O3,2,1,1
2540,3260,0.8,34.0,0.0488,45.18518518518519,O3,1,1,1
2541,3261,0.9,38.0,0.0495,45.833333333333336,O3,1,1,1
2542,3262,1.1,53.0,0.0562,54.919999999999995,O3,2,0,1
2543,3263,1.2,62.0,0.0615,72.23333333333332,O3,2,1,1
2544,3264,1.3,82.0,0.066,86.93333333333332,O3,2,0,1
2545,3265,1.4,88.0,0.0664,88.23999999999998,O3,2,1,1
2546,3266,1.2,70.0,0.0567,68.04347826086956,NO2,2,1,1
2547,3267,0.9,53.0,0.0506,50.0,NO2,1,1,1
2548,3268,1.1,57.0,0.056,54.266666666666666,O3,2,1,1
2549,3269,1.5,73.0,0.0724,105.90000000000003,O3,3,0,0
2550,3270,1.7,83.0,0.0977,181.17368421052632,O3,4,0,0
2551,3271,0.9,52.0,0.0653,84.64666666666665,O3,2,1,1
2552,3272,0.7,52.0,0.0642,81.0533333333333,O3,2,1,1
2553,3275,0.3,17.0,0.0427,39.53703703703704,O3,1,1,1
2554,3276,0.4,28.0,0.047,43.51851851851852,O3,1,1,1
2555,3277,0.4,29.0,0.0447,41.388888888888886,O3,1,1,1
2556,3278,0.5,37.0,0.0463,42.870370370370374,O3,1,1,1
2557,3279,0.5,31.0,0.0454,42.037037037037045,O3,1,1,1
2558,3280,0.7,46.0,0.05,46.296296296296305,O3,1,1,1
2559,3281,0.9,66.0,0.0528,63.78260869565217,NO2,2,1,1
2560,3282,0.8,54.0,0.049,51.0,NO2,2,1,1
2561,3283,0.8,50.0,0.0488,47.16981132075472,NO2,1,0,1
2562,3284,0.7,44.0,0.0475,43.98148148148149,O3,1,1,1
2563,3285,0.8,52.0,0.0486,49.056603773584904,NO2,1,1,1
2564,3286,0.7,37.0,0.0438,40.55555555555556,O3,1,1,1
2565,3287,0.8,51.0,0.0477,48.113207547169814,NO2,1,1,1
2566,3288,1.2,78.0,0.0626,76.56521739130434,NO2,2,1,1
2567,3289,1.6,90.0,0.0747,113.95000000000002,O3,3,0,0
2568,3290,1.6,110.0,0.0858,102.70270270270271,NO2,3,0,0
2569,3291,1.5,86.0,0.0775,123.75,O3,3,0,0
2570,3292,1.5,88.0,0.0803,133.54999999999998,O3,3,0,0
2571,3293,1.5,91.0,0.0777,124.45000000000002,O3,3,0,0
2572,3294,1.5,93.0,0.077,122.0,O3,3,0,0
2573,3295,1.2,68.0,0.0663,87.9133333333333,O3,2,1,1
2574,3296,0.8,48.0,0.0529,48.98148148148149,O3,1,1,1
2575,3419,0.8,49.0,0.0742,112.20000000000002,O3,3,0,0
2576,3420,1.2,71.0,0.0942,172.14736842105265,O3,4,0,0
2577,3421,1.0,71.0,0.0926,168.02105263157895,O3,4,0,0
2578,3422,1.5,86.0,0.1039,197.16315789473686,O3,4,0,0
2579,3423,2.8,125.0,0.1158,211.32127659574468,O3,5,0,0
2580,3424,3.4,160.0,0.1347,231.22659574468082,O3,5,0,0
2581,3425,3.3,174.0,0.1262,222.27446808510638,O3,5,0,0
2582,3426,2.9,146.0,0.1073,202.36914893617023,O3,5,0,0
2583,3427,2.2,127.0,0.0817,138.44999999999996,O3,3,0,0
2584,3428,1.6,114.0,0.0606,103.45945945945945,NO2,3,0,0
2585,3429,0.9,65.0,0.0506,62.71739130434783,NO2,2,1,0
2586,3430,1.1,77.0,0.0559,75.5,NO2,2,1,0
2587,3431,1.0,68.0,0.053,65.91304347826087,NO2,2,0,0
2588,3432,1.3,92.0,0.0612,91.47826086956522,NO2,2,1,0
2589,3433,1.6,104.0,0.0774,123.39999999999999,O3,3,0,0
2590,3434,1.8,114.0,0.0899,161.05789473684212,O3,4,0,0
2591,3435,2.2,105.0,0.1066,201.63191489361702,O3,5,0,0
2592,3436,1.8,85.0,0.104,197.42105263157896,O3,4,0,0
2593,3437,2.3,92.0,0.1139,209.32021276595745,O3,5,0,0
2594,3438,2.0,82.0,0.1086,203.73829787234044,O3,5,0,0
2595,3439,1.8,70.0,0.1049,199.7421052631579,O3,4,0,0
2596,3440,0.9,40.0,0.0811,136.35000000000002,O3,3,0,0
2597,3442,0.6,26.0,0.0723,105.55000000000003,O3,3,0,0
2598,3443,0.4,21.0,0.0646,82.36,O3,2,0,0
2599,3444,0.4,30.0,0.067,90.19999999999999,O3,2,0,0
2600,3445,0.4,21.0,0.0603,68.31333333333332,O3,2,0,0
2601,3446,0.8,35.0,0.0687,95.7533333333333,O3,2,1,0
2602,3447,0.8,36.0,0.0733,109.05000000000003,O3,3,0,0
2603,3448,0.9,48.0,0.0766,120.60000000000001,O3,3,0,0
2604,3449,0.7,39.0,0.0621,74.19333333333333,O3,2,0,1
2605,3450,0.6,34.0,0.056,54.266666666666666,O3,2,0,1
2606,3451,0.5,33.0,0.0451,41.75925925925926,O3,1,1,1
2607,3452,0.6,42.0,0.0393,39.62264150943396,NO2,1,1,1
2608,3453,0.7,85.0,0.0417,84.02173913043478,NO2,2,0,1
2609,3454,0.9,92.0,0.0451,91.47826086956522,NO2,2,1,1
2610,3455,0.9,84.0,0.0461,82.95652173913044,NO2,2,0,1
2611,3456,1.2,100.0,0.0536,100.0,NO2,2,1,1
2612,3457,1.4,95.0,0.0619,94.67391304347827,NO2,2,1,1
2613,3458,1.5,77.0,0.0766,120.60000000000001,O3,3,0,0
2614,3459,1.7,85.0,0.0785,127.25,O3,3,0,0
2615,3460,1.7,83.0,0.0793,130.04999999999998,O3,3,0,0
2616,3461,1.7,88.0,0.0838,145.79999999999998,O3,3,0,0
2617,3462,1.9,68.0,0.0799,132.14999999999998,O3,3,0,0
2618,3463,1.2,97.0,0.0553,96.80434782608697,NO2,2,1,1
2619,3464,0.7,51.0,0.0465,48.113207547169814,NO2,1,1,1
2620,3466,0.2,5.0,0.0396,36.66666666666667,O3,1,1,1
2621,3467,0.4,35.0,0.0468,43.333333333333336,O3,1,1,1
2622,3468,0.8,56.0,0.0638,79.74666666666664,O3,2,1,1
2623,3469,1.9,110.0,0.1097,204.8968085106383,O3,5,0,0
2624,3471,1.9,124.0,0.1067,201.7372340425532,O3,5,0,0
2625,3472,1.9,115.0,0.0964,177.82105263157897,O3,4,0,0
2626,3473,1.9,119.0,0.0903,162.08947368421056,O3,4,0,0
2627,3474,1.7,107.0,0.0839,146.14999999999998,O3,3,0,0
2628,3475,1.4,99.0,0.0692,98.93478260869566,NO2,2,0,0
2629,3476,1.2,95.0,0.0629,94.67391304347827,NO2,2,1,0
2630,3477,1.4,105.0,0.0666,101.75675675675676,NO2,3,0,0
2631,3478,1.4,117.0,0.0684,104.02702702702703,NO2,3,0,0
2632,3479,1.9,157.0,0.0816,138.10000000000002,O3,3,0,0
2633,3480,2.2,173.0,0.0876,155.1263157894737,O3,4,0,0
2634,3481,1.9,139.0,0.0836,145.09999999999997,O3,3,0,0
2635,3482,1.7,116.0,0.0846,148.59999999999997,O3,3,0,0
2636,3483,1.2,91.0,0.0795,130.75,O3,3,0,0
2637,3484,0.3,98.0,0.0836,145.09999999999997,O3,3,0,0
2638,3485,0.1,93.0,0.0818,138.79999999999998,O3,3,0,0
2639,3486,0.1,74.0,0.0777,124.45000000000002,O3,3,0,0
2640,3563,0.7,57.0,0.0947,173.4368421052632,O3,4,0,0
2641,3564,1.2,56.0,0.1081,203.21170212765958,O3,5,0,0
2642,3565,2.3,72.0,0.1257,221.74787234042554,O3,5,0,0
2643,3566,3.0,84.0,0.1404,237.22978723404253,O3,5,0,0
2644,3567,2.9,97.0,0.1412,238.0723404255319,O3,5,0,0
2645,3568,2.6,107.0,0.1428,239.75744680851065,O3,5,0,0
2646,3569,2.6,117.0,0.1451,242.17978723404255,O3,5,0,0
2647,3570,2.6,120.0,0.1346,231.1212765957447,O3,5,0,0
2648,3571,2.1,110.0,0.1093,204.47553191489362,O3,5,0,0
2649,3572,1.7,104.0,0.094,171.63157894736844,O3,4,0,0
2650,3573,1.9,110.0,0.0909,163.63684210526316,O3,4,0,0
2651,3574,2.5,111.0,0.1005,188.3947368421053,O3,4,0,0
2652,3575,1.1,64.0,0.0756,117.10000000000001,O3,3,0,0
2653,3576,2.1,92.0,0.108,203.10638297872342,O3,5,0,0
2654,3577,2.6,114.0,0.122,217.85106382978722,O3,5,0,0
2655,3578,2.6,116.0,0.1208,216.5872340425532,O3,5,0,0
2656,3579,1.7,94.0,0.1057,93.6086956521739,NO2,2,1,0
2657,3580,1.5,77.0,0.1009,189.4263157894737,O3,4,0,0
2658,3581,1.8,74.0,0.1088,203.94893617021276,O3,5,0,0
2659,3582,1.4,62.0,0.1062,201.21063829787235,O3,5,0,0
2660,3583,1.2,57.0,0.0975,180.65789473684214,O3,4,0,0
2661,3584,0.7,45.0,0.0793,130.04999999999998,O3,3,0,0
2662,3586,0.7,49.0,0.0802,133.19999999999996,O3,3,0,0
2663,3587,0.5,45.0,0.0754,116.39999999999999,O3,3,0,0
2664,3588,0.6,44.0,0.0774,123.39999999999999,O3,3,0,0
2665,3589,0.9,43.0,0.086,151.0,O3,4,0,0
2666,3590,1.2,51.0,0.0988,184.0105263157895,O3,4,0,0
2667,3591,2.0,84.0,0.1113,206.581914893617,O3,5,0,0
2668,3592,1.9,96.0,0.1063,201.3159574468085,O3,5,0,0
2669,3593,1.7,88.0,0.0858,87.21739130434783,NO2,2,1,0
2670,3594,1.2,67.0,0.0642,81.0533333333333,O3,2,1,0
2671,3595,1.1,64.0,0.0588,63.41333333333332,O3,2,1,0
2672,3596,1.0,54.0,0.0484,51.0,NO2,2,1,0
2673,3597,1.0,56.0,0.0498,53.130434782608695,NO2,2,1,0
2674,3598,1.0,68.0,0.0538,65.91304347826087,NO2,2,1,0
2675,3599,1.2,67.0,0.0565,64.84782608695653,NO2,2,1,0
2676,3600,1.6,95.0,0.0672,94.67391304347827,NO2,2,1,0
2677,3601,1.6,86.0,0.0689,96.40666666666665,O3,2,1,0
2678,3602,1.6,93.0,0.0714,102.40000000000003,O3,3,0,0
2679,3603,1.3,68.0,0.0631,77.46,O3,2,1,0
2680,3604,1.9,95.0,0.0829,142.64999999999998,O3,3,0,0
2681,3605,1.9,93.0,0.0875,154.8684210526316,O3,4,0,0
2682,3606,1.5,69.0,0.0803,133.54999999999998,O3,3,0,0
2683,3607,1.1,55.0,0.0759,118.14999999999999,O3,3,0,0
2684,3608,0.8,39.0,0.0638,79.74666666666664,O3,2,0,0
2685,3610,0.6,33.0,0.0615,72.23333333333332,O3,2,0,0
2686,3611,0.6,29.0,0.0596,66.02666666666666,O3,2,1,0
2687,3612,0.7,36.0,0.065,83.66666666666666,O3,2,1,0
2688,3613,0.6,38.0,0.0655,85.29999999999998,O3,2,0,0
2689,3614,1.0,47.0,0.0779,125.14999999999999,O3,3,0,0
2690,3615,1.2,64.0,0.0758,117.80000000000003,O3,3,0,0
2691,3616,1.0,49.0,0.0598,66.67999999999999,O3,2,1,0
2692,3617,1.3,64.0,0.0643,81.37999999999997,O3,2,0,0
2693,3618,1.4,79.0,0.0778,124.79999999999998,O3,3,0,0
2694,3619,0.8,45.0,0.0522,48.33333333333334,O3,1,1,1
2695,3620,0.6,30.0,0.0419,38.7962962962963,O3,1,1,1
2696,3621,0.7,35.0,0.0444,41.111111111111114,O3,1,1,1
2697,3622,0.8,37.0,0.0474,43.88888888888889,O3,1,1,1
2698,3623,0.9,46.0,0.0495,45.833333333333336,O3,1,1,1
2699,3624,1.0,54.0,0.0504,51.0,NO2,2,1,1
2700,3625,1.5,79.0,0.0616,77.6304347826087,NO2,2,1,1
2701,3626,1.5,79.0,0.069,96.73333333333332,O3,2,1,1
2702,3627,1.7,98.0,0.0846,148.59999999999997,O3,3,0,0
2703,3628,1.9,93.0,0.1013,190.45789473684212,O3,4,0,0
2704,3629,1.7,89.0,0.0978,181.43157894736842,O3,4,0,0
2705,3630,1.2,57.0,0.0821,139.85000000000002,O3,3,0,0
2706,3631,1.1,51.0,0.0862,151.51578947368424,O3,4,0,0
2707,3632,0.8,39.0,0.0755,116.75,O3,3,0,0
2708,3635,0.7,46.0,0.0853,43.39622641509434,NO2,1,1,1
2709,3636,1.2,55.0,0.099,184.5263157894737,O3,4,0,0
2710,3637,2.3,63.0,0.1206,216.37659574468086,O3,5,0,0
2711,3638,2.5,42.0,0.1274,223.53829787234045,O3,5,0,0
2712,3639,2.4,5.0,0.1336,230.06808510638297,O3,5,0,0
2713,3640,1.4,39.0,0.1068,201.84255319148937,O3,5,0,0
2714,3641,1.2,39.0,0.0804,133.89999999999998,O3,3,0,0
2715,3642,1.6,71.0,0.0826,141.60000000000002,O3,3,0,0
2716,3643,1.4,65.0,0.0745,113.25,O3,3,0,0
2717,3644,1.2,71.0,0.0638,79.74666666666664,O3,2,0,0
2718,3645,1.5,72.0,0.0684,94.77333333333331,O3,2,0,0
2719,3650,1.9,95.0,0.102,192.26315789473682,O3,4,0,0
2720,3651,1.6,74.0,0.11,205.2127659574468,O3,5,0,0
2721,3652,1.5,76.0,0.1086,203.73829787234044,O3,5,0,0
2722,3653,1.4,66.0,0.106,201.0,O3,5,0,0
2723,3654,1.0,49.0,0.0996,186.07368421052632,O3,4,0,0
2724,3655,0.7,29.0,0.0856,27.358490566037737,NO2,1,1,1
2725,3656,0.5,11.0,0.0722,105.20000000000002,O3,3,0,0
2726,3658,0.5,25.0,0.0772,122.70000000000002,O3,3,0,0
2727,3659,0.7,34.0,0.091,163.89473684210526,O3,4,0,0
2728,3660,1.2,42.0,0.1051,39.62264150943396,NO2,1,1,1
2729,3661,2.2,47.0,0.1257,221.74787234042554,O3,5,0,0
2730,3662,2.9,62.0,0.141,237.86170212765956,O3,5,0,0
2731,3663,2.6,81.0,0.1433,240.2840425531915,O3,5,0,0
2732,3664,2.6,90.0,0.1413,238.1776595744681,O3,5,0,0
2733,3665,2.2,95.0,0.1206,216.37659574468086,O3,5,0,0
2734,3666,1.5,86.0,0.0831,143.34999999999997,O3,3,0,0
2735,3667,0.9,64.0,0.0544,61.65217391304348,NO2,2,1,0
2736,3668,1.0,62.0,0.0525,59.52173913043478,NO2,2,1,0
2737,3669,1.1,75.0,0.0644,81.70666666666665,O3,2,1,0
2738,3670,1.2,88.0,0.0702,87.21739130434783,NO2,2,0,0
2739,3671,1.8,126.0,0.0844,147.89999999999998,O3,3,0,0
2740,3672,1.8,96.0,0.0905,162.60526315789474,O3,4,0,0
2741,3673,1.7,79.0,0.0878,155.64210526315793,O3,4,0,0
2742,3674,1.7,67.0,0.0927,168.2789473684211,O3,4,0,0
2743,3675,1.6,62.0,0.091,163.89473684210526,O3,4,0,0
2744,3676,1.7,64.0,0.1024,193.2947368421053,O3,4,0,0
2745,3677,1.8,63.0,0.1021,192.52105263157895,O3,4,0,0
2746,3678,1.5,60.0,0.1027,194.06842105263158,O3,4,0,0
2747,3679,1.2,49.0,0.0993,185.3,O3,4,0,0
2748,3680,0.8,36.0,0.091,163.89473684210526,O3,4,0,0
2749,3682,0.5,24.0,0.076,118.5,O3,3,0,0
2750,3683,0.7,32.0,0.0834,144.39999999999998,O3,3,0,0
2751,3684,1.1,42.0,0.1075,202.57978723404256,O3,5,0,0
2752,3685,1.4,42.0,0.1167,212.2691489361702,O3,5,0,0
2753,3686,1.7,51.0,0.1178,213.4276595744681,O3,5,0,0
2754,3687,1.8,58.0,0.112,207.31914893617022,O3,5,0,0
2755,3688,1.8,67.0,0.1131,208.4776595744681,O3,5,0,0
2756,3689,1.7,68.0,0.0972,179.8842105263158,O3,4,0,0
2757,3690,1.3,56.0,0.0764,119.89999999999999,O3,3,0,0
2758,3691,1.3,47.0,0.067,90.19999999999999,O3,2,1,0
2759,3692,1.0,46.0,0.0615,72.23333333333332,O3,2,0,0
2760,3693,1.0,50.0,0.0557,53.28666666666666,O3,2,1,0
2761,3694,1.4,65.0,0.07,100.0,O3,2,1,0
2762,3695,1.6,69.0,0.0734,109.40000000000003,O3,3,0,0
2763,3696,1.4,63.0,0.0684,94.77333333333331,O3,2,1,0
2764,3697,1.7,69.0,0.0823,140.54999999999998,O3,3,0,0
2765,3698,1.4,57.0,0.0801,132.85000000000002,O3,3,0,0
2766,3699,1.5,59.0,0.0916,165.4421052631579,O3,4,0,0
2767,3700,1.4,54.0,0.082,139.5,O3,3,0,0
2768,3701,1.5,57.0,0.0838,145.79999999999998,O3,3,0,0
2769,3702,1.6,46.0,0.0882,156.67368421052635,O3,4,0,0
2770,3703,1.2,65.0,0.0801,132.85000000000002,O3,3,0,0
2771,3704,0.9,62.0,0.069,96.73333333333332,O3,2,0,0
2772,3707,0.7,37.0,0.0799,132.14999999999998,O3,3,0,0
2773,3708,0.7,41.0,0.0818,138.79999999999998,O3,3,0,0
2774,3709,1.7,60.0,0.1034,195.87368421052633,O3,4,0,0
2775,3710,2.2,65.0,0.1189,214.58617021276598,O3,5,0,0
2776,3711,1.9,71.0,0.1034,195.87368421052633,O3,4,0,0
2777,3712,1.5,61.0,0.0929,168.79473684210527,O3,4,0,0
2778,3713,1.6,65.0,0.088,156.1578947368421,O3,4,0,0
2779,3714,1.3,54.0,0.0701,51.0,NO2,2,0,0
2780,3715,1.1,58.0,0.062,73.86666666666665,O3,2,1,0
2781,3716,1.0,56.0,0.0573,58.51333333333332,O3,2,0,0
2782,3717,1.0,60.0,0.0544,57.391304347826086,NO2,2,0,0
2783,3718,1.1,69.0,0.0581,66.97826086956522,NO2,2,0,0
2784,3719,1.3,67.0,0.061,70.6,O3,2,1,0
2785,3720,1.5,79.0,0.0695,98.36666666666667,O3,2,0,0
2786,3721,1.6,86.0,0.0709,85.08695652173913,NO2,2,1,0
2787,3722,1.5,79.0,0.0736,110.10000000000001,O3,3,0,0
2788,3723,1.3,67.0,0.0722,105.20000000000002,O3,3,0,0
2789,3724,1.2,65.0,0.068,93.46666666666667,O3,2,0,0
2790,3725,1.6,67.0,0.0772,122.70000000000002,O3,3,0,0
2791,3726,1.4,62.0,0.0769,121.64999999999999,O3,3,0,0
2792,3727,1.1,48.0,0.0654,84.97333333333331,O3,2,1,1
2793,3728,0.7,33.0,0.0516,47.77777777777778,O3,1,1,1
2794,3730,0.5,11.0,0.0452,41.851851851851855,O3,1,0,1
2795,3731,0.5,34.0,0.0492,45.55555555555556,O3,1,1,1
2796,3732,0.8,52.0,0.0588,63.41333333333332,O3,2,1,1
2797,3733,1.6,80.0,0.0909,163.63684210526316,O3,4,0,0
2798,3734,1.6,86.0,0.1007,188.91052631578947,O3,4,0,0
2799,3735,1.4,77.0,0.0809,135.64999999999998,O3,3,0,0
2800,3736,1.5,93.0,0.082,139.5,O3,3,0,0
2801,3737,1.2,109.0,0.0657,102.51351351351352,NO2,3,0,0
2802,3738,1.1,89.0,0.0551,88.28260869565219,NO2,2,1,1
2803,3739,0.8,71.0,0.0511,69.1086956521739,NO2,2,1,1
2804,3740,0.7,56.0,0.0451,53.130434782608695,NO2,2,1,1
2805,3741,0.7,68.0,0.0462,65.91304347826087,NO2,2,0,1
2806,3742,0.7,61.0,0.044,58.45652173913044,NO2,2,1,1
2807,3743,1.0,70.0,0.0472,68.04347826086956,NO2,2,1,1
2808,3744,1.0,76.0,0.0494,74.43478260869566,NO2,2,1,1
2809,3745,1.2,78.0,0.0524,76.56521739130434,NO2,2,1,1
2810,3746,1.1,80.0,0.056,78.69565217391305,NO2,2,1,1
2811,3747,1.0,71.0,0.0534,69.1086956521739,NO2,2,1,1
2812,3748,1.2,74.0,0.0577,72.30434782608695,NO2,2,1,1
2813,3749,1.4,90.0,0.0674,91.50666666666666,O3,2,1,1
2814,3750,1.3,78.0,0.0676,92.15999999999997,O3,2,1,1
2815,3751,1.0,63.0,0.0611,70.92666666666666,O3,2,0,1
2816,3752,0.6,42.0,0.0529,48.98148148148149,O3,1,1,1
2817,3754,0.4,27.0,0.0497,46.01851851851852,O3,1,1,1
2818,3755,0.4,29.0,0.0513,47.5,O3,1,1,1
2819,3756,0.5,41.0,0.0563,55.24666666666667,O3,2,1,1
2820,3757,1.1,61.0,0.0822,140.19999999999996,O3,3,0,0
2821,3758,1.2,68.0,0.089,158.73684210526315,O3,4,0,0
2822,3759,0.9,58.0,0.0742,112.20000000000002,O3,3,0,0
2823,3760,0.9,52.0,0.0629,76.80666666666664,O3,2,1,1
2824,3761,1.0,57.0,0.0609,70.27333333333334,O3,2,1,1
2825,3762,0.8,51.0,0.0534,49.44444444444445,O3,1,1,1
2826,3763,0.8,53.0,0.0528,50.0,NO2,1,1,1
2827,3764,0.7,49.0,0.0463,46.22641509433962,NO2,1,1,1
2828,3765,0.7,44.0,0.0462,42.77777777777778,O3,1,1,1
2829,3766,0.7,48.0,0.0501,46.38888888888889,O3,1,1,1
2830,3767,0.7,46.0,0.0493,45.648148148148145,O3,1,1,1
2831,3768,0.9,56.0,0.0572,58.18666666666667,O3,2,1,1
2832,3769,1.2,73.0,0.0668,89.54666666666665,O3,2,1,1
2833,3770,1.4,85.0,0.0771,122.35000000000001,O3,3,0,0
2834,3771,1.2,72.0,0.0732,108.70000000000002,O3,3,0,0
2835,3772,1.0,53.0,0.0687,95.7533333333333,O3,2,0,0
2836,3773,0.9,47.0,0.0664,88.23999999999998,O3,2,1,0
2837,3774,0.7,37.0,0.0588,63.41333333333332,O3,2,1,0
2838,3775,0.5,34.0,0.061,70.6,O3,2,1,0
2839,3776,0.5,33.0,0.0593,65.04666666666665,O3,2,1,0
2840,3779,0.4,27.0,0.0614,71.90666666666667,O3,2,1,0
2841,3780,0.4,27.0,0.0566,56.22666666666665,O3,2,1,0
2842,3781,0.5,28.0,0.0594,65.37333333333333,O3,2,1,0
2843,3782,0.7,36.0,0.0611,70.92666666666666,O3,2,1,0
2844,3783,1.1,59.0,0.0759,118.14999999999999,O3,3,0,0
2845,3784,1.0,56.0,0.07,100.0,O3,2,0,1
2846,3785,1.2,70.0,0.0691,97.05999999999996,O3,2,0,1
2847,3786,1.1,36.0,0.0579,60.47333333333333,O3,2,0,1
2848,3787,0.6,17.0,0.0478,44.25925925925927,O3,1,1,1
2849,3788,0.4,14.0,0.041,37.96296296296297,O3,1,1,1
2850,3789,0.4,24.0,0.0404,37.407407407407405,O3,1,0,1
2851,3790,0.5,36.0,0.044,40.74074074074074,O3,1,0,1
2852,3791,0.6,43.0,0.0461,42.68518518518519,O3,1,0,1
2853,3792,0.8,60.0,0.0526,57.391304347826086,NO2,2,1,1
2854,3793,1.0,81.0,0.0647,82.68666666666664,O3,2,1,1
2855,3794,1.1,87.0,0.0693,97.71333333333331,O3,2,1,1
2856,3795,1.1,85.0,0.0729,107.65000000000003,O3,3,0,0
2857,3796,1.6,91.0,0.1002,187.62105263157895,O3,4,0,0
2858,3797,0.9,55.0,0.0797,131.44999999999996,O3,3,0,0
2859,3798,0.7,42.0,0.0685,95.1,O3,2,0,0
2860,3799,0.7,43.0,0.071,101.0,O3,3,0,0
2861,3800,0.5,20.0,0.0629,76.80666666666664,O3,2,1,1
2862,3802,0.3,23.0,0.0462,42.77777777777778,O3,1,1,1
2863,3803,0.4,43.0,0.053,49.074074074074076,O3,1,1,1
2864,3804,0.9,68.0,0.0838,145.79999999999998,O3,3,0,0
2865,3805,1.3,62.0,0.0946,173.17894736842106,O3,4,0,0
2866,3806,1.6,65.0,0.1014,190.71578947368423,O3,4,0,0
2867,3807,2.1,93.0,0.1135,208.89893617021278,O3,5,0,0
2868,3808,2.0,110.0,0.1027,194.06842105263158,O3,4,0,0
2869,3809,1.4,106.0,0.0749,114.64999999999999,O3,3,0,0
2870,3810,1.4,77.0,0.0632,77.78666666666668,O3,2,0,0
2871,3811,0.9,60.0,0.0479,57.391304347826086,NO2,2,0,0
2872,3812,0.8,67.0,0.0463,64.84782608695653,NO2,2,1,0
2873,3813,0.8,57.0,0.0458,54.19565217391305,NO2,2,1,0
2874,3814,1.0,60.0,0.052,57.391304347826086,NO2,2,1,0
2875,3815,1.3,69.0,0.0606,69.29333333333332,O3,2,1,0
2876,3816,1.3,77.0,0.0631,77.46,O3,2,0,0
2877,3817,1.3,77.0,0.0695,98.36666666666667,O3,2,1,0
2878,3818,1.6,87.0,0.0871,153.83684210526317,O3,4,0,0
2879,3819,1.4,88.0,0.0879,155.90000000000003,O3,4,0,0
2880,3820,1.3,84.0,0.078,125.5,O3,3,0,0
2881,3821,1.0,65.0,0.0728,107.30000000000003,O3,3,0,0
2882,3822,0.9,54.0,0.0821,139.85000000000002,O3,3,0,0
2883,3823,0.6,37.0,0.0663,87.9133333333333,O3,2,1,0
2884,3824,0.5,36.0,0.0656,85.62666666666667,O3,2,1,0
2885,3826,0.4,29.0,0.0603,68.31333333333332,O3,2,1,0
2886,3827,0.4,25.0,0.056,54.266666666666666,O3,2,1,0
2887,3828,1.0,41.0,0.0789,128.64999999999998,O3,3,0,0
2888,3829,2.2,68.0,0.1145,209.95212765957447,O3,5,0,0
2889,3830,2.5,82.0,0.1302,226.4872340425532,O3,5,0,0
2890,3831,2.3,137.0,0.1297,225.96063829787235,O3,5,0,0
2891,3832,2.0,119.0,0.1192,214.90212765957446,O3,5,0,0
2892,3862,1.4,71.0,0.0711,101.35000000000001,O3,3,0,0
2893,3863,1.7,78.0,0.0801,132.85000000000002,O3,3,0,0
2894,3864,1.5,72.0,0.077,122.0,O3,3,0,0
2895,3865,1.7,74.0,0.0813,137.04999999999998,O3,3,0,0
2896,3866,1.6,70.0,0.0851,68.04347826086956,NO2,2,0,0
2897,3867,1.4,55.0,0.0823,140.54999999999998,O3,3,0,0
2898,3868,1.4,54.0,0.0778,124.79999999999998,O3,3,0,0
2899,3869,1.4,53.0,0.0827,141.94999999999996,O3,3,0,0
2900,3870,1.2,46.0,0.0753,116.05000000000003,O3,3,0,0
2901,3871,0.9,38.0,0.0726,106.60000000000001,O3,3,0,0
2902,3872,0.6,30.0,0.0597,66.35333333333334,O3,2,1,1
2903,3874,0.5,16.0,0.0463,42.870370370370374,O3,1,1,1
2904,3875,0.5,12.0,0.0526,48.70370370370371,O3,1,1,1
2905,3876,0.8,38.0,0.0712,101.70000000000002,O3,3,0,0
2906,3877,1.4,56.0,0.0918,165.95789473684215,O3,4,0,0
2907,3878,1.2,57.0,0.0894,159.76842105263157,O3,4,0,0
2908,3879,1.0,39.0,0.071,101.0,O3,3,0,0
2909,3880,1.2,47.0,0.0737,110.45000000000002,O3,3,0,0
2910,3881,1.1,35.0,0.068,93.46666666666667,O3,2,1,0
2911,3882,1.2,44.0,0.067,90.19999999999999,O3,2,1,0
2912,3883,1.1,43.0,0.0654,84.97333333333331,O3,2,1,0
2913,3884,1.0,34.0,0.0618,73.21333333333332,O3,2,1,0
2914,3885,1.0,36.0,0.0652,84.31999999999996,O3,2,1,0
2915,3886,1.2,44.0,0.0732,108.70000000000002,O3,3,0,0
2916,3887,1.7,63.0,0.0853,60.58695652173913,NO2,2,1,0
2917,3888,1.7,60.0,0.0821,139.85000000000002,O3,3,0,0
2918,3889,1.7,66.0,0.0895,160.0263157894737,O3,4,0,0
2919,3890,1.7,68.0,0.0927,168.2789473684211,O3,4,0,0
2920,3977,1.6,83.0,0.0826,141.60000000000002,O3,3,0,0
2921,3978,1.3,64.0,0.0632,77.78666666666668,O3,2,1,1
2922,3979,1.0,50.0,0.0532,49.25925925925926,O3,1,0,1
2923,3980,0.9,53.0,0.0496,50.0,NO2,1,1,1
2924,3981,1.0,57.0,0.0513,54.19565217391305,NO2,2,1,1
2925,3982,1.1,55.0,0.0512,52.06521739130435,NO2,2,1,1
2926,3983,1.5,70.0,0.0615,72.23333333333332,O3,2,1,1
2927,3984,1.5,68.0,0.06,67.33333333333331,O3,2,0,1
2928,3985,1.6,73.0,0.0634,78.43999999999998,O3,2,1,1
2929,3986,1.7,92.0,0.083,143.0,O3,3,0,0
2930,3987,1.4,80.0,0.0871,153.83684210526317,O3,4,0,0
2931,3988,1.2,60.0,0.0787,127.95000000000002,O3,3,0,0
2932,3989,1.1,49.0,0.0841,146.84999999999997,O3,3,0,0
2933,3990,1.1,53.0,0.0862,151.51578947368424,O3,4,0,0
2934,3991,1.2,50.0,0.0881,156.4157894736842,O3,4,0,0
2935,3992,0.7,34.0,0.0709,32.075471698113205,NO2,1,1,1
2936,3994,0.4,21.0,0.0492,45.55555555555556,O3,1,1,1
2937,3995,0.7,48.0,0.0592,64.72,O3,2,0,1
2938,3996,1.1,71.0,0.0824,140.89999999999998,O3,3,0,0
2939,3997,1.6,94.0,0.1014,190.71578947368423,O3,4,0,0
2940,3998,2.3,118.0,0.1208,216.5872340425532,O3,5,0,0
2941,3999,1.6,105.0,0.1178,213.4276595744681,O3,5,0,0
2942,4000,2.0,122.0,0.1176,213.21702127659574,O3,5,0,0
2943,4001,1.6,121.0,0.0891,158.99473684210528,O3,4,0,0
2944,4002,1.6,115.0,0.0731,108.35000000000001,O3,3,0,0
2945,4003,1.3,107.0,0.0626,102.13513513513513,NO2,3,0,0
2946,4004,1.0,86.0,0.0553,85.08695652173913,NO2,2,0,0
2947,4005,1.6,118.0,0.077,122.0,O3,3,0,0
2948,4006,2.0,129.0,0.0938,171.1157894736842,O3,4,0,0
2949,4007,1.7,90.0,0.0716,103.10000000000001,O3,3,0,0
2950,4008,1.7,87.0,0.0714,102.40000000000003,O3,3,0,0
2951,4009,1.4,65.0,0.0702,62.71739130434783,NO2,2,1,0
2952,4010,1.3,61.0,0.0687,95.7533333333333,O3,2,1,0
2953,4011,1.3,62.0,0.0739,111.14999999999999,O3,3,0,0
2954,4012,1.6,85.0,0.0867,152.80526315789476,O3,4,0,0
2955,4013,1.8,83.0,0.0927,168.2789473684211,O3,4,0,0
2956,4014,1.5,84.0,0.0872,154.09473684210528,O3,4,0,0
2957,4015,1.3,71.0,0.0848,149.29999999999998,O3,3,0,0
2958,4016,1.1,62.0,0.0777,124.45000000000002,O3,3,0,0
2959,4018,0.6,40.0,0.0651,83.99333333333334,O3,2,0,0
2960,4019,0.7,50.0,0.0774,123.39999999999999,O3,3,0,0
2961,4020,1.1,78.0,0.0982,182.46315789473684,O3,4,0,0
2962,4021,1.9,89.0,0.1175,213.11170212765956,O3,5,0,0
2963,4022,3.5,106.0,0.139,235.75531914893617,O3,5,0,0
2964,4023,2.9,107.0,0.1352,231.75319148936168,O3,5,0,0
2965,4024,2.2,93.0,0.1152,210.68936170212766,O3,5,0,0
2966,4025,2.0,95.0,0.1022,192.77894736842106,O3,4,0,0
2967,4026,1.7,78.0,0.0922,166.98947368421057,O3,4,0,0
2968,4027,1.6,76.0,0.0825,141.25,O3,3,0,0
2969,4028,1.3,66.0,0.063,77.13333333333333,O3,2,0,0
2970,4029,1.3,71.0,0.0621,74.19333333333333,O3,2,1,0
2971,4030,1.3,61.0,0.0602,67.98666666666665,O3,2,0,0
2972,4031,1.6,73.0,0.0668,89.54666666666665,O3,2,0,0
2973,4032,1.3,54.0,0.0564,55.57333333333332,O3,2,0,0
2974,4033,1.4,53.0,0.0581,61.12666666666666,O3,2,1,0
2975,4034,1.4,69.0,0.0604,68.64,O3,2,0,0
2976,4035,1.3,77.0,0.059,75.5,NO2,2,0,0
2977,4036,1.4,83.0,0.065,83.66666666666666,O3,2,0,0
2978,4037,1.5,94.0,0.0745,113.25,O3,3,0,0
2979,4038,1.5,84.0,0.0821,139.85000000000002,O3,3,0,0
2980,4039,0.9,55.0,0.0656,85.62666666666667,O3,2,0,1
2981,4040,0.6,35.0,0.052,48.148148148148145,O3,1,1,1
2982,4043,0.5,45.0,0.0595,65.69999999999999,O3,2,0,1
2983,4090,0.6,56.0,0.0714,102.40000000000003,O3,3,0,0
2984,4091,0.4,33.0,0.0584,62.10666666666666,O3,2,1,0
2985,4092,0.5,39.0,0.0676,92.15999999999997,O3,2,1,0
2986,4093,0.7,43.0,0.0685,95.1,O3,2,0,0
2987,4094,1.2,62.0,0.0894,159.76842105263157,O3,4,0,0
2988,4095,1.7,81.0,0.0977,181.17368421052632,O3,4,0,0
2989,4096,1.8,102.0,0.1034,195.87368421052633,O3,4,0,0
2990,4097,1.5,86.0,0.0737,110.45000000000002,O3,3,0,0
2991,4098,1.2,37.0,0.066,86.93333333333332,O3,2,0,0
2992,4099,1.1,64.0,0.0581,61.65217391304348,NO2,2,1,0
2993,4173,1.9,101.0,0.0832,143.69999999999996,O3,3,0,0
2994,4174,1.4,71.0,0.0635,78.76666666666665,O3,2,0,0
2995,4175,2.0,82.0,0.0733,109.05000000000003,O3,3,0,0
2996,4176,2.7,104.0,0.0912,164.4105263157895,O3,4,0,0
2997,4177,2.8,105.0,0.0947,173.4368421052632,O3,4,0,0
2998,4178,2.0,87.0,0.0899,161.05789473684212,O3,4,0,0
2999,4179,2.1,98.0,0.0984,182.97894736842107,O3,4,0,0
3000,4180,2.0,105.0,0.0955,175.50000000000003,O3,4,0,0
3001,4181,1.8,104.0,0.0966,178.33684210526317,O3,4,0,0
3002,4182,1.9,96.0,0.0899,161.05789473684212,O3,4,0,0
3003,4183,1.3,79.0,0.078,125.5,O3,3,0,0
3004,4184,0.7,61.0,0.0636,79.09333333333333,O3,2,0,0
3005,4186,0.5,48.0,0.0596,66.02666666666666,O3,2,0,0
3006,4187,0.6,63.0,0.0887,157.96315789473687,O3,4,0,0
3007,4188,1.3,92.0,0.1115,206.79255319148936,O3,5,0,0
3008,4189,3.6,99.0,0.1374,234.07021276595745,O3,5,0,0
3009,4190,4.9,117.0,0.1644,262.50638297872337,O3,5,0,0
3010,4191,3.9,142.0,0.1375,234.1755319148936,O3,5,0,0
3011,4192,2.2,121.0,0.1199,215.63936170212767,O3,5,0,0
3012,4193,1.9,122.0,0.0992,185.0421052631579,O3,4,0,0
3013,4194,2.2,108.0,0.0966,178.33684210526317,O3,4,0,0
3014,4195,2.0,80.0,0.0814,137.39999999999998,O3,3,0,0
3015,4196,1.7,93.0,0.0727,106.95000000000002,O3,3,0,0
3016,4197,2.0,108.0,0.0806,134.60000000000002,O3,3,0,0
3017,4198,2.1,118.0,0.0852,104.21621621621621,NO2,3,0,0
3018,4199,3.2,149.0,0.1093,204.47553191489362,O3,5,0,0
3019,4200,4.0,171.0,0.1211,216.9031914893617,O3,5,0,0
3020,4201,4.4,154.0,0.1346,231.1212765957447,O3,5,0,0
3021,4202,3.0,122.0,0.12,215.74468085106383,O3,5,0,0
3022,4203,2.2,126.0,0.1192,214.90212765957446,O3,5,0,0
3023,4204,1.7,121.0,0.1074,202.4744680851064,O3,5,0,0
3024,4205,1.9,125.0,0.1161,211.6372340425532,O3,5,0,0
3025,4206,2.0,126.0,0.121,216.79787234042553,O3,5,0,0
3026,4207,1.5,96.0,0.105,200.0,O3,4,0,0
3027,4208,0.8,73.0,0.0873,154.35263157894738,O3,4,0,0
3028,4210,0.6,65.0,0.0835,144.75,O3,3,0,0
3029,4211,0.7,90.0,0.0901,161.57368421052632,O3,4,0,0
3030,4212,0.8,58.0,0.0853,55.26086956521739,NO2,2,0,0
3031,4213,2.9,27.0,0.1321,228.4882978723404,O3,5,0,0
3032,4214,5.2,67.0,0.1738,272.4063829787234,O3,5,0,0
3033,4215,3.3,96.0,0.1603,258.1882978723404,O3,5,0,0
3034,4332,1.3,64.0,0.104,197.42105263157896,O3,4,0,0
3035,4333,2.5,72.0,0.1324,228.80425531914892,O3,5,0,0
3036,4334,3.4,73.0,0.1486,245.86595744680852,O3,5,0,0
3037,4335,2.1,64.0,0.1079,203.00106382978723,O3,5,0,0
3038,4336,2.2,74.0,0.1081,203.21170212765958,O3,5,0,0
3039,4337,1.7,89.0,0.0806,134.60000000000002,O3,3,0,0
3040,4368,4.0,188.0,0.1543,251.8691489361702,O3,5,0,0
3041,4369,4.7,176.0,0.1678,266.0872340425532,O3,5,0,0
3042,4370,3.8,163.0,0.1431,240.07340425531916,O3,5,0,0
3043,4371,2.8,155.0,0.1413,238.1776595744681,O3,5,0,0
3044,4372,2.6,146.0,0.1419,238.8095744680851,O3,5,0,0
3045,4373,2.0,131.0,0.1145,209.95212765957447,O3,5,0,0
3046,4374,1.4,119.0,0.096,176.78947368421055,O3,4,0,0
3047,4375,1.2,98.0,0.0949,173.95263157894738,O3,4,0,0
3048,4376,0.6,89.0,0.0819,139.14999999999998,O3,3,0,0
3049,4378,0.2,68.0,0.0725,106.25,O3,3,0,0
3050,4379,0.4,65.0,0.071,101.0,O3,3,0,0
3051,4380,0.6,81.0,0.0806,134.60000000000002,O3,3,0,0
3052,4381,3.0,136.0,0.1416,238.4936170212766,O3,5,0,0
3053,4382,3.2,130.0,0.1521,249.55212765957447,O3,5,0,0
3054,4383,3.5,157.0,0.1605,258.3989361702128,O3,5,0,0
3055,4384,3.1,171.0,0.1481,245.33936170212766,O3,5,0,0
3056,4385,2.2,143.0,0.1188,214.4808510638298,O3,5,0,0
3057,4386,1.7,116.0,0.094,171.63157894736844,O3,4,0,0
3058,4387,2.0,129.0,0.0986,183.49473684210525,O3,4,0,0
3059,4388,2.5,168.0,0.1162,211.74255319148935,O3,5,0,0
3060,4389,2.4,152.0,0.1047,199.2263157894737,O3,4,0,0
3061,4390,2.9,175.0,0.118,213.63829787234042,O3,5,0,0
3062,4391,4.2,212.0,0.1399,236.7031914893617,O3,5,0,0
3063,4392,5.4,220.0,0.2321,333.8074468085106,O3,6,0,0
3064,4393,4.3,175.0,0.1894,288.836170212766,O3,5,0,0
3065,4394,3.6,165.0,0.1606,258.5042553191489,O3,5,0,0
3066,4395,2.0,136.0,0.1297,225.96063829787235,O3,5,0,0
3067,4396,1.5,111.0,0.1182,213.84893617021277,O3,5,0,0
3068,4397,1.5,114.0,0.1138,209.2148936170213,O3,5,0,0
3069,4398,1.2,96.0,0.0972,179.8842105263158,O3,4,0,0
3070,4399,1.0,75.0,0.0799,132.14999999999998,O3,3,0,0
3071,4400,0.5,58.0,0.063,77.13333333333333,O3,2,1,0
3072,4402,0.4,41.0,0.0629,76.80666666666664,O3,2,1,0
3073,4403,0.5,55.0,0.0709,52.06521739130435,NO2,2,1,0
3074,4404,0.7,73.0,0.0858,71.23913043478261,NO2,2,1,0
3075,4405,2.4,108.0,0.13,226.27659574468086,O3,5,0,0
3076,4406,4.1,147.0,0.1676,265.87659574468086,O3,5,0,0
3077,4407,3.0,150.0,0.1384,235.12340425531914,O3,5,0,0
3078,4408,2.0,131.0,0.1125,207.84574468085106,O3,5,0,0
3079,4409,2.5,144.0,0.1189,214.58617021276598,O3,5,0,0
3080,4410,2.4,151.0,0.1088,203.94893617021276,O3,5,0,0
3081,4411,2.6,165.0,0.1118,207.10851063829787,O3,5,0,0
3082,4412,1.9,135.0,0.0924,167.50526315789475,O3,4,0,0
3083,4413,2.1,143.0,0.0935,170.34210526315792,O3,4,0,0
3084,4414,2.5,153.0,0.1009,189.4263157894737,O3,4,0,0
3085,4415,2.7,149.0,0.1016,191.2315789473684,O3,4,0,0
3086,4416,3.3,164.0,0.1188,214.4808510638298,O3,5,0,0
3087,4417,3.2,180.0,0.129,225.22340425531917,O3,5,0,0
3088,4418,2.6,159.0,0.113,208.37234042553192,O3,5,0,0
3089,4419,1.4,119.0,0.088,156.1578947368421,O3,4,0,0
3090,4420,1.6,127.0,0.0996,186.07368421052632,O3,4,0,0
3091,4421,1.7,131.0,0.1054,106.67567567567568,NO2,3,0,0
3092,4422,1.6,101.0,0.1081,203.21170212765958,O3,5,0,0
3093,4480,3.1,138.0,0.1588,256.60851063829784,O3,5,0,0
3094,4481,2.9,138.0,0.1482,245.44468085106382,O3,5,0,0
3095,4482,3.0,138.0,0.1458,242.91702127659576,O3,5,0,0
3096,4483,3.0,137.0,0.1356,232.17446808510638,O3,5,0,0
3097,4484,2.2,120.0,0.11,205.2127659574468,O3,5,0,0
3098,4485,2.0,208.0,0.1212,217.00851063829788,O3,5,0,0
3099,4486,2.3,128.0,0.1049,199.7421052631579,O3,4,0,0
3100,4487,3.1,145.0,0.1149,210.37340425531914,O3,5,0,0
3101,4489,6.2,168.0,0.1716,270.0893617021277,O3,5,0,0
3102,4490,4.7,177.0,0.16,257.8723404255319,O3,5,0,0
3103,4491,3.0,172.0,0.1592,257.02978723404254,O3,5,0,0
3104,4492,2.1,112.0,0.1491,246.39255319148936,O3,5,0,0
3105,4493,1.0,39.0,0.1084,203.5276595744681,O3,5,0,0
3106,4494,0.8,68.0,0.1007,188.91052631578947,O3,4,0,0
3107,4495,0.7,51.0,0.0823,140.54999999999998,O3,3,0,0
3108,4535,3.3,112.0,0.1319,228.2776595744681,O3,5,0,0
3109,4536,6.1,170.0,0.1649,263.03297872340426,O3,5,0,0
3110,4537,6.7,173.0,0.1686,266.9297872340426,O3,5,0,0
3111,4538,4.4,135.0,0.138,234.70212765957447,O3,5,0,0
3112,4539,1.9,93.0,0.1079,203.00106382978723,O3,5,0,0
3113,4540,1.8,74.0,0.1096,204.79148936170213,O3,5,0,0
3114,4541,1.5,69.0,0.1049,199.7421052631579,O3,4,0,0
3115,4542,1.6,109.0,0.1161,211.6372340425532,O3,5,0,0
3116,4543,0.8,55.0,0.0865,152.28947368421052,O3,4,0,0
3117,4544,0.5,49.0,0.0768,121.29999999999998,O3,3,0,0
3118,4546,0.6,42.0,0.0843,147.54999999999998,O3,3,0,0
3119,4547,0.9,50.0,0.0964,177.82105263157897,O3,4,0,0
3120,4548,1.4,53.0,0.1065,201.52659574468086,O3,5,0,0
3121,4549,4.2,86.0,0.1467,243.86489361702127,O3,5,0,0
3122,4550,4.1,81.0,0.151,248.39361702127658,O3,5,0,0
3123,4551,3.6,96.0,0.1518,249.23617021276596,O3,5,0,0
3124,4552,2.5,96.0,0.1276,223.74893617021274,O3,5,0,0
3125,4553,1.3,79.0,0.0873,154.35263157894738,O3,4,0,0
3126,4554,1.7,95.0,0.0958,176.2736842105263,O3,4,0,0
3127,4555,2.1,127.0,0.1076,202.68510638297872,O3,5,0,0
3128,4556,1.7,102.0,0.0952,174.72631578947372,O3,4,0,0
3129,4557,1.9,107.0,0.0977,181.17368421052632,O3,4,0,0
3130,4558,2.3,110.0,0.1059,102.70270270270271,NO2,3,0,0
3131,4559,3.3,124.0,0.1199,215.63936170212767,O3,5,0,0
3132,4560,3.5,113.0,0.1212,217.00851063829788,O3,5,0,0
3133,4561,3.6,104.0,0.1193,215.00744680851065,O3,5,0,0
3134,4562,2.9,117.0,0.1105,205.73936170212767,O3,5,0,0
3135,4563,2.0,94.0,0.0926,168.02105263157895,O3,4,0,0
3136,4566,1.1,109.0,0.1094,204.58085106382978,O3,5,0,0
3137,4567,0.8,72.0,0.0774,123.39999999999999,O3,3,0,0
3138,4568,0.5,40.0,0.0558,53.61333333333334,O3,2,0,1
3139,4570,0.3,23.0,0.0471,43.611111111111114,O3,1,0,1
3140,4571,0.3,24.0,0.0471,43.611111111111114,O3,1,0,1
3141,4572,0.5,41.0,0.0529,48.98148148148149,O3,1,1,1
3142,4573,2.4,99.0,0.1114,206.6872340425532,O3,5,0,0
3143,4574,2.2,91.0,0.0987,183.75263157894736,O3,4,0,0
3144,4575,1.4,81.0,0.0851,79.76086956521739,NO2,2,1,0
3145,4576,1.6,95.0,0.0901,161.57368421052632,O3,4,0,0
3146,4577,1.6,113.0,0.0949,173.95263157894738,O3,4,0,0
3147,4578,1.6,89.0,0.0855,88.28260869565219,NO2,2,0,0
3148,4579,2.1,88.0,0.0911,164.1526315789474,O3,4,0,0
3149,4580,1.1,81.0,0.0672,90.8533333333333,O3,2,0,0
3150,4581,1.6,82.0,0.0826,141.60000000000002,O3,3,0,0
3151,4582,2.4,115.0,0.0988,184.0105263157895,O3,4,0,0
3152,4583,2.9,112.0,0.1105,205.73936170212767,O3,5,0,0
3153,4584,2.7,116.0,0.1089,204.05425531914892,O3,5,0,0
3154,4585,3.1,129.0,0.1077,202.7904255319149,O3,5,0,0
3155,4586,2.2,110.0,0.0923,167.2473684210526,O3,4,0,0
3156,4587,1.5,105.0,0.0824,140.89999999999998,O3,3,0,0
3157,4588,1.2,90.0,0.0717,103.45000000000002,O3,3,0,0
3158,4589,1.3,94.0,0.0734,109.40000000000003,O3,3,0,0
3159,4590,1.4,96.0,0.0776,124.10000000000001,O3,3,0,0
3160,4591,0.9,70.0,0.0594,68.04347826086956,NO2,2,0,1
3161,4592,0.7,57.0,0.0518,54.19565217391305,NO2,2,1,1
3162,4595,0.5,42.0,0.0468,43.333333333333336,O3,1,1,1
3163,4596,0.8,71.0,0.0621,74.19333333333333,O3,2,0,1
3164,4597,1.2,82.0,0.0757,117.45000000000002,O3,3,0,0
3165,4598,1.1,81.0,0.0712,101.70000000000002,O3,3,0,0
3166,4599,1.6,89.0,0.0859,88.28260869565219,NO2,2,1,0
3167,4600,1.4,83.0,0.0728,107.30000000000003,O3,3,0,0
3168,4601,1.2,82.0,0.064,80.82608695652175,NO2,2,1,0
3169,4602,1.4,78.0,0.068,93.46666666666667,O3,2,1,0
3170,4603,1.6,79.0,0.0704,77.6304347826087,NO2,2,1,0
3171,4604,1.1,78.0,0.0619,76.56521739130434,NO2,2,1,0
3172,4605,1.1,73.0,0.0583,71.23913043478261,NO2,2,1,0
3173,4606,1.3,73.0,0.0594,71.23913043478261,NO2,2,1,0
3174,4607,1.5,100.0,0.07,100.0,NO2,2,1,0
3175,4608,2.0,122.0,0.0912,164.4105263157895,O3,4,0,0
3176,4609,2.4,132.0,0.1038,196.90526315789475,O3,4,0,0
3177,4610,2.0,116.0,0.0952,174.72631578947372,O3,4,0,0
3178,4611,1.5,109.0,0.0887,157.96315789473687,O3,4,0,0
3179,4612,1.7,109.0,0.1004,188.13684210526318,O3,4,0,0
3180,4613,2.5,116.0,0.1221,217.9563829787234,O3,5,0,0
3181,4614,2.2,104.0,0.1177,213.3223404255319,O3,5,0,0
3182,4615,1.4,81.0,0.0957,176.0157894736842,O3,4,0,0
3183,4616,1.2,64.0,0.0853,61.65217391304348,NO2,2,0,0
3184,4618,0.9,54.0,0.0736,110.10000000000001,O3,3,0,0
3185,4619,0.5,35.0,0.059,64.06666666666665,O3,2,0,0
3186,4620,0.6,44.0,0.0655,85.29999999999998,O3,2,1,0
3187,4621,1.0,62.0,0.0854,59.52173913043478,NO2,2,1,0
3188,4622,1.3,68.0,0.0953,174.9842105263158,O3,4,0,0
3189,4623,1.7,85.0,0.105,200.0,O3,4,0,0
3190,4624,2.2,110.0,0.1114,206.6872340425532,O3,5,0,0
3191,4625,2.1,115.0,0.1049,199.7421052631579,O3,4,0,0
3192,4626,2.2,129.0,0.0996,186.07368421052632,O3,4,0,0
3193,4627,2.0,106.0,0.0841,146.84999999999997,O3,3,0,0
3194,4628,2.0,87.0,0.0769,121.64999999999999,O3,3,0,0
3195,4629,1.2,70.0,0.0541,68.04347826086956,NO2,2,1,0
3196,4630,1.8,106.0,0.0742,112.20000000000002,O3,3,0,0
3197,4631,4.3,151.0,0.1196,215.32340425531916,O3,5,0,0
3198,4632,3.8,179.0,0.1338,230.27872340425532,O3,5,0,0
3199,4633,4.4,188.0,0.1416,238.4936170212766,O3,5,0,0
3200,4634,3.8,187.0,0.1341,230.59468085106383,O3,5,0,0
3201,4635,1.9,121.0,0.1019,192.00526315789477,O3,4,0,0
3202,4636,1.7,99.0,0.0935,170.34210526315792,O3,4,0,0
3203,4637,1.8,100.0,0.1081,203.21170212765958,O3,5,0,0
3204,4638,1.1,79.0,0.0903,162.08947368421056,O3,4,0,0
3205,4639,0.8,57.0,0.0731,108.35000000000001,O3,3,0,0
3206,4640,0.7,43.0,0.0625,75.49999999999999,O3,2,0,0
3207,4642,0.5,50.0,0.0646,82.36,O3,2,1,0
3208,4643,0.5,47.0,0.0671,90.52666666666667,O3,2,1,0
3209,4644,0.9,60.0,0.0801,132.85000000000002,O3,3,0,0
3210,4645,3.5,91.0,0.1353,231.85851063829787,O3,5,0,0
3211,4647,5.7,159.0,0.1749,273.56489361702126,O3,5,0,0
3212,4648,3.5,173.0,0.1582,255.97659574468085,O3,5,0,0
3213,4649,3.7,174.0,0.1484,245.65531914893617,O3,5,0,0
3214,4650,3.1,165.0,0.1321,228.4882978723404,O3,5,0,0
3215,4651,3.0,136.0,0.1125,207.84574468085106,O3,5,0,0
3216,4652,2.6,125.0,0.0967,178.59473684210525,O3,4,0,0
3217,4653,2.4,122.0,0.0975,180.65789473684214,O3,4,0,0
3218,4654,2.6,124.0,0.1025,193.55263157894737,O3,4,0,0
3219,4655,5.0,184.0,0.1469,244.07553191489362,O3,5,0,0
3220,4656,5.6,200.0,0.1648,262.92765957446807,O3,5,0,0
3221,4657,6.5,225.0,0.1785,277.3563829787234,O3,5,0,0
3222,4658,4.1,168.0,0.1371,233.75425531914894,O3,5,0,0
3223,4659,2.1,118.0,0.1071,202.15851063829788,O3,5,0,0
3224,4660,2.0,115.0,0.1118,207.10851063829787,O3,5,0,0
3225,4661,1.4,94.0,0.0931,169.3105263157895,O3,4,0,0
3226,4662,0.8,62.0,0.0722,105.20000000000002,O3,3,0,0
3227,4663,0.8,68.0,0.0773,123.04999999999998,O3,3,0,0
3228,4664,0.6,50.0,0.0665,88.56666666666666,O3,2,1,0
3229,4666,0.4,36.0,0.0565,55.900000000000006,O3,2,1,0
3230,4667,0.6,53.0,0.0688,96.07999999999998,O3,2,1,0
3231,4668,1.4,79.0,0.0974,180.4,O3,4,0,0
3232,4669,5.6,133.0,0.1591,256.92446808510635,O3,5,0,0
3233,4670,7.3,148.0,0.182,281.04255319148933,O3,5,0,0
3234,4671,5.3,161.0,0.1807,279.67340425531916,O3,5,0,0
3235,4672,4.4,191.0,0.1704,268.8255319148936,O3,5,0,0
3236,4673,3.1,158.0,0.127,223.11702127659575,O3,5,0,0
3237,4674,3.3,157.0,0.1265,222.5904255319149,O3,5,0,0
3238,4675,3.8,188.0,0.1226,218.48297872340424,O3,5,0,0
3239,4676,2.3,143.0,0.0987,183.75263157894736,O3,4,0,0
3240,4677,2.6,152.0,0.1024,193.2947368421053,O3,4,0,0
3241,4678,3.2,168.0,0.1127,208.0563829787234,O3,5,0,0
3242,4679,5.0,205.0,0.1442,241.23191489361702,O3,5,0,0
3243,4680,5.6,204.0,0.1639,261.97978723404253,O3,5,0,0
3244,4681,5.4,210.0,0.1624,260.4,O3,5,0,0
3245,4682,4.4,173.0,0.1454,242.49574468085106,O3,5,0,0
3246,4683,2.4,123.0,0.1138,209.2148936170213,O3,5,0,0
3247,4684,1.5,92.0,0.0951,174.4684210526316,O3,4,0,0
3248,4685,1.3,77.0,0.0864,152.03157894736844,O3,4,0,0
3249,4686,1.1,74.0,0.0868,153.06315789473686,O3,4,0,0
3250,4687,1.0,74.0,0.0825,141.25,O3,3,0,0
3251,4688,0.6,47.0,0.0626,75.82666666666667,O3,2,0,0
3252,4690,0.6,44.0,0.0822,140.19999999999996,O3,3,0,0
3253,4691,0.8,69.0,0.0905,162.60526315789474,O3,4,0,0
3254,4692,1.5,79.0,0.1075,202.57978723404256,O3,5,0,0
3255,4693,4.1,108.0,0.1541,251.65851063829786,O3,5,0,0
3256,4694,5.5,119.0,0.1749,273.56489361702126,O3,5,0,0
3257,4695,5.5,165.0,0.1798,278.7255319148936,O3,5,0,0
3258,4696,3.7,172.0,0.1584,256.1872340425532,O3,5,0,0
3259,4697,3.3,180.0,0.1441,241.12659574468086,O3,5,0,0
3260,4698,2.5,130.0,0.1093,204.47553191489362,O3,5,0,0
3261,4699,2.6,120.0,0.1019,192.00526315789477,O3,4,0,0
3262,4700,2.2,117.0,0.0944,172.66315789473686,O3,4,0,0
3263,4701,2.6,141.0,0.1046,198.96842105263158,O3,4,0,0
3264,4702,2.9,151.0,0.1089,204.05425531914892,O3,5,0,0
3265,4703,5.0,218.0,0.1537,251.23723404255318,O3,5,0,0
3266,4704,5.1,213.0,0.1566,254.2914893617021,O3,5,0,0
3267,4705,5.2,194.0,0.151,248.39361702127658,O3,5,0,0
3268,4706,3.8,167.0,0.13,226.27659574468086,O3,5,0,0
3269,4707,2.2,115.0,0.1058,103.64864864864865,NO2,3,0,0
3270,4708,2.1,98.0,0.1002,187.62105263157895,O3,4,0,0
3271,4709,1.8,93.0,0.0923,167.2473684210526,O3,4,0,0
3272,4710,1.6,87.0,0.0836,145.09999999999997,O3,3,0,0
3273,4711,1.4,71.0,0.0779,125.14999999999999,O3,3,0,0
3274,4712,0.8,49.0,0.0678,92.8133333333333,O3,2,0,0
3275,4715,0.5,58.0,0.067,90.19999999999999,O3,2,0,0
3276,4716,0.9,66.0,0.0837,145.44999999999996,O3,3,0,0
3277,4717,3.2,112.0,0.14,236.8085106382979,O3,5,0,0
3278,4718,2.8,104.0,0.1393,236.07127659574468,O3,5,0,0
3279,4719,2.7,103.0,0.1415,238.38829787234042,O3,5,0,0
3280,4720,2.4,118.0,0.1285,224.6968085106383,O3,5,0,0
3281,4721,2.7,129.0,0.123,218.90425531914894,O3,5,0,0
3282,4722,2.8,127.0,0.1147,210.1627659574468,O3,5,0,0
3283,4723,2.9,130.0,0.1107,205.95000000000002,O3,5,0,0
3284,4724,2.6,130.0,0.1068,201.84255319148937,O3,5,0,0
3285,4725,2.6,118.0,0.1115,206.79255319148936,O3,5,0,0
3286,4726,3.2,146.0,0.1362,232.80638297872338,O3,5,0,0
3287,4727,4.6,190.0,0.1619,259.87340425531914,O3,5,0,0
3288,4728,4.9,189.0,0.1572,254.92340425531916,O3,5,0,0
3289,4729,4.7,173.0,0.1446,241.65319148936172,O3,5,0,0
3290,4730,3.3,148.0,0.1233,219.22021276595746,O3,5,0,0
3291,4731,2.3,116.0,0.1102,205.42340425531916,O3,5,0,0
3292,4732,2.1,109.0,0.1028,194.3263157894737,O3,4,0,0
3293,4733,1.7,94.0,0.0942,172.14736842105265,O3,4,0,0
3294,4734,1.0,64.0,0.0773,123.04999999999998,O3,3,0,0
3295,4735,0.9,59.0,0.0737,110.45000000000002,O3,3,0,0
3296,4736,0.7,64.0,0.0815,137.75,O3,3,0,0
3297,4738,0.4,52.0,0.0642,81.0533333333333,O3,2,0,0
3298,4739,0.5,55.0,0.061,70.6,O3,2,1,0
3299,4740,1.3,83.0,0.0929,168.79473684210527,O3,4,0,0
3300,4741,3.5,114.0,0.1427,239.65212765957446,O3,5,0,0
3301,4742,5.5,137.0,0.1776,276.40851063829786,O3,5,0,0
3302,4743,5.6,160.0,0.1788,277.6723404255319,O3,5,0,0
3303,4744,3.4,138.0,0.1521,249.55212765957447,O3,5,0,0
3304,4745,3.2,134.0,0.1293,225.53936170212765,O3,5,0,0
3305,4746,3.7,143.0,0.1435,240.49468085106383,O3,5,0,0
3306,4747,4.6,153.0,0.1592,257.02978723404254,O3,5,0,0
3307,4748,4.2,145.0,0.1551,252.71170212765955,O3,5,0,0
3308,4749,3.3,123.0,0.1429,239.8627659574468,O3,5,0,0
3309,4750,2.7,96.0,0.1195,215.21808510638297,O3,5,0,0
3310,4751,2.2,107.0,0.0981,182.20526315789476,O3,4,0,0
3311,4752,2.8,119.0,0.0962,177.30526315789473,O3,4,0,0
3312,4753,2.9,109.0,0.0914,164.92631578947368,O3,4,0,0
3313,4754,2.0,107.0,0.0785,127.25,O3,3,0,0
3314,4755,0.7,57.0,0.0482,54.19565217391305,NO2,2,1,1
3315,4756,0.6,60.0,0.0446,57.391304347826086,NO2,2,1,1
3316,4757,1.2,22.0,0.0553,51.980000000000004,O3,2,1,1
3317,4758,1.2,2.0,0.0592,64.72,O3,2,1,1
3318,4759,1.1,7.0,0.0584,62.10666666666666,O3,2,1,1
3319,4760,0.6,8.0,0.0451,41.75925925925926,O3,1,1,1
3320,4762,0.3,27.0,0.0391,36.20370370370371,O3,1,1,1
3321,4763,0.3,14.0,0.0398,36.851851851851855,O3,1,1,1
3322,4764,0.4,3.0,0.043,39.81481481481482,O3,1,1,1
3323,4765,0.6,9.0,0.0461,42.68518518518519,O3,1,1,1
3324,4766,0.7,14.0,0.05,46.296296296296305,O3,1,1,1
3325,4767,1.0,52.0,0.0594,65.37333333333333,O3,2,1,1
3326,4768,1.1,64.0,0.0603,68.31333333333332,O3,2,1,1
3327,4769,1.5,66.0,0.0686,95.42666666666662,O3,2,1,1
3328,4770,1.4,14.0,0.0622,74.51999999999998,O3,2,1,1
3329,4771,1.4,9.0,0.0624,75.17333333333332,O3,2,1,1
3330,4772,1.0,12.0,0.0565,55.900000000000006,O3,2,1,1
3331,4773,0.9,14.0,0.0514,47.592592592592595,O3,1,0,1
3332,4774,1.1,21.0,0.0536,49.62962962962963,O3,1,0,1
3333,4775,1.3,43.0,0.0669,89.87333333333332,O3,2,0,1
3334,4776,1.8,62.0,0.0786,127.60000000000001,O3,3,0,0
3335,4777,2.4,68.0,0.0891,158.99473684210528,O3,4,0,0
3336,4778,2.7,81.0,0.0926,168.02105263157895,O3,4,0,0
3337,4779,1.7,88.0,0.0902,161.83157894736843,O3,4,0,0
3338,4780,2.2,99.0,0.1011,189.94210526315788,O3,4,0,0
3339,4781,2.8,98.0,0.1249,220.90531914893617,O3,5,0,0
3340,4782,2.4,97.0,0.1133,208.68829787234043,O3,5,0,0
3341,4783,2.5,101.0,0.1166,212.16382978723405,O3,5,0,0
3342,4784,1.4,90.0,0.0953,174.9842105263158,O3,4,0,0
3343,4787,0.9,55.0,0.0793,130.04999999999998,O3,3,0,0
3344,4788,0.6,46.0,0.07,100.0,O3,2,1,0
3345,4789,1.0,56.0,0.078,125.5,O3,3,0,0
3346,4790,1.6,83.0,0.0931,169.3105263157895,O3,4,0,0
3347,4791,0.9,55.0,0.0575,59.16666666666667,O3,2,0,1
3348,4792,0.9,47.0,0.0507,46.94444444444445,O3,1,1,1
3349,4793,1.0,61.0,0.0518,58.45652173913044,NO2,2,1,1
3350,4794,1.0,58.0,0.0518,55.26086956521739,NO2,2,1,1
3351,4795,0.9,59.0,0.0516,56.32608695652174,NO2,2,1,1
3352,4796,0.9,54.0,0.0507,51.0,NO2,2,1,1
3353,4797,0.9,69.0,0.049,66.97826086956522,NO2,2,1,1
3354,4798,0.9,54.0,0.0465,51.0,NO2,2,0,1
3355,4799,2.7,95.0,0.0781,125.85000000000001,O3,3,0,0
3356,4800,2.2,99.0,0.0765,120.25,O3,3,0,0
3357,4801,3.3,127.0,0.1006,188.65263157894736,O3,4,0,0
3358,4802,2.1,98.0,0.0798,131.79999999999998,O3,3,0,0
3359,4803,1.8,112.0,0.0938,171.1157894736842,O3,4,0,0
3360,4804,1.9,115.0,0.0996,186.07368421052632,O3,4,0,0
3361,4805,2.3,114.0,0.1109,206.16063829787234,O3,5,0,0
3362,4806,1.9,103.0,0.1042,197.93684210526317,O3,4,0,0
3363,4807,1.3,81.0,0.094,171.63157894736844,O3,4,0,0
3364,4808,1.0,75.0,0.09,161.31578947368422,O3,4,0,0
3365,4810,0.6,64.0,0.079,129.0,O3,3,0,0
3366,4811,0.9,71.0,0.0908,163.37894736842108,O3,4,0,0
3367,4812,1.5,99.0,0.1035,196.1315789473684,O3,4,0,0
3368,4813,5.5,132.0,0.1556,253.2382978723404,O3,5,0,0
3369,4814,4.0,135.0,0.1392,235.9659574468085,O3,5,0,0
3370,4815,1.8,94.0,0.0904,162.34736842105264,O3,4,0,0
3371,4816,1.9,103.0,0.0936,170.60000000000002,O3,4,0,0
3372,4817,1.7,123.0,0.0907,163.12105263157898,O3,4,0,0
3373,4818,1.6,95.0,0.0744,112.89999999999999,O3,3,0,0
3374,4819,1.9,90.0,0.0773,123.04999999999998,O3,3,0,0
3375,4820,1.6,99.0,0.0812,136.69999999999996,O3,3,0,0
3376,4821,1.8,107.0,0.0856,102.13513513513513,NO2,3,0,0
3377,4822,2.0,112.0,0.0927,168.2789473684211,O3,4,0,0
3378,4823,3.1,132.0,0.1131,208.4776595744681,O3,5,0,0
3379,4824,3.9,148.0,0.127,223.11702127659575,O3,5,0,0
3380,4825,4.3,158.0,0.1365,233.12234042553192,O3,5,0,0
3381,4826,3.5,145.0,0.1274,223.53829787234045,O3,5,0,0
3382,4827,2.4,128.0,0.1169,212.47978723404256,O3,5,0,0
3383,4828,1.5,105.0,0.1,187.10526315789477,O3,4,0,0
3384,4829,1.3,90.0,0.091,163.89473684210526,O3,4,0,0
3385,4830,1.0,85.0,0.0829,142.64999999999998,O3,3,0,0
3386,4831,0.8,73.0,0.0756,117.10000000000001,O3,3,0,0
3387,4832,0.5,74.0,0.0742,112.20000000000002,O3,3,0,0
3388,4834,0.5,61.0,0.0677,92.48666666666664,O3,2,0,0
3389,4835,0.7,69.0,0.0748,114.30000000000003,O3,3,0,0
3390,4836,1.2,82.0,0.089,158.73684210526315,O3,4,0,0
3391,4837,2.4,120.0,0.1155,211.00531914893617,O3,5,0,0
3392,4838,4.3,135.0,0.1533,250.8159574468085,O3,5,0,0
3393,4839,4.1,152.0,0.155,252.6063829787234,O3,5,0,0
3394,4840,3.7,177.0,0.2236,324.85531914893613,O3,6,0,0
3395,4841,3.4,181.0,0.2178,318.7468085106383,O3,6,0,0
3396,4842,3.8,176.0,0.1901,289.57340425531913,O3,5,0,0
3397,4843,4.1,163.0,0.1743,272.9329787234043,O3,5,0,0
3398,4844,3.4,174.0,0.1502,247.55106382978724,O3,5,0,0
3399,4845,2.3,117.0,0.1153,210.79468085106384,O3,5,0,0
3400,4846,3.2,145.0,0.1287,224.90744680851066,O3,5,0,0
3401,4847,4.8,173.0,0.1547,252.29042553191488,O3,5,0,0
3402,4848,6.7,204.0,0.1842,283.3595744680851,O3,5,0,0
3403,4849,7.5,209.0,0.1908,290.31063829787234,O3,5,0,0
3404,4850,4.5,175.0,0.1693,267.66702127659573,O3,5,0,0
3405,4851,2.1,129.0,0.1336,230.06808510638297,O3,5,0,0
3406,4852,1.5,111.0,0.1177,213.3223404255319,O3,5,0,0
3407,4853,1.1,85.0,0.0977,181.17368421052632,O3,4,0,0
3408,4854,1.1,86.0,0.0974,180.4,O3,4,0,0
3409,4855,0.9,71.0,0.0872,154.09473684210528,O3,4,0,0
3410,4856,0.5,60.0,0.0734,109.40000000000003,O3,3,0,0
3411,4859,0.4,45.0,0.065,83.66666666666666,O3,2,0,0
3412,4860,0.7,53.0,0.0749,114.64999999999999,O3,3,0,0
3413,4861,2.0,94.0,0.1106,205.84468085106383,O3,5,0,0
3414,4862,4.2,122.0,0.1609,258.8202127659574,O3,5,0,0
3415,4863,5.2,170.0,0.177,275.77659574468083,O3,5,0,0
3416,4864,3.8,174.0,0.1633,261.3478723404255,O3,5,0,0
3417,4865,3.7,191.0,0.1583,256.081914893617,O3,5,0,0
3418,4866,3.4,179.0,0.1449,241.9691489361702,O3,5,0,0
3419,4867,3.1,148.0,0.1451,242.17978723404255,O3,5,0,0
3420,4868,2.4,129.0,0.1147,210.1627659574468,O3,5,0,0
3421,4869,2.8,148.0,0.1108,206.05531914893618,O3,5,0,0
3422,4870,3.6,184.0,0.1267,222.80106382978724,O3,5,0,0
3423,4871,4.0,188.0,0.1303,226.59255319148937,O3,5,0,0
3424,4872,5.6,204.0,0.1643,262.40106382978723,O3,5,0,0
3425,4873,6.3,201.0,0.1749,273.56489361702126,O3,5,0,0
3426,4874,4.7,165.0,0.1585,256.29255319148933,O3,5,0,0
3427,4875,1.9,133.0,0.1315,227.85638297872342,O3,5,0,0
3428,4876,1.9,125.0,0.129,225.22340425531917,O3,5,0,0
3429,4877,1.2,101.0,0.1059,101.0,NO2,3,0,0
3430,4878,0.9,79.0,0.0943,172.40526315789475,O3,4,0,0
3431,4891,1.7,101.0,0.1157,211.21595744680852,O3,5,0,0
3432,4892,2.2,113.0,0.1219,217.74574468085106,O3,5,0,0
3433,4893,2.8,121.0,0.1288,225.01276595744682,O3,5,0,0
3434,4894,3.9,146.0,0.1503,247.6563829787234,O3,5,0,0
3435,4895,6.5,188.0,0.1861,285.3606382978723,O3,5,0,0
3436,4896,6.3,182.0,0.1781,276.93510638297874,O3,5,0,0
3437,4897,5.7,166.0,0.1745,273.14361702127655,O3,5,0,0
3438,4898,4.4,142.0,0.159,256.8191489361702,O3,5,0,0
3439,4899,1.6,84.0,0.1127,208.0563829787234,O3,5,0,0
3440,4900,1.5,87.0,0.1098,205.00212765957446,O3,5,0,0
3441,4901,1.7,91.0,0.1176,213.21702127659574,O3,5,0,0
3442,4902,1.9,91.0,0.1178,213.4276595744681,O3,5,0,0
3443,4903,1.6,74.0,0.1091,204.26489361702127,O3,5,0,0
3444,4904,1.3,69.0,0.1002,187.62105263157895,O3,4,0,0
3445,4906,0.6,54.0,0.0824,140.89999999999998,O3,3,0,0
3446,4907,0.7,60.0,0.0892,159.2526315789474,O3,4,0,0
3447,4908,1.6,69.0,0.1092,204.37021276595746,O3,5,0,0
3448,4909,2.9,91.0,0.1413,238.1776595744681,O3,5,0,0
3449,4910,4.1,97.0,0.1565,254.18617021276594,O3,5,0,0
3450,4911,3.7,114.0,0.1594,257.24042553191487,O3,5,0,0
3451,4912,3.6,129.0,0.1677,265.981914893617,O3,5,0,0
3452,4913,3.4,137.0,0.1616,259.55744680851063,O3,5,0,0
3453,4914,3.7,134.0,0.161,258.9255319148936,O3,5,0,0
3454,4915,4.1,132.0,0.1614,259.3468085106383,O3,5,0,0
3455,4917,2.4,105.0,0.1286,224.80212765957447,O3,5,0,0
3456,4918,3.4,136.0,0.1487,245.97127659574468,O3,5,0,0
3457,4919,5.6,169.0,0.1703,268.72021276595746,O3,5,0,0
3458,5062,2.9,87.0,0.1195,215.21808510638297,O3,5,0,0
3459,5063,5.4,111.0,0.1618,259.76808510638296,O3,5,0,0
3460,5064,5.3,119.0,0.1637,261.7691489361702,O3,5,0,0
3461,5065,6.7,128.0,0.1876,286.94042553191485,O3,5,0,0
3462,5066,7.0,117.0,0.1959,295.681914893617,O3,5,0,0
3463,5067,2.8,92.0,0.1477,244.918085106383,O3,5,0,0
3464,5068,1.7,73.0,0.121,216.79787234042553,O3,5,0,0
3465,5069,1.7,60.0,0.116,211.53191489361703,O3,5,0,0
3466,5070,1.7,60.0,0.1116,206.89787234042555,O3,5,0,0
3467,5071,1.2,53.0,0.0974,180.4,O3,4,0,0
3468,5072,0.7,47.0,0.082,139.5,O3,3,0,0
3469,5074,0.8,43.0,0.0839,146.14999999999998,O3,3,0,0
3470,5075,0.9,47.0,0.0898,160.80000000000004,O3,4,0,0
3471,5076,1.7,50.0,0.1096,204.79148936170213,O3,5,0,0
3472,5077,5.7,81.0,0.1786,277.4617021276596,O3,5,0,0
3473,5078,4.3,75.0,0.1604,258.2936170212766,O3,5,0,0
3474,5079,3.9,87.0,0.1637,261.7691489361702,O3,5,0,0
3475,5080,5.1,128.0,0.1827,281.77978723404254,O3,5,0,0
3476,5081,3.7,105.0,0.1641,262.1904255319149,O3,5,0,0
3477,5082,3.3,101.0,0.1505,247.86702127659572,O3,5,0,0
3478,5083,3.6,100.0,0.1465,243.65425531914892,O3,5,0,0
3479,5084,3.2,98.0,0.1368,233.43829787234043,O3,5,0,0
3480,5085,3.5,98.0,0.1748,273.4595744680851,O3,5,0,0
3481,5086,2.4,98.0,0.1301,226.38191489361702,O3,5,0,0
3482,5087,2.9,90.0,0.1338,230.27872340425532,O3,5,0,0
3483,5088,2.3,84.0,0.1337,230.17340425531916,O3,5,0,0
3484,5089,3.1,101.0,0.1516,249.02553191489363,O3,5,0,0
3485,5090,2.9,98.0,0.1435,240.49468085106383,O3,5,0,0
3486,5091,1.5,76.0,0.1178,213.4276595744681,O3,5,0,0
3487,5092,1.5,71.0,0.1111,206.3712765957447,O3,5,0,0
3488,5093,1.7,71.0,0.1112,206.47659574468085,O3,5,0,0
3489,5094,1.6,66.0,0.1109,206.16063829787234,O3,5,0,0
3490,5095,1.3,62.0,0.1072,202.26382978723404,O3,5,0,0
3491,5096,1.4,58.0,0.103,194.8421052631579,O3,4,0,0
3492,5098,0.9,48.0,0.0922,166.98947368421057,O3,4,0,0
3493,5099,1.3,53.0,0.1054,50.0,NO2,1,1,1
3494,5100,1.3,55.0,0.1082,203.31702127659574,O3,5,0,0
3495,5101,2.9,63.0,0.1365,233.12234042553192,O3,5,0,0
3496,5102,3.2,69.0,0.1497,247.02446808510638,O3,5,0,0
3497,5103,3.4,84.0,0.154,251.5531914893617,O3,5,0,0
3498,5104,3.6,95.0,0.1554,253.0276595744681,O3,5,0,0
3499,5105,2.3,80.0,0.1252,221.22127659574468,O3,5,0,0
3500,5106,3.1,87.0,0.1455,242.60106382978722,O3,5,0,0
3501,5107,3.3,94.0,0.1339,230.38404255319148,O3,5,0,0
3502,5108,1.9,76.0,0.1062,201.21063829787235,O3,5,0,0
3503,5109,2.6,92.0,0.1266,222.69574468085105,O3,5,0,0
3504,5110,2.7,94.0,0.1223,218.16702127659576,O3,5,0,0
3505,5111,3.7,110.0,0.1469,244.07553191489362,O3,5,0,0
3506,5112,3.8,109.0,0.1553,252.9223404255319,O3,5,0,0
3507,5113,4.8,122.0,0.1689,267.24574468085103,O3,5,0,0
3508,5114,3.5,107.0,0.1387,235.43936170212766,O3,5,0,0
3509,5115,2.2,83.0,0.1139,209.32021276595745,O3,5,0,0
3510,5116,1.5,62.0,0.096,176.78947368421055,O3,4,0,0
3511,5117,3.4,89.0,0.1293,225.53936170212765,O3,5,0,0
3512,5118,3.7,103.0,0.1357,232.27978723404254,O3,5,0,0
3513,5119,2.0,74.0,0.1103,205.52872340425532,O3,5,0,0
3514,5120,1.4,52.0,0.0857,49.056603773584904,NO2,1,0,1
3515,5123,0.7,39.0,0.0627,76.15333333333334,O3,2,1,1
3516,5124,1.2,59.0,0.093,169.05263157894737,O3,4,0,0
3517,5125,1.3,56.0,0.1001,187.36315789473684,O3,4,0,0
3518,5126,1.1,51.0,0.0917,165.70000000000002,O3,4,0,0
3519,5127,1.0,51.0,0.0834,144.39999999999998,O3,3,0,0
3520,5128,1.2,58.0,0.0796,131.10000000000002,O3,3,0,0
3521,5129,1.9,68.0,0.104,197.42105263157896,O3,4,0,0
3522,5130,2.3,81.0,0.111,206.26595744680853,O3,5,0,0
3523,5131,1.6,73.0,0.0836,145.09999999999997,O3,3,0,0
3524,5132,1.3,69.0,0.0704,66.97826086956522,NO2,2,1,0
3525,5133,1.8,81.0,0.0773,123.04999999999998,O3,3,0,0
3526,5134,1.7,82.0,0.0811,136.35000000000002,O3,3,0,0
3527,5135,1.8,71.0,0.0848,149.29999999999998,O3,3,0,0
3528,5136,2.0,81.0,0.0892,159.2526315789474,O3,4,0,0
3529,5137,2.2,87.0,0.0992,185.0421052631579,O3,4,0,0
3530,5138,1.6,72.0,0.095,174.21052631578948,O3,4,0,0
3531,5139,1.3,63.0,0.0882,156.67368421052635,O3,4,0,0
3532,5140,1.5,63.0,0.0883,156.93157894736845,O3,4,0,0
3533,5141,1.5,63.0,0.0892,159.2526315789474,O3,4,0,0
3534,5142,1.3,55.0,0.0836,145.09999999999997,O3,3,0,0
3535,5143,1.4,52.0,0.0837,145.44999999999996,O3,3,0,0
3536,5144,0.5,32.0,0.0498,46.111111111111114,O3,1,1,1
3537,5146,0.4,29.0,0.0507,46.94444444444445,O3,1,1,1
3538,5147,0.6,44.0,0.066,86.93333333333332,O3,2,1,1
3539,5148,1.1,53.0,0.0902,161.83157894736843,O3,4,0,0
3540,5149,2.9,62.0,0.124,219.95744680851064,O3,5,0,0
3541,5150,3.5,68.0,0.1395,236.28191489361703,O3,5,0,0
3542,5151,4.6,85.0,0.1625,260.50531914893617,O3,5,0,0
3543,5152,3.4,88.0,0.1359,232.4904255319149,O3,5,0,0
3544,5153,2.3,82.0,0.1152,210.68936170212766,O3,5,0,0
3545,5154,2.7,91.0,0.1159,211.42659574468087,O3,5,0,0
3546,5155,3.1,87.0,0.1179,213.53297872340426,O3,5,0,0
3547,5156,3.2,90.0,0.1227,218.58829787234043,O3,5,0,0
3548,5157,2.5,97.0,0.1119,207.21382978723403,O3,5,0,0
3549,5158,3.4,99.0,0.1243,220.27340425531915,O3,5,0,0
3550,5159,4.8,109.0,0.1449,241.9691489361702,O3,5,0,0
3551,5160,4.5,95.0,0.1405,237.33510638297872,O3,5,0,0
3552,5161,4.0,80.0,0.1444,241.44255319148937,O3,5,0,0
3553,5162,3.2,76.0,0.1386,235.3340425531915,O3,5,0,0
3554,5163,1.9,62.0,0.1102,205.42340425531916,O3,5,0,0
3555,5164,1.9,57.0,0.1041,197.67894736842106,O3,4,0,0
3556,5165,1.3,57.0,0.0881,156.4157894736842,O3,4,0,0
3557,5166,1.1,54.0,0.0791,129.35000000000002,O3,3,0,0
3558,5167,1.0,50.0,0.0796,131.10000000000002,O3,3,0,0
3559,5168,0.5,44.0,0.0647,82.68666666666664,O3,2,1,0
3560,5170,0.5,34.0,0.0719,104.15000000000003,O3,3,0,0
3561,5171,0.8,44.0,0.0733,109.05000000000003,O3,3,0,0
3562,5172,1.2,74.0,0.0835,144.75,O3,3,0,0
3563,5173,2.7,101.0,0.1094,204.58085106382978,O3,5,0,0
3564,5174,3.0,103.0,0.1114,206.6872340425532,O3,5,0,0
3565,5199,1.5,78.0,0.0788,128.29999999999998,O3,3,0,0
3566,5200,1.2,72.0,0.076,118.5,O3,3,0,0
3567,5374,4.7,167.0,0.1956,295.36595744680847,O3,5,0,0
3568,5375,8.0,194.0,0.2203,321.3797872340425,O3,6,0,0
3569,5376,7.7,172.0,0.2073,307.6882978723404,O3,6,0,0
3570,5377,6.8,134.0,0.1923,291.8904255319149,O3,5,0,0
3571,5378,6.0,130.0,0.178,276.82978723404256,O3,5,0,0
3572,5379,4.7,113.0,0.1609,258.8202127659574,O3,5,0,0
3573,5380,3.4,99.0,0.1466,243.7595744680851,O3,5,0,0
3574,5381,3.9,109.0,0.1504,247.7617021276596,O3,5,0,0
3575,5382,4.4,105.0,0.1518,249.23617021276596,O3,5,0,0
3576,5383,3.3,91.0,0.1289,225.11808510638298,O3,5,0,0
3577,5384,2.0,77.0,0.1076,202.68510638297872,O3,5,0,0
3578,5387,0.8,60.0,0.09,161.31578947368422,O3,4,0,0
3579,5388,1.3,72.0,0.1034,195.87368421052633,O3,4,0,0
3580,5389,2.7,83.0,0.1235,219.43085106382978,O3,5,0,0
3581,5390,3.6,104.0,0.1455,242.60106382978722,O3,5,0,0
3582,5391,3.6,119.0,0.1478,245.02340425531912,O3,5,0,0
3583,5392,2.6,105.0,0.1393,236.07127659574468,O3,5,0,0
3584,5393,2.0,91.0,0.1237,219.64148936170213,O3,5,0,0
3585,5394,3.3,103.0,0.1373,233.9648936170213,O3,5,0,0
3586,5396,2.1,111.0,0.1287,224.90744680851066,O3,5,0,0
3587,5397,2.9,101.0,0.1413,238.1776595744681,O3,5,0,0
3588,5398,3.0,102.0,0.1483,245.54999999999998,O3,5,0,0
3589,5399,3.2,101.0,0.1539,251.44787234042553,O3,5,0,0
3590,5400,4.4,118.0,0.1691,267.4563829787234,O3,5,0,0
3591,5401,6.0,120.0,0.1846,283.7808510638298,O3,5,0,0
3592,5402,5.0,107.0,0.1665,264.718085106383,O3,5,0,0
3593,5403,4.3,104.0,0.1577,255.45,O3,5,0,0
3594,5404,4.3,91.0,0.1603,258.1882978723404,O3,5,0,0
3595,5405,4.2,91.0,0.153,250.5,O3,5,0,0
3596,5406,2.2,74.0,0.1205,216.27127659574467,O3,5,0,0
3597,5407,1.3,63.0,0.0999,186.84736842105264,O3,4,0,0
3598,5408,1.0,57.0,0.0904,162.34736842105264,O3,4,0,0
3599,5411,0.9,49.0,0.0886,157.70526315789476,O3,4,0,0
3600,5412,1.0,55.0,0.0911,164.1526315789474,O3,4,0,0
3601,5413,2.8,78.0,0.1319,228.2776595744681,O3,5,0,0
3602,5414,4.1,91.0,0.1927,292.3117021276596,O3,5,0,0
3603,5415,2.9,88.0,0.1554,253.0276595744681,O3,5,0,0
3604,5416,2.7,83.0,0.1565,254.18617021276594,O3,5,0,0
3605,5417,2.1,81.0,0.1462,243.33829787234043,O3,5,0,0
3606,5418,2.4,83.0,0.1487,245.97127659574468,O3,5,0,0
3607,5419,3.8,111.0,0.169,267.3510638297872,O3,5,0,0
3608,5420,3.7,112.0,0.1603,258.1882978723404,O3,5,0,0
3609,5421,3.7,112.0,0.1568,254.50212765957446,O3,5,0,0
3610,5422,5.5,137.0,0.1743,272.9329787234043,O3,5,0,0
3611,5423,5.4,152.0,0.2007,300.73723404255315,O3,6,0,0
3612,5424,8.4,163.0,0.2235,324.75,O3,6,0,0
3613,5425,6.8,135.0,0.1998,299.7893617021276,O3,5,0,0
3614,5426,4.5,119.0,0.1795,278.4095744680851,O3,5,0,0
3615,5427,2.5,91.0,0.1407,237.54574468085104,O3,5,0,0
3616,5428,1.6,74.0,0.1211,216.9031914893617,O3,5,0,0
3617,5429,1.7,73.0,0.1202,215.95531914893618,O3,5,0,0
3618,5430,1.7,71.0,0.1136,209.00425531914894,O3,5,0,0
3619,5431,1.1,57.0,0.0946,173.17894736842106,O3,4,0,0
3620,5432,1.0,51.0,0.0915,165.1842105263158,O3,4,0,0
3621,5435,0.7,43.0,0.0842,147.19999999999996,O3,3,0,0
3622,5436,1.2,52.0,0.1002,187.62105263157895,O3,4,0,0
3623,5437,2.3,65.0,0.1165,212.0585106382979,O3,5,0,0
3624,5438,3.0,69.0,0.1294,225.6446808510638,O3,5,0,0
3625,5439,3.3,91.0,0.1475,244.7074468085106,O3,5,0,0
3626,5440,2.8,92.0,0.1436,240.6,O3,5,0,0
3627,5441,3.0,102.0,0.1465,243.65425531914892,O3,5,0,0
3628,5442,3.4,118.0,0.1583,256.081914893617,O3,5,0,0
3629,5443,3.0,111.0,0.1432,240.17872340425532,O3,5,0,0
3630,5444,2.3,101.0,0.127,223.11702127659575,O3,5,0,0
3631,5445,3.1,119.0,0.1354,231.96382978723403,O3,5,0,0
3632,5446,3.0,115.0,0.1318,228.1723404255319,O3,5,0,0
3633,5447,3.3,120.0,0.1351,231.64787234042552,O3,5,0,0
3634,5448,4.0,115.0,0.153,250.5,O3,5,0,0
3635,5449,4.6,118.0,0.1615,259.45212765957444,O3,5,0,0
3636,5450,4.1,117.0,0.1415,238.38829787234042,O3,5,0,0
3637,5451,2.3,96.0,0.1219,217.74574468085106,O3,5,0,0
3638,5452,2.6,89.0,0.1307,227.01382978723404,O3,5,0,0
3639,5453,2.6,84.0,0.1297,225.96063829787235,O3,5,0,0
3640,5454,2.9,97.0,0.1321,228.4882978723404,O3,5,0,0
3641,5455,2.1,68.0,0.1133,208.68829787234043,O3,5,0,0
3642,5456,2.1,66.0,0.1124,207.7404255319149,O3,5,0,0
3643,5459,1.4,48.0,0.0972,179.8842105263158,O3,4,0,0
3644,5460,1.2,47.0,0.0965,178.07894736842107,O3,4,0,0
3645,5461,1.5,48.0,0.0984,182.97894736842107,O3,4,0,0
3646,5462,0.9,45.0,0.088,156.1578947368421,O3,4,0,0
3647,5463,1.4,59.0,0.1001,187.36315789473684,O3,4,0,0
3648,5464,2.1,84.0,0.1137,209.1095744680851,O3,5,0,0
3649,5465,1.6,72.0,0.1023,193.03684210526316,O3,4,0,0
3650,5466,1.5,68.0,0.0962,177.30526315789473,O3,4,0,0
3651,5467,1.1,52.0,0.0825,141.25,O3,3,0,0
3652,5468,1.4,70.0,0.0877,155.3842105263158,O3,4,0,0
3653,5469,2.0,90.0,0.1046,198.96842105263158,O3,4,0,0
3654,5470,2.0,87.0,0.106,201.0,O3,5,0,0
3655,5471,2.5,99.0,0.1155,211.00531914893617,O3,5,0,0
3656,5472,4.3,128.0,0.1464,243.54893617021276,O3,5,0,0
3657,5473,5.2,127.0,0.2185,319.48404255319144,O3,6,0,0
3658,5474,3.4,99.0,0.1959,295.681914893617,O3,5,0,0
3659,5475,1.3,72.0,0.1375,234.1755319148936,O3,5,0,0
3660,5476,1.2,62.0,0.1212,217.00851063829788,O3,5,0,0
3661,5477,1.7,62.0,0.1273,223.43297872340426,O3,5,0,0
3662,5478,1.7,63.0,0.1249,220.90531914893617,O3,5,0,0
3663,5479,1.4,56.0,0.1097,204.8968085106383,O3,5,0,0
3664,5480,0.9,44.0,0.0933,169.82631578947368,O3,4,0,0
3665,5483,0.9,48.0,0.1013,190.45789473684212,O3,4,0,0
3666,5484,1.2,59.0,0.1087,203.8436170212766,O3,5,0,0
3667,5485,3.2,77.0,0.1566,254.2914893617021,O3,5,0,0
3668,5486,4.4,88.0,0.1631,261.1372340425532,O3,5,0,0
3669,5487,3.5,111.0,0.1564,254.0808510638298,O3,5,0,0
3670,5488,3.2,114.0,0.1601,257.9776595744681,O3,5,0,0
3671,5489,3.0,108.0,0.1539,251.44787234042553,O3,5,0,0
3672,5490,3.5,111.0,0.1577,255.45,O3,5,0,0
3673,5491,4.0,126.0,0.1732,271.7744680851064,O3,5,0,0
3674,5492,3.8,117.0,0.1672,265.45531914893616,O3,5,0,0
3675,5493,4.2,119.0,0.1744,273.0382978723404,O3,5,0,0
3676,5494,5.0,125.0,0.1845,283.6755319148936,O3,5,0,0
3677,5495,7.9,158.0,0.2164,317.2723404255319,O3,6,0,0
3678,5496,8.4,149.0,0.2106,311.163829787234,O3,6,0,0
3679,5497,8.0,136.0,0.2007,300.73723404255315,O3,6,0,0
3680,5498,6.4,112.0,0.1791,277.9882978723404,O3,5,0,0
3681,5499,3.5,87.0,0.1444,241.44255319148937,O3,5,0,0
3682,5500,3.5,82.0,0.1373,233.9648936170213,O3,5,0,0
3683,5501,1.9,67.0,0.111,206.26595744680853,O3,5,0,0
3684,5502,2.2,68.0,0.1099,205.10744680851064,O3,5,0,0
3685,5503,1.6,60.0,0.0968,178.85263157894738,O3,4,0,0
3686,5504,1.0,48.0,0.0847,148.94999999999996,O3,3,0,0
3687,5507,0.9,46.0,0.0834,144.39999999999998,O3,3,0,0
3688,5508,1.4,54.0,0.0956,175.75789473684213,O3,4,0,0
3689,5509,3.0,82.0,0.1259,221.9585106382979,O3,5,0,0
3690,5510,4.5,93.0,0.1494,246.70851063829787,O3,5,0,0
3691,5511,3.8,95.0,0.1458,242.91702127659576,O3,5,0,0
3692,5512,3.4,120.0,0.1491,246.39255319148936,O3,5,0,0
3693,5513,3.5,132.0,0.156,253.6595744680851,O3,5,0,0
3694,5514,4.4,146.0,0.175,273.67021276595744,O3,5,0,0
3695,5515,4.0,157.0,0.1709,269.3521276595745,O3,5,0,0
3696,5516,4.5,158.0,0.1786,277.4617021276596,O3,5,0,0
3697,5517,5.3,175.0,0.19,289.468085106383,O3,5,0,0
3698,5518,5.8,166.0,0.1963,296.1031914893617,O3,5,0,0
3699,5519,8.4,187.0,0.2161,316.95638297872335,O3,6,0,0
3700,5520,9.5,180.0,0.2372,339.17872340425527,O3,6,0,0
3701,5521,6.2,134.0,0.2062,306.52978723404254,O3,6,0,0
3702,5522,5.0,127.0,0.1736,272.1957446808511,O3,5,0,0
3703,5523,2.1,95.0,0.1192,214.90212765957446,O3,5,0,0
3704,5524,1.4,79.0,0.1043,198.19473684210527,O3,4,0,0
3705,5525,1.6,78.0,0.0948,173.69473684210527,O3,4,0,0
3706,5526,2.0,80.0,0.0992,185.0421052631579,O3,4,0,0
3707,5527,1.2,67.0,0.0867,152.80526315789476,O3,4,0,0
3708,5528,0.8,61.0,0.0825,141.25,O3,3,0,0
3709,5531,0.7,56.0,0.0866,152.54736842105265,O3,4,0,0
3710,5532,1.7,68.0,0.1113,206.581914893617,O3,5,0,0
3711,5533,3.4,101.0,0.1384,235.12340425531914,O3,5,0,0
3712,5534,4.9,119.0,0.1516,249.02553191489363,O3,5,0,0
3713,5535,2.7,108.0,0.1222,218.06170212765957,O3,5,0,0
3714,5536,3.2,132.0,0.1354,231.96382978723403,O3,5,0,0
3715,5537,2.7,130.0,0.1291,225.3287234042553,O3,5,0,0
3716,5538,3.2,129.0,0.1308,227.1191489361702,O3,5,0,0
3717,5539,4.1,117.0,0.142,238.91489361702128,O3,5,0,0
3718,5540,3.6,119.0,0.1297,225.96063829787235,O3,5,0,0
3719,5541,2.8,113.0,0.1157,211.21595744680852,O3,5,0,0
3720,5542,2.1,102.0,0.113,208.37234042553192,O3,5,0,0
3721,5543,2.4,101.0,0.1195,215.21808510638297,O3,5,0,0
3722,5544,3.6,116.0,0.1341,230.59468085106383,O3,5,0,0
3723,5545,2.6,101.0,0.1228,218.6936170212766,O3,5,0,0
3724,5546,2.8,94.0,0.1273,223.43297872340426,O3,5,0,0
3725,5547,1.4,75.0,0.1006,188.65263157894736,O3,4,0,0
3726,5548,1.1,69.0,0.0898,160.80000000000004,O3,4,0,0
3727,5549,1.3,60.0,0.0894,159.76842105263157,O3,4,0,0
3728,5550,0.9,58.0,0.0789,128.64999999999998,O3,3,0,0
3729,5551,1.0,51.0,0.0805,134.25,O3,3,0,0
3730,5552,0.9,45.0,0.077,122.0,O3,3,0,0
3731,5555,0.8,48.0,0.0825,141.25,O3,3,0,0
3732,5556,1.6,61.0,0.1013,190.45789473684212,O3,4,0,0
3733,5557,3.4,88.0,0.1341,230.59468085106383,O3,5,0,0
3734,5558,4.4,102.0,0.1528,250.28936170212765,O3,5,0,0
3735,5559,3.5,97.0,0.1432,240.17872340425532,O3,5,0,0
3736,5560,3.4,116.0,0.1499,247.23510638297873,O3,5,0,0
3737,5561,2.4,112.0,0.1236,219.53617021276597,O3,5,0,0
3738,5562,2.3,101.0,0.118,213.63829787234042,O3,5,0,0
3739,5563,2.6,99.0,0.1196,215.32340425531916,O3,5,0,0
3740,5564,2.9,113.0,0.1301,226.38191489361702,O3,5,0,0
3741,5565,4.4,122.0,0.1646,262.71702127659574,O3,5,0,0
3742,5566,5.0,139.0,0.172,270.51063829787233,O3,5,0,0
3743,5567,6.5,149.0,0.1852,284.4127659574468,O3,5,0,0
3744,5568,5.9,136.0,0.167,265.24468085106383,O3,5,0,0
3745,5569,2.7,103.0,0.1208,216.5872340425532,O3,5,0,0
3746,5570,2.5,112.0,0.116,211.53191489361703,O3,5,0,0
3747,5571,1.5,88.0,0.0937,170.85789473684213,O3,4,0,0
3748,5572,1.0,63.0,0.0783,126.54999999999998,O3,3,0,0
3749,5573,1.2,69.0,0.0807,134.94999999999996,O3,3,0,0
3750,5574,1.0,65.0,0.0729,107.65000000000003,O3,3,0,0
3751,5575,0.8,50.0,0.0612,71.25333333333332,O3,2,0,0
3752,5576,0.6,43.0,0.0574,58.839999999999996,O3,2,0,0
3753,5579,1.1,69.0,0.0856,66.97826086956522,NO2,2,1,0
3754,5580,1.3,91.0,0.0976,180.91578947368424,O3,4,0,0
3755,5581,2.9,111.0,0.1208,216.5872340425532,O3,5,0,0
3756,5582,3.7,124.0,0.14,236.8085106382979,O3,5,0,0
3757,5583,3.0,119.0,0.1278,223.9595744680851,O3,5,0,0
3758,5584,1.4,77.0,0.0934,170.0842105263158,O3,4,0,0
3759,5585,2.6,101.0,0.1073,202.36914893617023,O3,5,0,0
3760,5586,4.2,116.0,0.1363,232.91170212765957,O3,5,0,0
3761,5587,5.1,137.0,0.1346,231.1212765957447,O3,5,0,0
3762,5588,5.5,163.0,0.1393,236.07127659574468,O3,5,0,0
3763,5589,4.5,144.0,0.1255,221.5372340425532,O3,5,0,0
3764,5590,2.7,118.0,0.1213,217.11382978723404,O3,5,0,0
3765,5591,3.1,135.0,0.1332,229.64680851063832,O3,5,0,0
3766,5592,4.2,129.0,0.143,239.96808510638297,O3,5,0,0
3767,5593,3.1,128.0,0.1102,205.42340425531916,O3,5,0,0
3768,5594,1.7,103.0,0.0895,160.0263157894737,O3,4,0,0
3769,5595,1.8,116.0,0.0905,162.60526315789474,O3,4,0,0
3770,5596,1.7,95.0,0.0869,153.32105263157897,O3,4,0,0
3771,5597,2.1,107.0,0.0982,182.46315789473684,O3,4,0,0
3772,5598,2.4,108.0,0.0999,186.84736842105264,O3,4,0,0
3773,5599,1.8,94.0,0.0881,156.4157894736842,O3,4,0,0
3774,5600,1.5,84.0,0.0868,153.06315789473686,O3,4,0,0
3775,5603,1.0,76.0,0.0825,141.25,O3,3,0,0
3776,5604,1.4,82.0,0.0901,161.57368421052632,O3,4,0,0
3777,5605,2.4,94.0,0.109,204.1595744680851,O3,5,0,0
3778,5606,3.1,102.0,0.1165,212.0585106382979,O3,5,0,0
3779,5607,3.0,106.0,0.1201,215.85,O3,5,0,0
3780,5608,2.7,108.0,0.1231,219.0095744680851,O3,5,0,0
3781,5609,4.0,152.0,0.1461,243.23297872340424,O3,5,0,0
3782,5610,3.7,160.0,0.1434,240.38936170212764,O3,5,0,0
3783,5611,3.4,133.0,0.1399,236.7031914893617,O3,5,0,0
3784,5612,3.4,147.0,0.1417,238.59893617021277,O3,5,0,0
3785,5613,3.2,135.0,0.1395,236.28191489361703,O3,5,0,0
3786,5614,3.9,135.0,0.1442,241.23191489361702,O3,5,0,0
3787,5615,3.7,129.0,0.1425,239.4414893617021,O3,5,0,0
3788,5616,4.3,117.0,0.1496,246.91914893617022,O3,5,0,0
3789,5617,4.9,116.0,0.1551,252.71170212765955,O3,5,0,0
3790,5618,4.0,109.0,0.1381,234.80744680851063,O3,5,0,0
3791,5619,2.8,96.0,0.1229,218.79893617021276,O3,5,0,0
3792,5620,2.4,90.0,0.1082,203.31702127659574,O3,5,0,0
3793,5621,1.9,82.0,0.0963,177.56315789473683,O3,4,0,0
3794,5622,2.0,86.0,0.0939,171.37368421052633,O3,4,0,0
3795,5623,1.5,72.0,0.0825,141.25,O3,3,0,0
3796,5624,1.3,61.0,0.0811,136.35000000000002,O3,3,0,0
3797,5627,0.5,37.0,0.0589,63.739999999999995,O3,2,0,1
3798,5628,0.4,31.0,0.054,50.0,O3,1,1,1
3799,5629,0.4,30.0,0.0551,51.326666666666675,O3,2,0,1
3800,5630,0.9,41.0,0.0742,112.20000000000002,O3,3,0,0
3801,5631,1.3,64.0,0.0824,140.89999999999998,O3,3,0,0
3802,5632,2.1,74.0,0.1059,72.30434782608695,NO2,2,1,0
3803,5633,2.4,77.0,0.1144,209.8468085106383,O3,5,0,0
3804,5634,2.0,83.0,0.0994,185.55789473684212,O3,4,0,0
3805,5635,1.8,71.0,0.1014,190.71578947368423,O3,4,0,0
3806,5636,1.5,62.0,0.0924,167.50526315789475,O3,4,0,0
3807,5637,1.6,62.0,0.1023,193.03684210526316,O3,4,0,0
3808,5638,2.2,79.0,0.1033,195.61578947368423,O3,4,0,0
3809,5639,2.3,93.0,0.1065,201.52659574468086,O3,5,0,0
3810,5640,6.6,106.0,0.1516,249.02553191489363,O3,5,0,0
3811,5641,4.7,100.0,0.1648,262.92765957446807,O3,5,0,0
3812,5642,4.1,89.0,0.1466,243.7595744680851,O3,5,0,0
3813,5643,4.1,83.0,0.1365,233.12234042553192,O3,5,0,0
3814,5644,2.7,76.0,0.1247,220.69468085106382,O3,5,0,0
3815,5645,2.6,68.0,0.1183,213.95425531914893,O3,5,0,0
3816,5646,3.2,69.0,0.215,315.7978723404255,O3,6,0,0
3817,5647,3.7,77.0,0.2519,354.6606382978723,O3,6,0,0
3818,5648,3.5,68.0,0.1925,292.1010638297872,O3,5,0,0
3819,5651,2.7,49.0,0.1599,257.76702127659576,O3,5,0,0
3820,5652,1.8,45.0,0.1395,236.28191489361703,O3,5,0,0
3821,5653,1.3,51.0,0.1323,228.69893617021276,O3,5,0,0
3822,5654,1.5,51.0,0.1309,227.22446808510637,O3,5,0,0
3823,5655,1.9,62.0,0.1441,241.12659574468086,O3,5,0,0
3824,5656,2.2,74.0,0.183,282.09574468085106,O3,5,0,0
3825,5657,2.6,88.0,0.1704,268.8255319148936,O3,5,0,0
3826,5658,2.7,90.0,0.1576,255.3446808510638,O3,5,0,0
3827,5659,2.5,91.0,0.1305,226.80319148936172,O3,5,0,0
3828,5660,1.5,64.0,0.0991,184.78421052631577,O3,4,0,0
3829,5661,2.0,72.0,0.1148,210.26808510638298,O3,5,0,0
3830,5662,3.1,88.0,0.1307,227.01382978723404,O3,5,0,0
3831,5663,3.7,110.0,0.1386,235.3340425531915,O3,5,0,0
3832,5664,4.0,95.0,0.142,238.91489361702128,O3,5,0,0
3833,5665,4.1,91.0,0.1341,230.59468085106383,O3,5,0,0
3834,5666,3.1,94.0,0.1258,221.8531914893617,O3,5,0,0
3835,5667,3.2,86.0,0.1245,220.4840425531915,O3,5,0,0
3836,5668,3.2,79.0,0.1231,219.0095744680851,O3,5,0,0
3837,5669,2.7,71.0,0.1151,210.5840425531915,O3,5,0,0
3838,5670,2.3,62.0,0.1048,199.4842105263158,O3,4,0,0
3839,5671,1.6,56.0,0.0928,168.53684210526316,O3,4,0,0
3840,5672,1.1,49.0,0.0813,137.04999999999998,O3,3,0,0
3841,5675,0.6,35.0,0.0721,104.85000000000001,O3,3,0,0
3842,5676,0.5,37.0,0.071,101.0,O3,3,0,0
3843,5677,1.5,56.0,0.0951,174.4684210526316,O3,4,0,0
3844,5678,3.4,85.0,0.1336,230.06808510638297,O3,5,0,0
3845,5679,4.4,112.0,0.1489,246.18191489361703,O3,5,0,0
3846,5680,4.4,107.0,0.1558,253.44893617021276,O3,5,0,0
3847,5681,5.8,151.0,0.1944,294.1021276595744,O3,5,0,0
3848,5682,4.9,151.0,0.1782,277.0404255319149,O3,5,0,0
3849,5683,5.1,150.0,0.1921,291.6797872340425,O3,5,0,0
3850,5684,7.5,190.0,0.2039,304.10744680851064,O3,6,0,0
3851,5685,5.8,168.0,0.1912,290.73191489361704,O3,5,0,0
3852,5686,5.9,127.0,0.1827,281.77978723404254,O3,5,0,0
3853,5687,6.8,140.0,0.1919,291.4691489361702,O3,5,0,0
3854,5688,7.9,158.0,0.2013,301.3691489361702,O3,6,0,0
3855,5689,8.0,121.0,0.1919,291.4691489361702,O3,5,0,0
3856,5690,9.2,119.0,0.1927,292.3117021276596,O3,5,0,0
3857,5691,5.9,96.0,0.1573,255.02872340425532,O3,5,0,0
3858,5692,3.7,77.0,0.1325,228.9095744680851,O3,5,0,0
3859,5693,2.6,66.0,0.1203,216.06063829787234,O3,5,0,0
3860,5694,1.1,56.0,0.0947,173.4368421052632,O3,4,0,0
3861,5695,2.6,62.0,0.1106,205.84468085106383,O3,5,0,0
3862,5696,2.2,58.0,0.1045,198.71052631578948,O3,4,0,0
3863,5699,0.5,35.0,0.0748,114.30000000000003,O3,3,0,0
3864,5700,0.7,50.0,0.0833,144.04999999999998,O3,3,0,0
3865,5701,1.3,64.0,0.096,176.78947368421055,O3,4,0,0
3866,5702,2.2,75.0,0.1157,211.21595744680852,O3,5,0,0
3867,5703,3.7,101.0,0.1444,241.44255319148937,O3,5,0,0
3868,5704,3.7,94.0,0.1522,249.65744680851063,O3,5,0,0
3869,5705,3.4,95.0,0.1452,242.2851063829787,O3,5,0,0
3870,5706,3.4,124.0,0.1437,240.70531914893616,O3,5,0,0
3871,5707,2.6,86.0,0.1209,216.69255319148937,O3,5,0,0
3872,5708,2.5,79.0,0.117,212.58510638297872,O3,5,0,0
3873,5709,2.5,87.0,0.119,214.6914893617021,O3,5,0,0
3874,5710,2.7,94.0,0.1278,223.9595744680851,O3,5,0,0
3875,5711,3.2,107.0,0.1305,226.80319148936172,O3,5,0,0
3876,5712,3.7,107.0,0.1364,233.01702127659573,O3,5,0,0
3877,5713,4.6,117.0,0.1428,239.75744680851065,O3,5,0,0
3878,5714,3.3,97.0,0.1285,224.6968085106383,O3,5,0,0
3879,5715,2.4,90.0,0.1143,209.74148936170212,O3,5,0,0
3880,5716,2.8,86.0,0.1235,219.43085106382978,O3,5,0,0
3881,5717,2.7,77.0,0.1208,216.5872340425532,O3,5,0,0
3882,5718,1.8,66.0,0.1041,197.67894736842106,O3,4,0,0
3883,5719,1.1,57.0,0.0897,160.5421052631579,O3,4,0,0
3884,5720,1.2,55.0,0.0862,151.51578947368424,O3,4,0,0
3885,5722,0.6,40.0,0.0747,113.95000000000002,O3,3,0,0
3886,5723,0.5,40.0,0.0727,106.95000000000002,O3,3,0,0
3887,5724,0.7,46.0,0.0799,132.14999999999998,O3,3,0,0
3888,5725,0.8,53.0,0.0807,134.94999999999996,O3,3,0,0
3889,5726,3.5,84.0,0.1324,228.80425531914892,O3,5,0,0
3890,5727,3.6,88.0,0.1404,237.22978723404253,O3,5,0,0
3891,5736,8.7,171.0,0.2204,321.48510638297876,O3,6,0,0
3892,5737,5.8,124.0,0.178,276.82978723404256,O3,5,0,0
3893,5738,4.3,97.0,0.159,256.8191489361702,O3,5,0,0
3894,5739,3.6,92.0,0.1419,238.8095744680851,O3,5,0,0
3895,5740,3.9,96.0,0.1415,238.38829787234042,O3,5,0,0
3896,5741,2.4,74.0,0.118,213.63829787234042,O3,5,0,0
3897,5742,1.6,65.0,0.1015,190.97368421052636,O3,4,0,0
3898,5743,1.8,62.0,0.1014,190.71578947368423,O3,4,0,0
3899,5744,1.5,59.0,0.0938,171.1157894736842,O3,4,0,0
3900,5746,0.5,41.0,0.0723,105.55000000000003,O3,3,0,0
3901,5747,0.4,38.0,0.0702,35.84905660377358,NO2,1,1,1
3902,5748,0.5,43.0,0.0725,106.25,O3,3,0,0
3903,5749,0.8,52.0,0.0836,145.09999999999997,O3,3,0,0
3904,5750,2.0,75.0,0.1129,208.26702127659576,O3,5,0,0
3905,5751,6.2,118.0,0.1718,270.3,O3,5,0,0
3906,5752,4.5,126.0,0.1646,262.71702127659574,O3,5,0,0
3907,5753,4.6,151.0,0.1664,264.6127659574468,O3,5,0,0
3908,5754,3.3,107.0,0.1496,246.91914893617022,O3,5,0,0
3909,5755,3.6,114.0,0.1506,247.9723404255319,O3,5,0,0
3910,5756,4.4,125.0,0.1604,258.2936170212766,O3,5,0,0
3911,5757,4.3,138.0,0.1632,261.2425531914894,O3,5,0,0
3912,5758,5.0,144.0,0.1736,272.1957446808511,O3,5,0,0
3913,5759,8.1,180.0,0.2165,317.37765957446805,O3,6,0,0
3914,5760,8.0,154.0,0.2152,316.0085106382979,O3,6,0,0
3915,5761,3.6,105.0,0.1556,253.2382978723404,O3,5,0,0
3916,5762,2.9,98.0,0.1389,235.64999999999998,O3,5,0,0
3917,5763,2.7,93.0,0.13,226.27659574468086,O3,5,0,0
3918,5764,1.9,76.0,0.1126,207.95106382978724,O3,5,0,0
3919,5765,1.3,69.0,0.0982,182.46315789473684,O3,4,0,0
3920,5766,1.2,66.0,0.0941,171.88947368421054,O3,4,0,0
3921,5767,1.8,76.0,0.101,189.6842105263158,O3,4,0,0
3922,5768,1.9,73.0,0.0985,183.23684210526318,O3,4,0,0
3923,5770,0.9,54.0,0.0791,129.35000000000002,O3,3,0,0
3924,5771,0.5,44.0,0.071,101.0,O3,3,0,0
3925,5772,0.6,45.0,0.0743,112.55000000000003,O3,3,0,0
3926,5773,1.1,58.0,0.0857,55.26086956521739,NO2,2,0,0
3927,5774,2.8,87.0,0.1143,209.74148936170212,O3,5,0,0
3928,5775,2.9,97.0,0.121,216.79787234042553,O3,5,0,0
3929,5776,1.7,80.0,0.106,201.0,O3,5,0,0
3930,5777,2.3,82.0,0.1252,221.22127659574468,O3,5,0,0
3931,5778,3.3,112.0,0.1435,240.49468085106383,O3,5,0,0
3932,5779,3.5,121.0,0.1544,251.9744680851064,O3,5,0,0
3933,5780,3.8,132.0,0.16,257.8723404255319,O3,5,0,0
3934,5781,3.4,141.0,0.1534,250.9212765957447,O3,5,0,0
3935,5782,3.8,130.0,0.1495,246.81382978723403,O3,5,0,0
3936,5783,3.6,113.0,0.1442,241.23191489361702,O3,5,0,0
3937,5784,3.5,101.0,0.134,230.48936170212767,O3,5,0,0
3938,5785,2.8,91.0,0.1231,219.0095744680851,O3,5,0,0
3939,5786,2.5,90.0,0.1128,208.16170212765957,O3,5,0,0
3940,5787,3.1,90.0,0.1188,214.4808510638298,O3,5,0,0
3941,5788,1.8,83.0,0.0998,186.58947368421053,O3,4,0,0
3942,5789,1.6,73.0,0.0944,172.66315789473686,O3,4,0,0
3943,5790,1.9,80.0,0.0928,168.53684210526316,O3,4,0,0
3944,5791,2.0,87.0,0.1037,196.64736842105265,O3,4,0,0
3945,5792,1.4,79.0,0.093,169.05263157894737,O3,4,0,0
3946,5795,0.7,42.0,0.0533,49.351851851851855,O3,1,1,1
3947,5796,0.4,31.0,0.0449,41.574074074074076,O3,1,1,1
3948,5797,0.4,35.0,0.044,40.74074074074074,O3,1,1,1
3949,5798,0.5,51.0,0.0453,48.113207547169814,NO2,1,1,1
3950,5799,0.7,58.0,0.0465,55.26086956521739,NO2,2,1,1
3951,5800,0.7,57.0,0.0457,54.19565217391305,NO2,2,1,1
3952,5801,0.7,63.0,0.0475,60.58695652173913,NO2,2,0,1
3953,5802,1.0,61.0,0.0532,58.45652173913044,NO2,2,1,1
3954,5803,1.0,34.0,0.0526,48.70370370370371,O3,1,0,1
3955,5804,0.9,26.0,0.052,48.148148148148145,O3,1,1,1
3956,5805,0.9,28.0,0.05,46.296296296296305,O3,1,0,1
3957,5806,0.9,50.0,0.0482,47.16981132075472,NO2,1,1,1
3958,5807,1.1,55.0,0.0539,52.06521739130435,NO2,2,0,1
3959,5808,3.2,84.0,0.0943,172.40526315789475,O3,4,0,0
3960,5809,3.1,140.0,0.1016,191.2315789473684,O3,4,0,0
3961,5810,3.1,138.0,0.1063,201.3159574468085,O3,5,0,0
3962,5811,2.3,127.0,0.1034,195.87368421052633,O3,4,0,0
3963,5812,1.8,117.0,0.0864,152.03157894736844,O3,4,0,0
3964,5813,0.8,57.0,0.05,54.19565217391305,NO2,2,1,1
3965,5814,0.9,59.0,0.0537,56.32608695652174,NO2,2,1,1
3966,5815,0.8,62.0,0.0524,59.52173913043478,NO2,2,1,1
3967,5816,0.7,42.0,0.0457,42.31481481481482,O3,1,1,1
3968,5818,0.2,13.0,0.0333,30.83333333333334,O3,1,1,1
3969,5819,0.2,18.0,0.0339,31.38888888888889,O3,1,1,1
3970,5820,0.3,26.0,0.0358,33.148148148148145,O3,1,1,1
3971,5821,0.7,72.0,0.0494,70.17391304347827,NO2,2,0,1
3972,5822,1.7,131.0,0.0828,142.29999999999998,O3,3,0,0
3973,5823,1.8,133.0,0.0769,121.64999999999999,O3,3,0,0
3974,5824,1.5,116.0,0.0714,103.83783783783784,NO2,3,0,0
3975,5825,1.3,117.0,0.0672,104.02702702702703,NO2,3,0,0
3976,5826,1.2,103.0,0.0671,101.37837837837837,NO2,3,0,0
3977,5827,1.3,100.0,0.0631,100.0,NO2,2,1,0
3978,5828,1.8,105.0,0.0805,134.25,O3,3,0,0
3979,5829,1.7,121.0,0.0808,135.29999999999998,O3,3,0,0
3980,5830,2.2,132.0,0.0964,177.82105263157897,O3,4,0,0
3981,5831,3.2,156.0,0.1188,214.4808510638298,O3,5,0,0
3982,5832,5.9,183.0,0.1571,254.81808510638297,O3,5,0,0
3983,5866,0.2,29.0,0.0373,34.53703703703704,O3,1,0,1
3984,5867,0.2,26.0,0.0363,33.611111111111114,O3,1,1,1
3985,5868,0.3,39.0,0.0411,38.05555555555556,O3,1,1,1
3986,5869,0.5,72.0,0.0496,70.17391304347827,NO2,2,1,1
3987,5870,1.4,128.0,0.0738,110.80000000000003,O3,3,0,0
3988,5871,2.0,149.0,0.091,163.89473684210526,O3,4,0,0
3989,5872,1.6,165.0,0.0821,139.85000000000002,O3,3,0,0
3990,5873,1.3,150.0,0.074,111.5,O3,3,0,0
3991,5874,1.4,165.0,0.0852,113.10810810810811,NO2,3,0,0
3992,5875,1.9,175.0,0.0895,160.0263157894737,O3,4,0,0
3993,5876,2.7,145.0,0.1019,192.00526315789477,O3,4,0,0
3994,5877,2.1,98.0,0.0993,185.3,O3,4,0,0
3995,5878,2.4,105.0,0.1043,198.19473684210527,O3,4,0,0
3996,5879,2.7,106.0,0.1111,206.3712765957447,O3,5,0,0
3997,5880,2.5,141.0,0.1087,203.8436170212766,O3,5,0,0
3998,5881,3.7,177.0,0.125,221.01063829787233,O3,5,0,0
3999,5882,4.6,182.0,0.1331,229.54148936170213,O3,5,0,0
4000,5883,3.9,193.0,0.1243,220.27340425531915,O3,5,0,0
4001,5884,2.2,148.0,0.1074,202.4744680851064,O3,5,0,0
4002,5885,2.7,167.0,0.1258,221.8531914893617,O3,5,0,0
4003,5886,2.6,158.0,0.1189,214.58617021276598,O3,5,0,0
4004,5887,2.1,132.0,0.1092,204.37021276595746,O3,5,0,0
4005,5888,1.4,97.0,0.0996,186.07368421052632,O3,4,0,0
4006,5890,1.1,74.0,0.0902,161.83157894736843,O3,4,0,0
4007,5891,1.1,68.0,0.0859,65.91304347826087,NO2,2,1,0
4008,5892,1.1,89.0,0.097,179.3684210526316,O3,4,0,0
4009,5893,1.5,117.0,0.1062,201.21063829787235,O3,5,0,0
4010,5894,3.1,190.0,0.1304,226.69787234042553,O3,5,0,0
4011,5895,6.8,211.0,0.1643,262.40106382978723,O3,5,0,0
4012,5896,5.4,190.0,0.1488,246.07659574468084,O3,5,0,0
4013,5897,4.5,194.0,0.1465,243.65425531914892,O3,5,0,0
4014,5898,3.0,210.0,0.1198,215.53404255319148,O3,5,0,0
4015,5899,2.8,199.0,0.116,211.53191489361703,O3,5,0,0
4016,5900,3.9,178.0,0.1277,223.85425531914893,O3,5,0,0
4017,5901,3.4,184.0,0.1171,212.69042553191488,O3,5,0,0
4018,5902,3.2,186.0,0.1106,205.84468085106383,O3,5,0,0
4019,5903,2.8,168.0,0.1036,196.38947368421054,O3,4,0,0
4020,5904,3.9,187.0,0.1196,215.32340425531916,O3,5,0,0
4021,5905,3.5,166.0,0.117,212.58510638297872,O3,5,0,0
4022,5906,4.7,177.0,0.1312,227.5404255319149,O3,5,0,0
4023,5907,4.6,207.0,0.1251,221.1159574468085,O3,5,0,0
4024,5908,1.2,114.0,0.0805,134.25,O3,3,0,0
4025,5909,1.1,84.0,0.0736,110.10000000000001,O3,3,0,0
4026,5910,1.2,92.0,0.0774,123.39999999999999,O3,3,0,0
4027,5911,1.6,111.0,0.0826,141.60000000000002,O3,3,0,0
4028,5912,0.7,71.0,0.0636,79.09333333333333,O3,2,0,0
4029,5915,0.6,50.0,0.0558,53.61333333333334,O3,2,0,0
4030,5916,0.5,53.0,0.0565,55.900000000000006,O3,2,1,0
4031,5917,0.6,67.0,0.0604,68.64,O3,2,1,0
4032,5918,1.4,113.0,0.0794,130.39999999999998,O3,3,0,0
4033,5919,2.0,140.0,0.0907,163.12105263157898,O3,4,0,0
4034,5920,1.6,116.0,0.0838,145.79999999999998,O3,3,0,0
4035,5921,1.6,122.0,0.0884,157.18947368421055,O3,4,0,0
4036,5922,1.7,116.0,0.0866,152.54736842105265,O3,4,0,0
4037,5923,2.0,118.0,0.0909,163.63684210526316,O3,4,0,0
4038,5924,2.3,125.0,0.099,184.5263157894737,O3,4,0,0
4039,5925,2.4,126.0,0.105,200.0,O3,4,0,0
4040,5926,2.2,135.0,0.1023,193.03684210526316,O3,4,0,0
4041,5927,2.6,140.0,0.1103,205.52872340425532,O3,5,0,0
4042,5928,4.0,163.0,0.1239,219.85212765957448,O3,5,0,0
4043,5929,5.2,178.0,0.1384,235.12340425531914,O3,5,0,0
4044,5930,3.9,160.0,0.1289,225.11808510638298,O3,5,0,0
4045,5931,3.8,166.0,0.118,213.63829787234042,O3,5,0,0
4046,5932,1.6,115.0,0.0855,103.64864864864865,NO2,3,0,0
4047,5933,1.5,107.0,0.0857,102.13513513513513,NO2,3,0,0
4048,5934,1.6,108.0,0.0811,136.35000000000002,O3,3,0,0
4049,5935,1.5,111.0,0.0794,130.39999999999998,O3,3,0,0
4050,5936,1.0,75.0,0.0612,73.36956521739131,NO2,2,0,0
4051,5938,1.3,88.0,0.0807,134.94999999999996,O3,3,0,0
4052,5939,1.0,71.0,0.0702,69.1086956521739,NO2,2,0,0
4053,5940,1.0,75.0,0.0753,116.05000000000003,O3,3,0,0
4054,5941,0.9,86.0,0.0709,85.08695652173913,NO2,2,0,0
4055,5942,2.1,124.0,0.1087,203.8436170212766,O3,5,0,0
4056,5943,2.1,128.0,0.1126,207.95106382978724,O3,5,0,0
4057,5944,3.1,164.0,0.1386,235.3340425531915,O3,5,0,0
4058,5945,3.8,199.0,0.1476,244.8127659574468,O3,5,0,0
4059,5946,3.7,192.0,0.1424,239.33617021276595,O3,5,0,0
4060,5947,3.6,166.0,0.131,227.32978723404256,O3,5,0,0
4061,5948,3.3,133.0,0.1114,206.6872340425532,O3,5,0,0
4062,5949,2.1,118.0,0.1029,194.58421052631581,O3,4,0,0
4063,5950,2.3,133.0,0.1101,205.318085106383,O3,5,0,0
4064,5951,2.1,128.0,0.104,197.42105263157896,O3,4,0,0
4065,5952,1.9,116.0,0.0856,103.83783783783784,NO2,3,0,0
4066,5953,1.9,118.0,0.0836,145.09999999999997,O3,3,0,0
4067,5954,2.3,142.0,0.0894,159.76842105263157,O3,4,0,0
4068,5955,1.7,113.0,0.0696,103.27027027027027,NO2,3,0,0
4069,5956,0.8,59.0,0.0524,56.32608695652174,NO2,2,1,1
4070,5957,0.8,52.0,0.0506,49.056603773584904,NO2,1,1,1
4071,5958,0.8,57.0,0.0453,54.19565217391305,NO2,2,0,1
4072,5959,0.8,58.0,0.0434,55.26086956521739,NO2,2,1,1
4073,5960,0.6,44.0,0.0373,41.509433962264154,NO2,1,1,1
4074,5962,0.3,26.0,0.0305,28.24074074074074,O3,1,1,1
4075,5963,0.3,20.0,0.0286,26.481481481481485,O3,1,1,1
4076,5964,0.2,17.0,0.0268,24.814814814814817,O3,1,1,1
4077,5965,0.2,21.0,0.0261,24.16666666666667,O3,1,1,1
4078,5966,0.3,29.0,0.0274,27.358490566037737,NO2,1,1,1
4079,5967,0.3,39.0,0.0291,36.79245283018868,NO2,1,1,1
4080,5968,0.4,41.0,0.0304,38.679245283018865,NO2,1,1,1
4081,5969,0.4,44.0,0.0301,41.509433962264154,NO2,1,1,1
4082,5970,0.6,54.0,0.0329,51.0,NO2,2,1,1
4083,5971,0.6,62.0,0.035,59.52173913043478,NO2,2,1,1
4084,5972,0.6,62.0,0.038,59.52173913043478,NO2,2,1,1
4085,5973,0.5,48.0,0.0356,45.283018867924525,NO2,1,1,1
4086,5974,0.6,59.0,0.0383,56.32608695652174,NO2,2,1,1
4087,5975,0.7,63.0,0.0429,60.58695652173913,NO2,2,1,1
4088,5976,1.4,78.0,0.0556,76.56521739130434,NO2,2,1,1
4089,5977,1.2,99.0,0.0537,98.93478260869566,NO2,2,0,1
4090,5978,1.1,106.0,0.0554,101.94594594594595,NO2,3,0,0
4091,5979,1.0,97.0,0.0518,96.80434782608697,NO2,2,1,1
4092,5980,0.6,67.0,0.0416,64.84782608695653,NO2,2,1,1
4093,5981,0.8,73.0,0.0433,71.23913043478261,NO2,2,0,1
4094,5982,0.6,62.0,0.0393,59.52173913043478,NO2,2,0,1
4095,5983,0.5,44.0,0.0353,41.509433962264154,NO2,1,1,1
4096,5984,0.3,31.0,0.0314,29.245283018867926,NO2,1,1,1
4097,5987,0.3,22.0,0.0302,27.962962962962965,O3,1,1,1
4098,5988,0.4,41.0,0.0348,38.679245283018865,NO2,1,1,1
4099,5989,0.7,94.0,0.0508,93.6086956521739,NO2,2,1,1
4100,5990,2.0,167.0,0.0936,170.60000000000002,O3,4,0,0
4101,5991,2.4,162.0,0.0944,172.66315789473686,O3,4,0,0
4102,5992,1.8,141.0,0.0843,147.54999999999998,O3,3,0,0
4103,5993,1.6,127.0,0.082,139.5,O3,3,0,0
4104,5994,1.7,116.0,0.0793,130.04999999999998,O3,3,0,0
4105,5995,1.8,104.0,0.0737,110.45000000000002,O3,3,0,0
4106,5996,1.7,111.0,0.0718,103.80000000000003,O3,3,0,0
4107,5997,1.7,114.0,0.0743,112.55000000000003,O3,3,0,0
4108,5998,1.7,121.0,0.0848,149.29999999999998,O3,3,0,0
4109,5999,2.6,164.0,0.0991,184.78421052631577,O3,4,0,0
4110,6000,4.0,194.0,0.1191,214.7968085106383,O3,5,0,0
4111,6001,3.8,175.0,0.1169,212.47978723404256,O3,5,0,0
4112,6002,4.0,180.0,0.1167,212.2691489361702,O3,5,0,0
4113,6003,2.4,147.0,0.0966,178.33684210526317,O3,4,0,0
4114,6004,1.4,112.0,0.0796,131.10000000000002,O3,3,0,0
4115,6005,1.3,94.0,0.0712,101.70000000000002,O3,3,0,0
4116,6006,1.3,91.0,0.0701,90.41304347826087,NO2,2,1,1
4117,6007,1.0,76.0,0.0591,74.43478260869566,NO2,2,1,1
4118,6008,0.8,73.0,0.0609,71.23913043478261,NO2,2,0,1
4119,6010,0.4,32.0,0.0391,36.20370370370371,O3,1,1,1
4120,6011,0.5,40.0,0.0395,37.735849056603776,NO2,1,1,1
4121,6012,0.5,63.0,0.051,60.58695652173913,NO2,2,1,1
4122,6013,0.9,119.0,0.0779,125.14999999999999,O3,3,0,0
4123,6014,3.5,202.0,0.1395,236.28191489361703,O3,5,0,0
4124,6015,5.2,222.0,0.1706,269.03617021276597,O3,5,0,0
4125,6016,4.3,212.0,0.1479,245.1287234042553,O3,5,0,0
4126,6017,3.5,219.0,0.1403,237.1244680851064,O3,5,0,0
4127,6018,2.6,189.0,0.1072,202.26382978723404,O3,5,0,0
4128,6019,2.5,147.0,0.0929,168.79473684210527,O3,4,0,0
4129,6020,2.8,161.0,0.1024,193.2947368421053,O3,4,0,0
4130,6021,2.2,148.0,0.101,189.6842105263158,O3,4,0,0
4131,6022,2.4,148.0,0.1046,198.96842105263158,O3,4,0,0
4132,6023,3.5,188.0,0.1264,222.48510638297873,O3,5,0,0
4133,6024,4.2,206.0,0.1365,233.12234042553192,O3,5,0,0
4134,6025,3.1,168.0,0.1281,224.2755319148936,O3,5,0,0
4135,6026,3.2,171.0,0.1463,243.44361702127662,O3,5,0,0
4136,6027,2.8,171.0,0.1388,235.54468085106384,O3,5,0,0
4137,6028,2.2,142.0,0.1195,215.21808510638297,O3,5,0,0
4138,6029,1.8,134.0,0.1111,206.3712765957447,O3,5,0,0
4139,6030,1.7,107.0,0.0992,185.0421052631579,O3,4,0,0
4140,6031,1.6,121.0,0.1019,192.00526315789477,O3,4,0,0
4141,6032,1.1,85.0,0.0828,142.29999999999998,O3,3,0,0
4142,6034,0.7,68.0,0.0699,99.67333333333332,O3,2,1,0
4143,6035,0.8,69.0,0.0719,104.15000000000003,O3,3,0,0
4144,6036,0.9,81.0,0.0761,118.85000000000001,O3,3,0,0
4145,6037,1.2,92.0,0.083,143.0,O3,3,0,0
4146,6038,3.3,200.0,0.1318,228.1723404255319,O3,5,0,0
4147,6039,3.8,201.0,0.1482,245.44468085106382,O3,5,0,0
4148,6040,3.2,213.0,0.1474,244.60212765957448,O3,5,0,0
4149,6042,3.2,187.0,0.1592,257.02978723404254,O3,5,0,0
4150,6043,4.2,205.0,0.1679,266.19255319148937,O3,5,0,0
4151,6044,4.3,212.0,0.167,265.24468085106383,O3,5,0,0
4152,6045,4.0,198.0,0.165,263.13829787234044,O3,5,0,0
4153,6046,4.1,171.0,0.1692,267.56170212765954,O3,5,0,0
4154,6047,7.8,272.0,0.2155,316.3244680851064,O3,6,0,0
4155,6048,10.2,192.0,0.2452,347.60425531914893,O3,6,0,0
4156,6049,6.6,288.0,0.2032,303.37021276595743,O3,6,0,0
4157,6050,4.3,254.0,0.1751,273.77553191489363,O3,5,0,0
4158,6051,4.9,267.0,0.1675,265.77127659574467,O3,5,0,0
4159,6052,2.6,198.0,0.1312,227.5404255319149,O3,5,0,0
4160,6053,2.3,145.0,0.1179,213.53297872340426,O3,5,0,0
4161,6054,2.7,167.0,0.1197,215.42872340425532,O3,5,0,0
4162,6055,2.2,127.0,0.0995,185.81578947368422,O3,4,0,0
4163,6056,2.0,119.0,0.0971,179.62631578947372,O3,4,0,0
4164,6058,1.2,84.0,0.0844,147.89999999999998,O3,3,0,0
4165,6059,1.1,89.0,0.0813,137.04999999999998,O3,3,0,0
4166,6060,1.4,122.0,0.1005,188.3947368421053,O3,4,0,0
4167,6061,2.1,162.0,0.117,212.58510638297872,O3,5,0,0
4168,6062,4.5,225.0,0.1533,250.8159574468085,O3,5,0,0
4169,6063,5.6,249.0,0.1783,277.14574468085107,O3,5,0,0
4170,6064,5.6,282.0,0.1818,280.831914893617,O3,5,0,0
4171,6065,4.7,278.0,0.1826,281.67446808510635,O3,5,0,0
4172,6066,4.2,251.0,0.1839,283.0436170212766,O3,5,0,0
4173,6067,3.6,208.0,0.1428,239.75744680851065,O3,5,0,0
4174,6068,3.2,187.0,0.1353,231.85851063829787,O3,5,0,0
4175,6069,3.1,182.0,0.1491,246.39255319148936,O3,5,0,0
4176,6070,3.8,212.0,0.1517,249.1308510638298,O3,5,0,0
4177,6071,3.9,174.0,0.1413,238.1776595744681,O3,5,0,0
4178,6072,4.6,220.0,0.1429,239.8627659574468,O3,5,0,0
4179,6073,4.9,214.0,0.1503,247.6563829787234,O3,5,0,0
4180,6074,5.4,212.0,0.1636,261.663829787234,O3,5,0,0
4181,6075,4.3,191.0,0.1687,267.0351063829787,O3,5,0,0
4182,6076,3.1,160.0,0.1405,237.33510638297872,O3,5,0,0
4183,6077,2.5,130.0,0.1199,215.63936170212767,O3,5,0,0
4184,6078,2.4,133.0,0.109,204.1595744680851,O3,5,0,0
4185,6079,1.9,110.0,0.0898,160.80000000000004,O3,4,0,0
4186,6080,1.3,65.0,0.0663,87.9133333333333,O3,2,1,1
4187,6082,1.1,41.0,0.0625,75.49999999999999,O3,2,0,1
4188,6083,0.9,36.0,0.0606,69.29333333333332,O3,2,1,1
4189,6084,1.0,45.0,0.0515,47.68518518518518,O3,1,1,1
4190,6085,1.6,98.0,0.0826,141.60000000000002,O3,3,0,0
4191,6086,4.8,194.0,0.1542,251.76382978723404,O3,5,0,0
4192,6087,5.9,191.0,0.1626,260.61063829787236,O3,5,0,0
4193,6088,5.6,193.0,0.1538,251.34255319148934,O3,5,0,0
4194,6089,3.5,231.0,0.1441,241.12659574468086,O3,5,0,0
4195,6090,2.8,202.0,0.1217,217.53510638297874,O3,5,0,0
4196,6091,3.6,188.0,0.132,228.38297872340425,O3,5,0,0
4197,6092,4.8,184.0,0.1368,233.43829787234043,O3,5,0,0
4198,6093,5.0,222.0,0.1199,215.63936170212767,O3,5,0,0
4199,6094,5.6,221.0,0.1375,234.1755319148936,O3,5,0,0
4200,6095,7.5,193.0,0.1682,266.5085106382978,O3,5,0,0
4201,6096,7.2,187.0,0.1761,274.8287234042553,O3,5,0,0
4202,6097,8.3,188.0,0.1883,287.67765957446807,O3,5,0,0
4203,6098,8.6,185.0,0.1855,284.72872340425533,O3,5,0,0
4204,6099,4.3,146.0,0.1078,202.89574468085107,O3,5,0,0
4205,6100,2.6,120.0,0.062,104.5945945945946,NO2,3,0,0
4206,6101,2.6,110.0,0.0645,102.70270270270271,NO2,3,0,0
4207,6102,2.7,121.0,0.0627,104.78378378378379,NO2,3,0,0
4208,6103,2.7,126.0,0.0645,105.72972972972973,NO2,3,0,0
4209,6104,2.6,117.0,0.0641,104.02702702702703,NO2,3,0,0
4210,6107,0.6,70.0,0.05,68.04347826086956,NO2,2,0,0
4211,6108,0.7,96.0,0.0628,95.73913043478261,NO2,2,1,0
4212,6109,1.2,136.0,0.104,197.42105263157896,O3,4,0,0
4213,6110,2.0,177.0,0.1159,211.42659574468087,O3,5,0,0
4214,6111,2.8,214.0,0.133,229.43617021276597,O3,5,0,0
4215,6112,2.9,243.0,0.1402,237.0191489361702,O3,5,0,0
4216,6113,2.2,192.0,0.1104,205.63404255319148,O3,5,0,0
4217,6114,1.6,149.0,0.0855,110.08108108108108,NO2,3,0,0
4218,6115,1.5,141.0,0.0862,151.51578947368424,O3,4,0,0
4219,6116,1.9,137.0,0.0973,180.1421052631579,O3,4,0,0
4220,6117,1.5,138.0,0.0936,170.60000000000002,O3,4,0,0
4221,6118,1.8,149.0,0.1009,189.4263157894737,O3,4,0,0
4222,6119,3.4,196.0,0.1475,244.7074468085106,O3,5,0,0
4223,6120,4.6,239.0,0.1765,275.25,O3,5,0,0
4224,6121,1.6,164.0,0.1329,229.33085106382978,O3,5,0,0
4225,6122,1.2,149.0,0.1262,222.27446808510638,O3,5,0,0
4226,6123,1.2,159.0,0.123,218.90425531914894,O3,5,0,0
4227,6124,0.9,149.0,0.1229,218.79893617021276,O3,5,0,0
4228,6125,0.7,133.0,0.1196,215.32340425531916,O3,5,0,0
4229,6126,2.5,216.0,0.1433,240.2840425531915,O3,5,0,0
4230,6127,1.5,196.0,0.1249,220.90531914893617,O3,5,0,0
4231,6128,0.5,120.0,0.0983,182.72105263157894,O3,4,0,0
4232,6130,0.5,101.0,0.0932,169.5684210526316,O3,4,0,0
4233,6131,0.1,75.0,0.077,122.0,O3,3,0,0
4234,6132,0.2,73.0,0.0788,128.29999999999998,O3,3,0,0
4235,6134,0.2,116.0,0.0879,155.90000000000003,O3,4,0,0
4236,6135,0.5,132.0,0.0924,167.50526315789475,O3,4,0,0
4237,6136,0.4,125.0,0.0964,177.82105263157897,O3,4,0,0
4238,6137,0.8,148.0,0.1055,109.89189189189189,NO2,3,0,0
4239,6138,1.5,186.0,0.1383,235.01808510638298,O3,5,0,0
4240,6139,1.9,193.0,0.1367,233.33297872340424,O3,5,0,0
4241,6140,1.1,174.0,0.112,207.31914893617022,O3,5,0,0
4242,6141,0.3,106.0,0.0775,123.75,O3,3,0,0
4243,6142,0.9,127.0,0.115,210.47872340425533,O3,5,0,0
4244,6143,2.1,172.0,0.1528,250.28936170212765,O3,5,0,0
4245,6144,2.4,179.0,0.1655,263.6648936170213,O3,5,0,0
4246,6145,1.6,150.0,0.1393,236.07127659574468,O3,5,0,0
4247,6146,1.1,147.0,0.1338,230.27872340425532,O3,5,0,0
4248,6147,1.3,163.0,0.1403,237.1244680851064,O3,5,0,0
4249,6148,0.8,145.0,0.1327,229.12021276595746,O3,5,0,0
4250,6149,1.0,186.0,0.1346,231.1212765957447,O3,5,0,0
4251,6150,0.3,116.0,0.1132,208.58297872340427,O3,5,0,0
4252,6151,1.0,145.0,0.1209,216.69255319148937,O3,5,0,0
4253,6152,0.4,122.0,0.1044,198.45263157894738,O3,4,0,0
4254,6156,0.1,108.0,0.0959,176.53157894736842,O3,4,0,0
4255,6157,0.4,149.0,0.1133,208.68829787234043,O3,5,0,0
4256,6158,2.4,232.0,0.1511,248.49893617021277,O3,5,0,0
4257,6159,3.1,215.0,0.2346,336.44042553191485,O3,6,0,0
4258,6160,3.1,218.0,0.2311,332.7542553191489,O3,6,0,0
4259,6161,2.7,239.0,0.1798,278.7255319148936,O3,5,0,0
4260,6162,2.3,224.0,0.175,273.67021276595744,O3,5,0,0
4261,6163,3.0,235.0,0.1863,285.5712765957447,O3,5,0,0
4262,6164,3.6,237.0,0.1883,287.67765957446807,O3,5,0,0
4263,6165,3.1,239.0,0.1851,284.30744680851063,O3,5,0,0
4264,6166,3.5,235.0,0.1919,291.4691489361702,O3,5,0,0
4265,6167,4.0,199.0,0.2078,308.2148936170213,O3,6,0,0
4266,6168,6.3,240.0,0.2434,345.70851063829787,O3,6,0,0
4267,6169,6.9,245.0,0.2515,354.23936170212767,O3,6,0,0
4268,6170,6.5,239.0,0.2522,354.9765957446808,O3,6,0,0
4269,6171,3.3,191.0,0.2334,335.17659574468087,O3,6,0,0
4270,6172,2.4,164.0,0.2199,320.95851063829787,O3,6,0,0
4271,6173,1.7,130.0,0.1861,285.3606382978723,O3,5,0,0
4272,6174,1.3,121.0,0.1751,273.77553191489363,O3,5,0,0
4273,6175,1.1,118.0,0.1652,263.34893617021277,O3,5,0,0
4274,6176,0.8,113.0,0.1455,242.60106382978722,O3,5,0,0
4275,6179,1.3,92.0,0.1126,207.95106382978724,O3,5,0,0
4276,6180,1.4,98.0,0.1158,211.32127659574468,O3,5,0,0
4277,6181,2.1,111.0,0.1237,219.64148936170213,O3,5,0,0
4278,6182,4.5,139.0,0.1696,267.98297872340424,O3,5,0,0
4279,6183,5.7,160.0,0.18,278.93617021276594,O3,5,0,0
4280,6184,6.6,183.0,0.1967,296.5244680851064,O3,5,0,0
4281,6185,5.0,185.0,0.1862,285.4659574468085,O3,5,0,0
4282,6186,5.3,198.0,0.2003,300.3159574468085,O3,6,0,0
4283,6187,5.4,201.0,0.2041,304.31808510638297,O3,6,0,0
4284,6188,7.3,233.0,0.2202,321.2744680851064,O3,6,0,0
4285,6189,5.1,202.0,0.1966,296.4191489361702,O3,5,0,0
4286,6190,5.3,186.0,0.203,303.1595744680851,O3,6,0,0
4287,6191,7.3,215.0,0.2201,321.1691489361702,O3,6,0,0
4288,6192,10.2,227.0,0.2386,340.6531914893617,O3,6,0,0
4289,6193,11.9,220.0,0.2342,336.01914893617015,O3,6,0,0
4290,6194,11.5,190.0,0.2237,324.9606382978723,O3,6,0,0
4291,6195,8.3,178.0,0.2025,302.6329787234043,O3,6,0,0
4292,6196,4.7,147.0,0.1853,284.51808510638296,O3,5,0,0
4293,6197,4.0,138.0,0.1817,280.7265957446808,O3,5,0,0
4294,6198,3.9,135.0,0.1704,268.8255319148936,O3,5,0,0
4295,6199,2.8,123.0,0.1463,243.44361702127662,O3,5,0,0
4296,6200,2.3,106.0,0.1299,226.17127659574467,O3,5,0,0
4297,6202,1.4,81.0,0.1019,192.00526315789477,O3,4,0,0
4298,6203,1.0,66.0,0.0867,152.80526315789476,O3,4,0,0
4299,6204,1.0,64.0,0.0911,164.1526315789474,O3,4,0,0
4300,6205,1.8,86.0,0.1106,205.84468085106383,O3,5,0,0
4301,6206,3.8,114.0,0.1479,245.1287234042553,O3,5,0,0
4302,6207,4.2,115.0,0.1568,254.50212765957446,O3,5,0,0
4303,6208,3.6,110.0,0.153,250.5,O3,5,0,0
4304,6209,3.3,116.0,0.1582,255.97659574468085,O3,5,0,0
4305,6210,2.0,162.0,0.1235,219.43085106382978,O3,5,0,0
4306,6211,2.0,104.0,0.1195,215.21808510638297,O3,5,0,0
4307,6212,2.9,129.0,0.1471,244.28617021276597,O3,5,0,0
4308,6213,2.7,146.0,0.1582,255.97659574468085,O3,5,0,0
4309,6214,3.4,160.0,0.1671,265.35,O3,5,0,0
4310,6215,4.5,169.0,0.1711,269.5627659574468,O3,5,0,0
4311,6216,6.1,167.0,0.1852,284.4127659574468,O3,5,0,0
4312,6217,6.8,166.0,0.1902,289.6787234042553,O3,5,0,0
4313,6218,8.4,181.0,0.1961,295.89255319148936,O3,5,0,0
4314,6219,5.3,144.0,0.1689,267.24574468085103,O3,5,0,0
4315,6220,4.5,141.0,0.158,255.7659574468085,O3,5,0,0
4316,6221,4.1,123.0,0.1428,239.75744680851065,O3,5,0,0
4317,6222,4.0,121.0,0.1434,240.38936170212764,O3,5,0,0
4318,6223,4.0,114.0,0.1389,235.64999999999998,O3,5,0,0
4319,6224,3.0,93.0,0.113,208.37234042553192,O3,5,0,0
4320,6226,2.2,89.0,0.1025,193.55263157894737,O3,4,0,0
4321,6227,2.2,94.0,0.105,200.0,O3,4,0,0
4322,6228,2.0,93.0,0.1038,196.90526315789475,O3,4,0,0
4323,6229,2.2,100.0,0.108,203.10638297872342,O3,5,0,0
4324,6230,4.0,127.0,0.1411,237.96702127659574,O3,5,0,0
4325,6231,4.8,137.0,0.1549,252.50106382978726,O3,5,0,0
4326,6232,4.6,190.0,0.1659,264.0861702127659,O3,5,0,0
4327,6233,2.8,171.0,0.1434,240.38936170212764,O3,5,0,0
4328,6234,2.1,127.0,0.131,227.32978723404256,O3,5,0,0
4329,6235,2.0,109.0,0.1227,218.58829787234043,O3,5,0,0
4330,6236,2.5,126.0,0.1261,222.1691489361702,O3,5,0,0
4331,6237,2.5,136.0,0.1261,222.1691489361702,O3,5,0,0
4332,6238,2.8,156.0,0.1345,231.01595744680853,O3,5,0,0
4333,6239,4.0,187.0,0.1608,258.7148936170213,O3,5,0,0
4334,6240,4.5,173.0,0.1653,263.45425531914896,O3,5,0,0
4335,6241,3.1,137.0,0.1442,241.23191489361702,O3,5,0,0
4336,6242,2.6,122.0,0.1421,239.02021276595747,O3,5,0,0
4337,6243,2.6,129.0,0.1329,229.33085106382978,O3,5,0,0
4338,6244,2.0,110.0,0.1212,217.00851063829788,O3,5,0,0
4339,6245,1.8,102.0,0.1179,213.53297872340426,O3,5,0,0
4340,6246,2.5,114.0,0.1231,219.0095744680851,O3,5,0,0
4341,6247,2.3,117.0,0.1214,217.2191489361702,O3,5,0,0
4342,6248,2.1,98.0,0.1134,208.7936170212766,O3,5,0,0
4343,6251,1.2,77.0,0.0897,160.5421052631579,O3,4,0,0
4344,6252,1.0,75.0,0.0885,157.44736842105263,O3,4,0,0
4345,6253,1.7,95.0,0.1059,94.67391304347827,NO2,2,1,0
4346,6254,4.3,137.0,0.1567,254.3968085106383,O3,5,0,0
4347,6255,5.8,149.0,0.1727,271.2478723404255,O3,5,0,0
4348,6256,5.6,197.0,0.2021,302.2117021276596,O3,6,0,0
4349,6257,4.0,183.0,0.1795,278.4095744680851,O3,5,0,0
4350,6258,4.0,179.0,0.1852,284.4127659574468,O3,5,0,0
4351,6259,4.9,196.0,0.1943,293.9968085106383,O3,5,0,0
4352,6260,5.6,208.0,0.2058,306.10851063829784,O3,6,0,0
4353,6261,5.1,203.0,0.1972,297.0510638297872,O3,5,0,0
4354,6262,6.2,213.0,0.2098,310.3212765957446,O3,6,0,0
4355,6263,7.7,233.0,0.2244,325.69787234042553,O3,6,0,0
4356,6264,10.1,255.0,0.2465,348.9734042553191,O3,6,0,0
4357,6265,6.4,170.0,0.2096,310.11063829787236,O3,6,0,0
4358,6266,7.7,167.0,0.219,320.01063829787233,O3,6,0,0
4359,6267,8.1,205.0,0.2234,324.6446808510638,O3,6,0,0
4360,6268,4.7,170.0,0.2048,305.0553191489362,O3,6,0,0
4361,6269,4.3,154.0,0.2044,304.6340425531915,O3,6,0,0
4362,6270,4.1,143.0,0.1881,287.46702127659574,O3,5,0,0
4363,6271,4.2,140.0,0.1774,276.19787234042553,O3,5,0,0
4364,6272,3.8,122.0,0.1615,259.45212765957444,O3,5,0,0
4365,6274,2.4,103.0,0.138,234.70212765957447,O3,5,0,0
4366,6275,2.0,97.0,0.1251,221.1159574468085,O3,5,0,0
4367,6276,1.7,99.0,0.1173,212.90106382978723,O3,5,0,0
4368,6277,2.1,110.0,0.1217,217.53510638297874,O3,5,0,0
4369,6278,2.5,110.0,0.1193,215.00744680851065,O3,5,0,0
4370,6279,3.8,121.0,0.1358,232.38510638297873,O3,5,0,0
4371,6280,3.9,122.0,0.1481,245.33936170212766,O3,5,0,0
4372,6281,4.2,136.0,0.1532,250.71063829787235,O3,5,0,0
4373,6282,4.0,170.0,0.1675,265.77127659574467,O3,5,0,0
4374,6283,4.4,156.0,0.1709,269.3521276595745,O3,5,0,0
4375,6284,4.7,158.0,0.1743,272.9329787234043,O3,5,0,0
4376,6285,4.6,174.0,0.1774,276.19787234042553,O3,5,0,0
4377,6286,4.8,187.0,0.1804,279.35744680851064,O3,5,0,0
4378,6287,4.5,147.0,0.1555,253.13297872340425,O3,5,0,0
4379,6288,5.6,136.0,0.1621,260.08404255319147,O3,5,0,0
4380,6289,4.9,134.0,0.1614,259.3468085106383,O3,5,0,0
4381,6290,5.3,126.0,0.1637,261.7691489361702,O3,5,0,0
4382,6291,4.6,130.0,0.1485,245.76063829787233,O3,5,0,0
4383,6292,2.4,98.0,0.128,224.17021276595744,O3,5,0,0
4384,6293,2.7,89.0,0.1236,219.53617021276597,O3,5,0,0
4385,6294,2.5,88.0,0.1204,216.1659574468085,O3,5,0,0
4386,6295,2.3,86.0,0.1069,201.94787234042553,O3,5,0,0
4387,6297,1.3,70.0,0.0828,142.29999999999998,O3,3,0,0
4388,6298,1.0,55.0,0.0748,114.30000000000003,O3,3,0,0
4389,6299,0.9,45.0,0.0663,87.9133333333333,O3,2,1,0
4390,6300,0.7,44.0,0.0644,81.70666666666665,O3,2,1,0
4391,6301,0.8,50.0,0.0662,87.58666666666663,O3,2,0,0
4392,6302,1.0,74.0,0.0736,110.10000000000001,O3,3,0,0
4393,6303,1.1,81.0,0.0761,118.85000000000001,O3,3,0,0
4394,6304,0.8,65.0,0.0696,98.6933333333333,O3,2,1,0
4395,6305,1.4,76.0,0.0871,153.83684210526317,O3,4,0,0
4396,6306,2.2,110.0,0.1004,188.13684210526318,O3,4,0,0
4397,6307,2.7,124.0,0.1133,208.68829787234043,O3,5,0,0
4398,6308,2.3,120.0,0.114,209.4255319148936,O3,5,0,0
4399,6309,1.9,99.0,0.0999,186.84736842105264,O3,4,0,0
4400,6310,2.7,117.0,0.1124,207.7404255319149,O3,5,0,0
4401,6311,3.2,132.0,0.1193,215.00744680851065,O3,5,0,0
4402,6312,3.2,113.0,0.1258,221.8531914893617,O3,5,0,0
4403,6313,3.5,117.0,0.1356,232.17446808510638,O3,5,0,0
4404,6314,4.5,127.0,0.1468,243.97021276595746,O3,5,0,0
4405,6315,4.1,132.0,0.139,235.75531914893617,O3,5,0,0
4406,6316,3.3,121.0,0.1348,231.331914893617,O3,5,0,0
4407,6317,3.1,122.0,0.1355,232.06914893617022,O3,5,0,0
4408,6318,3.0,113.0,0.1315,227.85638297872342,O3,5,0,0
4409,6319,2.3,99.0,0.1183,213.95425531914893,O3,5,0,0
4410,6320,2.3,86.0,0.1117,207.0031914893617,O3,5,0,0
4411,6322,1.5,66.0,0.0925,167.76315789473685,O3,4,0,0
4412,6323,1.3,67.0,0.094,171.63157894736844,O3,4,0,0
4413,6324,1.4,78.0,0.0956,175.75789473684213,O3,4,0,0
4414,6325,2.0,90.0,0.1064,201.42127659574467,O3,5,0,0
4415,6326,4.2,120.0,0.1515,248.92021276595744,O3,5,0,0
4416,6327,5.9,139.0,0.1803,279.25212765957446,O3,5,0,0
4417,6328,6.3,172.0,0.1927,292.3117021276596,O3,5,0,0
4418,6329,6.6,232.0,0.2197,320.74787234042554,O3,6,0,0
4419,6330,5.0,168.0,0.2038,304.00212765957446,O3,6,0,0
4420,6331,2.5,120.0,0.1339,230.38404255319148,O3,5,0,0
4421,6332,2.6,121.0,0.1328,229.22553191489362,O3,5,0,0
4422,6333,1.9,117.0,0.1227,218.58829787234043,O3,5,0,0
4423,6334,2.3,121.0,0.1199,215.63936170212767,O3,5,0,0
4424,6335,1.9,107.0,0.1046,198.96842105263158,O3,4,0,0
4425,6336,2.3,115.0,0.1132,208.58297872340427,O3,5,0,0
4426,6337,1.8,94.0,0.0986,183.49473684210525,O3,4,0,0
4427,6338,1.9,98.0,0.0991,184.78421052631577,O3,4,0,0
4428,6339,1.4,87.0,0.0847,148.94999999999996,O3,3,0,0
4429,6340,1.2,78.0,0.0783,126.54999999999998,O3,3,0,0
4430,6341,1.0,69.0,0.0752,115.70000000000002,O3,3,0,0
4431,6342,1.2,67.0,0.0737,110.45000000000002,O3,3,0,0
4432,6343,1.4,81.0,0.0796,131.10000000000002,O3,3,0,0
4433,6344,1.2,75.0,0.0765,120.25,O3,3,0,0
4434,6346,0.6,42.0,0.0539,49.90740740740741,O3,1,1,1
4435,6347,0.6,38.0,0.0483,44.72222222222223,O3,1,0,1
4436,6348,0.7,64.0,0.0537,61.65217391304348,NO2,2,1,1
4437,6349,1.1,86.0,0.0707,85.08695652173913,NO2,2,1,1
4438,6350,2.5,127.0,0.107,202.0531914893617,O3,5,0,0
4439,6351,3.6,122.0,0.1248,220.79999999999998,O3,5,0,0
4440,6352,3.6,141.0,0.1261,222.1691489361702,O3,5,0,0
4441,6353,3.3,139.0,0.1209,216.69255319148937,O3,5,0,0
4442,6354,2.0,105.0,0.1039,197.16315789473686,O3,4,0,0
4443,6355,1.9,103.0,0.0977,181.17368421052632,O3,4,0,0
4444,6356,2.2,108.0,0.0976,180.91578947368424,O3,4,0,0
4445,6357,2.2,109.0,0.0995,185.81578947368422,O3,4,0,0
4446,6358,3.8,149.0,0.135,231.54255319148936,O3,5,0,0
4447,6359,3.5,143.0,0.1215,217.3244680851064,O3,5,0,0
4448,6360,5.2,159.0,0.1461,243.23297872340424,O3,5,0,0
4449,6361,6.3,178.0,0.1598,257.66170212765957,O3,5,0,0
4450,6362,6.8,168.0,0.1669,265.13936170212764,O3,5,0,0
4451,6363,4.1,160.0,0.1223,218.16702127659576,O3,5,0,0
4452,6364,2.3,117.0,0.0939,171.37368421052633,O3,4,0,0
4453,6365,1.9,113.0,0.0902,161.83157894736843,O3,4,0,0
4454,6366,2.2,113.0,0.0933,169.82631578947368,O3,4,0,0
4455,6367,1.3,94.0,0.0766,120.60000000000001,O3,3,0,0
4456,6368,1.2,76.0,0.0749,114.64999999999999,O3,3,0,0
4457,6371,0.6,63.0,0.0757,117.45000000000002,O3,3,0,0
4458,6372,0.9,74.0,0.0792,129.70000000000002,O3,3,0,0
4459,6373,1.4,96.0,0.0921,166.73157894736843,O3,4,0,0
4460,6374,3.4,121.0,0.1318,228.1723404255319,O3,5,0,0
4461,6375,5.0,145.0,0.1547,252.29042553191488,O3,5,0,0
4462,6376,4.7,158.0,0.1516,249.02553191489363,O3,5,0,0
4463,6377,3.2,143.0,0.134,230.48936170212767,O3,5,0,0
4464,6378,3.5,182.0,0.1556,253.2382978723404,O3,5,0,0
4465,6379,4.0,163.0,0.1582,255.97659574468085,O3,5,0,0
4466,6380,5.7,178.0,0.1791,277.9882978723404,O3,5,0,0
4467,6381,5.0,162.0,0.1631,261.1372340425532,O3,5,0,0
4468,6382,5.6,171.0,0.1679,266.19255319148937,O3,5,0,0
4469,6383,6.2,174.0,0.1681,266.4031914893617,O3,5,0,0
4470,6384,7.5,185.0,0.1718,270.3,O3,5,0,0
4471,6385,3.0,126.0,0.1193,215.00744680851065,O3,5,0,0
4472,6386,2.6,113.0,0.1044,198.45263157894738,O3,4,0,0
4473,6387,2.1,111.0,0.0925,167.76315789473685,O3,4,0,0
4474,6388,1.8,107.0,0.0889,158.47894736842107,O3,4,0,0
4475,6389,2.0,107.0,0.0929,168.79473684210527,O3,4,0,0
4476,6390,2.2,102.0,0.0958,176.2736842105263,O3,4,0,0
4477,6391,1.9,96.0,0.0844,147.89999999999998,O3,3,0,0
4478,6392,1.6,86.0,0.083,143.0,O3,3,0,0
4479,6394,0.9,70.0,0.0743,112.55000000000003,O3,3,0,0
4480,6395,0.7,59.0,0.0711,101.35000000000001,O3,3,0,0
4481,6396,0.9,74.0,0.0819,139.14999999999998,O3,3,0,0
4482,6397,1.4,89.0,0.0981,182.20526315789476,O3,4,0,0
4483,6398,4.2,131.0,0.148,245.23404255319147,O3,5,0,0
4484,6399,5.0,139.0,0.1691,267.4563829787234,O3,5,0,0
4485,6400,4.4,145.0,0.1548,252.39574468085107,O3,5,0,0
4486,6401,3.4,137.0,0.1523,249.7627659574468,O3,5,0,0
4487,6402,2.8,128.0,0.1406,237.4404255319149,O3,5,0,0
4488,6403,3.4,128.0,0.1476,244.8127659574468,O3,5,0,0
4489,6404,2.9,123.0,0.1481,245.33936170212766,O3,5,0,0
4490,6405,3.9,136.0,0.1534,250.9212765957447,O3,5,0,0
4491,6406,4.0,137.0,0.1592,257.02978723404254,O3,5,0,0
4492,6407,4.9,151.0,0.1688,267.1404255319149,O3,5,0,0
4493,6408,7.7,171.0,0.194,293.6808510638298,O3,5,0,0
4494,6409,9.4,171.0,0.2069,307.26702127659576,O3,6,0,0
4495,6410,7.8,161.0,0.1943,293.9968085106383,O3,5,0,0
4496,6411,6.6,154.0,0.1846,283.7808510638298,O3,5,0,0
4497,6412,4.7,127.0,0.1611,259.0308510638298,O3,5,0,0
4498,6413,4.8,115.0,0.1487,245.97127659574468,O3,5,0,0
4499,6414,3.2,102.0,0.1208,216.5872340425532,O3,5,0,0
4500,6415,2.6,100.0,0.1043,198.19473684210527,O3,4,0,0
4501,6416,2.1,86.0,0.0979,181.68947368421055,O3,4,0,0
4502,6418,1.1,80.0,0.0768,121.29999999999998,O3,3,0,0
4503,6419,0.7,74.0,0.072,104.5,O3,3,0,0
4504,6420,0.9,82.0,0.0785,127.25,O3,3,0,0
4505,6421,1.5,96.0,0.0903,162.08947368421056,O3,4,0,0
4506,6422,3.8,124.0,0.1389,235.64999999999998,O3,5,0,0
4507,6423,6.0,142.0,0.1649,263.03297872340426,O3,5,0,0
4508,6424,5.1,154.0,0.1621,260.08404255319147,O3,5,0,0
4509,6425,3.6,144.0,0.1362,232.80638297872338,O3,5,0,0
4510,6426,3.0,144.0,0.1624,260.4,O3,5,0,0
4511,6427,3.1,139.0,0.1605,258.3989361702128,O3,5,0,0
4512,6428,3.3,138.0,0.1608,258.7148936170213,O3,5,0,0
4513,6429,3.4,134.0,0.1522,249.65744680851063,O3,5,0,0
4514,6430,4.6,150.0,0.1708,269.2468085106383,O3,5,0,0
4515,6431,6.9,173.0,0.1885,287.88829787234044,O3,5,0,0
4516,6432,5.1,134.0,0.1657,263.8755319148936,O3,5,0,0
4517,6433,4.9,128.0,0.1645,262.61170212765956,O3,5,0,0
4518,6434,6.1,132.0,0.1729,271.45851063829787,O3,5,0,0
4519,6435,6.2,134.0,0.1556,253.2382978723404,O3,5,0,0
4520,6436,3.0,107.0,0.1317,228.06702127659577,O3,5,0,0
4521,6437,3.4,101.0,0.129,225.22340425531917,O3,5,0,0
4522,6438,3.5,94.0,0.1287,224.90744680851066,O3,5,0,0
4523,6439,3.2,99.0,0.1235,219.43085106382978,O3,5,0,0
4524,6440,2.9,90.0,0.1144,209.8468085106383,O3,5,0,0
4525,6443,1.7,71.0,0.0972,179.8842105263158,O3,4,0,0
4526,6444,1.7,66.0,0.0968,178.85263157894738,O3,4,0,0
4527,6445,1.3,70.0,0.0954,175.2421052631579,O3,4,0,0
4528,6446,2.8,90.0,0.1201,215.85,O3,5,0,0
4529,6447,2.5,102.0,0.1017,191.48947368421054,O3,4,0,0
4530,6448,2.7,102.0,0.1039,197.16315789473686,O3,4,0,0
4531,6449,1.5,94.0,0.0911,164.1526315789474,O3,4,0,0
4532,6450,2.6,122.0,0.1059,104.97297297297297,NO2,3,0,0
4533,6451,3.1,124.0,0.1213,217.11382978723404,O3,5,0,0
4534,6452,2.5,103.0,0.1003,187.87894736842105,O3,4,0,0
4535,6453,2.6,115.0,0.1017,191.48947368421054,O3,4,0,0
4536,6454,2.5,107.0,0.0937,170.85789473684213,O3,4,0,0
4537,6455,2.3,120.0,0.0987,183.75263157894736,O3,4,0,0
4538,6456,3.1,120.0,0.1131,208.4776595744681,O3,5,0,0
4539,6457,1.9,108.0,0.0969,179.11052631578949,O3,4,0,0
4540,6458,2.5,115.0,0.1062,201.21063829787235,O3,5,0,0
4541,6459,3.1,124.0,0.1058,105.35135135135135,NO2,3,0,0
4542,6460,2.0,109.0,0.0959,176.53157894736842,O3,4,0,0
4543,6461,1.9,93.0,0.0887,157.96315789473687,O3,4,0,0
4544,6462,2.4,103.0,0.0911,164.1526315789474,O3,4,0,0
4545,6463,2.0,106.0,0.0914,164.92631578947368,O3,4,0,0
4546,6464,1.2,96.0,0.0786,127.60000000000001,O3,3,0,0
4547,6466,1.0,81.0,0.0727,106.95000000000002,O3,3,0,0
4548,6467,0.8,70.0,0.0686,95.42666666666662,O3,2,1,0
4549,6468,0.6,60.0,0.0648,83.0133333333333,O3,2,1,0
4550,6469,0.7,63.0,0.0645,82.03333333333333,O3,2,1,0
4551,6470,0.8,68.0,0.0679,93.13999999999999,O3,2,0,0
4552,6471,0.9,68.0,0.0696,98.6933333333333,O3,2,1,0
4553,6472,1.0,66.0,0.0735,109.75,O3,3,0,0
4554,6473,1.3,72.0,0.0803,133.54999999999998,O3,3,0,0
4555,6474,1.7,81.0,0.0848,149.29999999999998,O3,3,0,0
4556,6475,2.4,89.0,0.0882,156.67368421052635,O3,4,0,0
4557,6476,1.7,85.0,0.0812,136.69999999999996,O3,3,0,0
4558,6477,1.8,86.0,0.0889,158.47894736842107,O3,4,0,0
4559,6478,1.5,83.0,0.0749,114.64999999999999,O3,3,0,0
4560,6479,1.1,77.0,0.0682,94.11999999999998,O3,2,1,0
4561,6480,2.4,93.0,0.0922,166.98947368421057,O3,4,0,0
4562,6481,2.0,103.0,0.0833,144.04999999999998,O3,3,0,0
4563,6482,1.5,90.0,0.0808,135.29999999999998,O3,3,0,0
4564,6483,1.7,93.0,0.079,129.0,O3,3,0,0
4565,6484,1.0,72.0,0.0685,95.1,O3,2,0,0
4566,6485,1.0,73.0,0.0706,71.23913043478261,NO2,2,0,0
4567,6486,1.0,64.0,0.0636,79.09333333333333,O3,2,0,0
4568,6487,0.9,66.0,0.0678,92.8133333333333,O3,2,0,0
4569,6488,1.1,71.0,0.0714,102.40000000000003,O3,3,0,0
4570,6490,0.6,54.0,0.0646,82.36,O3,2,1,0
4571,6491,0.7,58.0,0.0685,95.1,O3,2,1,0
4572,6492,0.9,72.0,0.075,115.0,O3,3,0,0
4573,6493,1.3,89.0,0.0878,155.64210526315793,O3,4,0,0
4574,6494,3.1,112.0,0.1238,219.7468085106383,O3,5,0,0
4575,6495,4.9,131.0,0.1572,254.92340425531916,O3,5,0,0
4576,6496,4.7,161.0,0.1488,246.07659574468084,O3,5,0,0
4577,6497,3.2,135.0,0.1424,239.33617021276595,O3,5,0,0
4578,6498,2.5,119.0,0.1338,230.27872340425532,O3,5,0,0
4579,6499,3.8,144.0,0.1559,253.55425531914895,O3,5,0,0
4580,6500,3.3,130.0,0.1415,238.38829787234042,O3,5,0,0
4581,6501,2.5,109.0,0.1331,229.54148936170213,O3,5,0,0
4582,6502,2.7,114.0,0.1315,227.85638297872342,O3,5,0,0
4583,6503,2.9,115.0,0.1289,225.11808510638298,O3,5,0,0
4584,6504,3.1,123.0,0.1389,235.64999999999998,O3,5,0,0
4585,6505,4.0,138.0,0.1351,231.64787234042552,O3,5,0,0
4586,6506,3.1,123.0,0.1267,222.80106382978724,O3,5,0,0
4587,6507,2.7,112.0,0.1279,224.06489361702128,O3,5,0,0
4588,6508,1.7,87.0,0.1071,202.15851063829788,O3,5,0,0
4589,6509,1.5,79.0,0.0994,185.55789473684212,O3,4,0,0
4590,6510,1.4,74.0,0.0956,175.75789473684213,O3,4,0,0
4591,6511,1.4,75.0,0.0936,170.60000000000002,O3,4,0,0
4592,6512,1.1,70.0,0.0826,141.60000000000002,O3,3,0,0
4593,6515,0.6,63.0,0.074,111.5,O3,3,0,0
4594,6516,0.8,67.0,0.0783,126.54999999999998,O3,3,0,0
4595,6517,1.0,71.0,0.0891,158.99473684210528,O3,4,0,0
4596,6518,2.8,98.0,0.1197,215.42872340425532,O3,5,0,0
4597,6519,3.4,114.0,0.1311,227.43510638297872,O3,5,0,0
4598,6520,3.3,130.0,0.1472,244.39148936170213,O3,5,0,0
4599,6521,4.1,155.0,0.1694,267.7723404255319,O3,5,0,0
4600,6522,3.5,141.0,0.1639,261.97978723404253,O3,5,0,0
4601,6523,3.0,118.0,0.1469,244.07553191489362,O3,5,0,0
4602,6524,3.6,134.0,0.1415,238.38829787234042,O3,5,0,0
4603,6525,3.0,123.0,0.125,221.01063829787233,O3,5,0,0
4604,6526,2.6,117.0,0.1236,219.53617021276597,O3,5,0,0
4605,6527,2.6,110.0,0.1212,217.00851063829788,O3,5,0,0
4606,6528,3.1,115.0,0.1212,217.00851063829788,O3,5,0,0
4607,6529,3.2,116.0,0.1195,215.21808510638297,O3,5,0,0
4608,6530,2.4,99.0,0.12,215.74468085106383,O3,5,0,0
4609,6531,2.6,115.0,0.1209,216.69255319148937,O3,5,0,0
4610,6532,2.4,104.0,0.1276,223.74893617021274,O3,5,0,0
4611,6533,1.8,92.0,0.1132,208.58297872340427,O3,5,0,0
4612,6534,1.7,84.0,0.1061,201.10531914893616,O3,5,0,0
4613,6535,1.9,81.0,0.1036,196.38947368421054,O3,4,0,0
4614,6536,1.4,77.0,0.0911,164.1526315789474,O3,4,0,0
4615,6538,1.7,75.0,0.1033,195.61578947368423,O3,4,0,0
4616,6539,1.0,69.0,0.0816,138.10000000000002,O3,3,0,0
4617,6540,0.9,67.0,0.0822,140.19999999999996,O3,3,0,0
4618,6541,1.0,68.0,0.0841,146.84999999999997,O3,3,0,0
4619,6542,1.0,68.0,0.0795,130.75,O3,3,0,0
4620,6543,1.1,69.0,0.0831,143.34999999999997,O3,3,0,0
4621,6544,1.7,81.0,0.1025,193.55263157894737,O3,4,0,0
4622,6545,2.3,95.0,0.1178,213.4276595744681,O3,5,0,0
4623,6546,2.1,92.0,0.1181,213.7436170212766,O3,5,0,0
4624,6547,2.7,113.0,0.125,221.01063829787233,O3,5,0,0
4625,6548,2.3,98.0,0.1039,197.16315789473686,O3,4,0,0
4626,6549,1.2,82.0,0.0899,161.05789473684212,O3,4,0,0
4627,6550,1.4,96.0,0.1019,192.00526315789477,O3,4,0,0
4628,6551,1.9,107.0,0.1057,102.13513513513513,NO2,3,0,0
4629,6552,2.6,119.0,0.1229,218.79893617021276,O3,5,0,0
4630,6553,2.4,114.0,0.1135,208.89893617021278,O3,5,0,0
4631,6554,3.5,127.0,0.1188,214.4808510638298,O3,5,0,0
4632,6555,3.5,121.0,0.106,201.0,O3,5,0,0
4633,6556,2.2,109.0,0.0962,177.30526315789473,O3,4,0,0
4634,6557,2.3,107.0,0.0939,171.37368421052633,O3,4,0,0
4635,6558,1.9,100.0,0.0864,152.03157894736844,O3,4,0,0
4636,6559,1.0,83.0,0.0741,111.85000000000001,O3,3,0,0
4637,6560,0.8,66.0,0.0642,81.0533333333333,O3,2,1,1
4638,6562,0.4,30.0,0.0449,41.574074074074076,O3,1,1,1
4639,6563,0.4,29.0,0.0437,40.46296296296297,O3,1,1,1
4640,6564,0.4,41.0,0.0457,42.31481481481482,O3,1,1,1
4641,6565,0.6,63.0,0.0512,60.58695652173913,NO2,2,1,1
4642,6566,1.9,114.0,0.0931,169.3105263157895,O3,4,0,0
4643,6567,2.0,114.0,0.0905,162.60526315789474,O3,4,0,0
4644,6568,1.4,102.0,0.079,129.0,O3,3,0,0
4645,6569,1.4,101.0,0.085,150.0,O3,3,0,0
4646,6570,1.5,103.0,0.087,153.57894736842104,O3,4,0,0
4647,6571,1.6,100.0,0.0842,147.19999999999996,O3,3,0,0
4648,6572,1.8,95.0,0.0886,157.70526315789476,O3,4,0,0
4649,6573,1.4,99.0,0.0801,132.85000000000002,O3,3,0,0
4650,6574,1.7,102.0,0.0895,160.0263157894737,O3,4,0,0
4651,6575,1.7,105.0,0.0827,141.94999999999996,O3,3,0,0
4652,6576,2.3,118.0,0.0972,179.8842105263158,O3,4,0,0
4653,6577,3.2,135.0,0.1079,203.00106382978723,O3,5,0,0
4654,6578,2.6,124.0,0.0964,177.82105263157897,O3,4,0,0
4655,6579,1.6,100.0,0.0743,112.55000000000003,O3,3,0,0
4656,6580,0.8,66.0,0.0517,63.78260869565217,NO2,2,0,1
4657,6581,0.7,57.0,0.0468,54.19565217391305,NO2,2,1,1
4658,6582,0.6,58.0,0.0461,55.26086956521739,NO2,2,0,1
4659,6583,0.7,59.0,0.0483,56.32608695652174,NO2,2,0,1
4660,6584,0.7,60.0,0.0482,57.391304347826086,NO2,2,1,1
4661,6587,0.3,27.0,0.0324,30.0,O3,1,1,1
4662,6588,0.4,39.0,0.0378,36.79245283018868,NO2,1,1,1
4663,6589,0.5,63.0,0.048,60.58695652173913,NO2,2,0,1
4664,6590,1.4,110.0,0.0822,140.19999999999996,O3,3,0,0
4665,6591,2.4,128.0,0.106,201.0,O3,5,0,0
4666,6592,1.8,122.0,0.0916,165.4421052631579,O3,4,0,0
4667,6593,1.5,111.0,0.0844,147.89999999999998,O3,3,0,0
4668,6594,1.5,110.0,0.0807,134.94999999999996,O3,3,0,0
4669,6595,1.8,114.0,0.0853,103.45945945945945,NO2,3,0,0
4670,6596,2.1,114.0,0.0884,157.18947368421055,O3,4,0,0
4671,6597,1.7,111.0,0.0834,144.39999999999998,O3,3,0,0
4672,6598,2.3,116.0,0.0893,159.5105263157895,O3,4,0,0
4673,6599,2.9,148.0,0.1037,196.64736842105265,O3,4,0,0
4674,6600,4.0,177.0,0.1244,220.3787234042553,O3,5,0,0
4675,6601,4.2,164.0,0.1269,223.0117021276596,O3,5,0,0
4676,6602,3.5,151.0,0.1125,207.84574468085106,O3,5,0,0
4677,6603,2.6,147.0,0.0946,173.17894736842106,O3,4,0,0
4678,6604,1.3,110.0,0.0751,115.35000000000001,O3,3,0,0
4679,6605,1.0,99.0,0.067,98.93478260869566,NO2,2,1,0
4680,6606,1.6,116.0,0.0754,116.39999999999999,O3,3,0,0
4681,6607,1.6,121.0,0.0781,125.85000000000001,O3,3,0,0
4682,6608,1.1,103.0,0.0842,147.19999999999996,O3,3,0,0
4683,6610,0.8,83.0,0.0746,113.60000000000001,O3,3,0,0
4684,6611,0.8,76.0,0.0754,116.39999999999999,O3,3,0,0
4685,6612,1.0,107.0,0.0905,162.60526315789474,O3,4,0,0
4686,6613,1.2,106.0,0.096,176.78947368421055,O3,4,0,0
4687,6614,1.7,124.0,0.108,203.10638297872342,O3,5,0,0
4688,6615,2.4,134.0,0.1209,216.69255319148937,O3,5,0,0
4689,6616,2.8,147.0,0.1243,220.27340425531915,O3,5,0,0
4690,6617,2.9,146.0,0.1273,223.43297872340426,O3,5,0,0
4691,6618,2.6,133.0,0.1216,217.42978723404255,O3,5,0,0
4692,6619,2.3,120.0,0.0976,180.91578947368424,O3,4,0,0
4693,6620,2.3,117.0,0.0973,180.1421052631579,O3,4,0,0
4694,6621,1.7,109.0,0.0827,141.94999999999996,O3,3,0,0
4695,6622,1.8,112.0,0.0912,164.4105263157895,O3,4,0,0
4696,6623,2.5,131.0,0.1084,203.5276595744681,O3,5,0,0
4697,6624,2.4,133.0,0.1045,198.71052631578948,O3,4,0,0
4698,6625,2.0,138.0,0.1026,193.81052631578947,O3,4,0,0
4699,6626,2.3,142.0,0.1172,212.79574468085107,O3,5,0,0
4700,6627,2.9,138.0,0.1452,242.2851063829787,O3,5,0,0
4701,6628,2.0,118.0,0.1317,228.06702127659577,O3,5,0,0
4702,6629,2.5,120.0,0.1365,233.12234042553192,O3,5,0,0
4703,6630,3.0,132.0,0.1378,234.49148936170212,O3,5,0,0
4704,6631,2.4,121.0,0.1246,220.58936170212766,O3,5,0,0
4705,6632,2.6,117.0,0.1186,214.27021276595744,O3,5,0,0
4706,6634,2.1,102.0,0.1187,214.37553191489363,O3,5,0,0
4707,6635,1.7,95.0,0.1007,188.91052631578947,O3,4,0,0
4708,6636,1.5,81.0,0.1019,192.00526315789477,O3,4,0,0
4709,6637,1.3,95.0,0.0921,166.73157894736843,O3,4,0,0
4710,6638,1.9,111.0,0.1038,196.90526315789475,O3,4,0,0
4711,6639,2.0,118.0,0.1105,205.73936170212767,O3,5,0,0
4712,6640,2.7,130.0,0.1208,216.5872340425532,O3,5,0,0
4713,6641,2.4,116.0,0.1208,216.5872340425532,O3,5,0,0
4714,6642,2.7,128.0,0.1282,224.3808510638298,O3,5,0,0
4715,6643,3.2,156.0,0.1494,246.70851063829787,O3,5,0,0
4716,6644,3.4,169.0,0.15,247.3404255319149,O3,5,0,0
4717,6645,3.2,168.0,0.1463,243.44361702127662,O3,5,0,0
4718,6646,4.3,178.0,0.1722,270.72127659574465,O3,5,0,0
4719,6647,5.0,178.0,0.1934,293.04893617021276,O3,5,0,0
4720,6648,6.3,188.0,0.2018,301.89574468085107,O3,6,0,0
4721,6649,4.6,169.0,0.1796,278.5148936170213,O3,5,0,0
4722,6650,3.1,133.0,0.1594,257.24042553191487,O3,5,0,0
4723,6651,2.6,125.0,0.1389,235.64999999999998,O3,5,0,0
4724,6652,2.1,110.0,0.1238,219.7468085106383,O3,5,0,0
4725,6653,2.1,112.0,0.1221,217.9563829787234,O3,5,0,0
4726,6654,2.5,112.0,0.1254,221.43191489361703,O3,5,0,0
4727,6655,2.0,102.0,0.1098,205.00212765957446,O3,5,0,0
4728,6656,1.8,90.0,0.1044,198.45263157894738,O3,4,0,0
4729,6659,0.7,64.0,0.0823,140.54999999999998,O3,3,0,0
4730,6660,0.9,81.0,0.0908,163.37894736842108,O3,4,0,0
4731,6661,1.5,106.0,0.1076,202.68510638297872,O3,5,0,0
4732,6662,3.4,140.0,0.1393,236.07127659574468,O3,5,0,0
4733,6663,3.4,138.0,0.1429,239.8627659574468,O3,5,0,0
4734,6664,3.2,165.0,0.1594,257.24042553191487,O3,5,0,0
4735,6665,4.8,214.0,0.1956,295.36595744680847,O3,5,0,0
4736,6666,3.5,178.0,0.1872,286.5191489361702,O3,5,0,0
4737,6667,4.1,187.0,0.2014,301.47446808510637,O3,6,0,0
4738,6668,4.8,203.0,0.1978,297.68297872340423,O3,5,0,0
4739,6669,4.4,204.0,0.2257,327.0670212765957,O3,6,0,0
4740,6670,4.5,198.0,0.2104,310.9531914893617,O3,6,0,0
4741,6671,5.9,218.0,0.214,314.74468085106383,O3,6,0,0
4742,6672,9.9,269.0,0.2523,355.08191489361707,O3,6,0,0
4743,6673,6.9,217.0,0.2188,319.79999999999995,O3,6,0,0
4744,6674,4.3,183.0,0.1816,280.6212765957447,O3,5,0,0
4745,6675,2.9,147.0,0.1587,256.5031914893617,O3,5,0,0
4746,6676,2.0,120.0,0.1381,234.80744680851063,O3,5,0,0
4747,6677,1.7,112.0,0.1287,224.90744680851066,O3,5,0,0
4748,6678,1.9,107.0,0.1193,215.00744680851065,O3,5,0,0
4749,6679,2.0,103.0,0.1223,218.16702127659576,O3,5,0,0
4750,6680,1.9,97.0,0.1122,207.52978723404254,O3,5,0,0
4751,6682,0.8,74.0,0.0866,152.54736842105265,O3,4,0,0
4752,6683,0.7,68.0,0.0848,149.29999999999998,O3,3,0,0
4753,6684,1.1,92.0,0.0959,176.53157894736842,O3,4,0,0
4754,6685,1.7,111.0,0.1154,210.9,O3,5,0,0
4755,6686,3.1,133.0,0.1373,233.9648936170213,O3,5,0,0
4756,6687,4.4,139.0,0.1708,269.2468085106383,O3,5,0,0
4757,6688,5.6,192.0,0.2097,310.2159574468085,O3,6,0,0
4758,6689,4.4,192.0,0.2056,305.8978723404255,O3,6,0,0
4759,6690,4.4,206.0,0.2006,300.631914893617,O3,6,0,0
4760,6691,4.7,182.0,0.2015,301.57978723404256,O3,6,0,0
4761,6692,4.2,192.0,0.1945,294.20744680851067,O3,5,0,0
4762,6693,3.3,188.0,0.1793,278.19893617021273,O3,5,0,0
4763,6694,5.1,186.0,0.1962,295.99787234042554,O3,5,0,0
4764,6770,3.3,130.0,0.1389,235.64999999999998,O3,5,0,0
4765,6771,3.1,137.0,0.1268,222.9063829787234,O3,5,0,0
4766,6772,2.4,125.0,0.1046,198.96842105263158,O3,4,0,0
4767,6773,1.4,106.0,0.0862,151.51578947368424,O3,4,0,0
4768,6774,2.1,121.0,0.0866,152.54736842105265,O3,4,0,0
4769,6775,1.4,101.0,0.0788,128.29999999999998,O3,3,0,0
4770,6776,1.4,100.0,0.0857,100.0,NO2,2,0,0
4771,6778,1.0,86.0,0.0845,148.25,O3,3,0,0
4772,6779,1.3,90.0,0.0873,154.35263157894738,O3,4,0,0
4773,6780,1.0,89.0,0.0841,146.84999999999997,O3,3,0,0
4774,6781,1.1,96.0,0.0853,95.73913043478261,NO2,2,1,0
4775,6782,2.1,125.0,0.1063,201.3159574468085,O3,5,0,0
4776,6783,3.2,143.0,0.1276,223.74893617021274,O3,5,0,0
4777,6784,3.3,153.0,0.1332,229.64680851063832,O3,5,0,0
4778,6785,2.3,140.0,0.1015,190.97368421052636,O3,4,0,0
4779,6786,1.0,92.0,0.0594,91.47826086956522,NO2,2,0,0
4780,6787,0.8,78.0,0.0501,76.56521739130434,NO2,2,0,0
4781,6788,0.8,68.0,0.0448,65.91304347826087,NO2,2,0,0
4782,6789,0.6,64.0,0.0387,61.65217391304348,NO2,2,0,0
4783,6790,0.9,80.0,0.0467,78.69565217391305,NO2,2,0,0
4784,6791,0.8,81.0,0.0484,79.76086956521739,NO2,2,0,0
4785,6792,1.2,102.0,0.0608,101.1891891891892,NO2,3,0,0
4786,6793,2.1,132.0,0.0953,174.9842105263158,O3,4,0,0
4787,6794,3.9,162.0,0.1307,227.01382978723404,O3,5,0,0
4788,6795,4.4,179.0,0.1415,238.38829787234042,O3,5,0,0
4789,6796,2.0,148.0,0.1023,193.03684210526316,O3,4,0,0
4790,6797,2.3,146.0,0.1154,210.9,O3,5,0,0
4791,6798,3.6,164.0,0.1426,239.5468085106383,O3,5,0,0
4792,6799,3.9,162.0,0.1363,232.91170212765957,O3,5,0,0
4793,6800,1.6,118.0,0.1006,188.65263157894736,O3,4,0,0
4794,6803,1.0,79.0,0.0799,132.14999999999998,O3,3,0,0
4795,6804,0.8,62.0,0.0703,59.52173913043478,NO2,2,1,0
4796,6805,0.7,85.0,0.0781,125.85000000000001,O3,3,0,0
4797,6806,1.0,110.0,0.0815,137.75,O3,3,0,0
4798,6807,1.0,99.0,0.08,132.5,O3,3,0,0
4799,6808,1.5,101.0,0.0926,168.02105263157895,O3,4,0,0
4800,6809,2.5,129.0,0.1151,210.5840425531915,O3,5,0,0
4801,6810,2.6,132.0,0.1153,210.79468085106384,O3,5,0,0
4802,6811,3.2,148.0,0.1298,226.0659574468085,O3,5,0,0
4803,6812,3.0,134.0,0.1238,219.7468085106383,O3,5,0,0
4804,6813,3.4,148.0,0.1222,218.06170212765957,O3,5,0,0
4805,6814,3.3,146.0,0.1171,212.69042553191488,O3,5,0,0
4806,6815,3.6,148.0,0.1237,219.64148936170213,O3,5,0,0
4807,6816,5.5,175.0,0.1366,233.22765957446808,O3,5,0,0
4808,6817,4.5,170.0,0.1278,223.9595744680851,O3,5,0,0
4809,6818,4.7,173.0,0.1293,225.53936170212765,O3,5,0,0
4810,6819,4.3,151.0,0.1198,215.53404255319148,O3,5,0,0
4811,6820,3.2,129.0,0.1115,206.79255319148936,O3,5,0,0
4812,6821,2.9,126.0,0.1092,204.37021276595746,O3,5,0,0
4813,6822,3.1,127.0,0.1104,205.63404255319148,O3,5,0,0
4814,6823,2.8,118.0,0.1006,188.65263157894736,O3,4,0,0
4815,6824,1.2,83.0,0.0777,124.45000000000002,O3,3,0,0
4816,6826,0.8,60.0,0.06,67.33333333333331,O3,2,1,1
4817,6827,0.6,37.0,0.0477,44.16666666666667,O3,1,1,1
4818,6828,0.6,39.0,0.0454,42.037037037037045,O3,1,1,1
4819,6829,1.0,70.0,0.063,77.13333333333333,O3,2,0,1
4820,6830,3.2,108.0,0.0858,102.32432432432432,NO2,3,0,0
4821,6831,3.6,119.0,0.0951,174.4684210526316,O3,4,0,0
4822,6832,2.9,111.0,0.0836,145.09999999999997,O3,3,0,0
4823,6833,2.4,106.0,0.0721,104.85000000000001,O3,3,0,0
4824,6834,2.5,105.0,0.0703,101.75675675675676,NO2,3,0,0
4825,6835,2.6,114.0,0.0657,103.45945945945945,NO2,3,0,0
4826,6836,2.3,93.0,0.0581,92.54347826086956,NO2,2,0,0
4827,6837,2.2,89.0,0.0546,88.28260869565219,NO2,2,1,0
4828,6838,2.3,102.0,0.0641,101.1891891891892,NO2,3,0,0
4829,6839,2.9,129.0,0.0794,130.39999999999998,O3,3,0,0
4830,6840,4.1,151.0,0.1042,197.93684210526317,O3,4,0,0
4831,6841,4.1,151.0,0.0993,185.3,O3,4,0,0
4832,6842,4.0,149.0,0.0968,178.85263157894738,O3,4,0,0
4833,6843,3.7,149.0,0.0894,159.76842105263157,O3,4,0,0
4834,6844,1.7,114.0,0.0592,103.45945945945945,NO2,3,0,0
4835,6845,1.1,104.0,0.0611,101.56756756756756,NO2,3,0,0
4836,6846,1.1,104.0,0.0611,101.56756756756756,NO2,3,0,0
4837,6847,1.5,127.0,0.0694,105.91891891891892,NO2,3,0,0
4838,6848,0.5,53.0,0.0357,50.0,NO2,1,1,1
4839,6850,0.2,39.0,0.0325,36.79245283018868,NO2,1,1,1
4840,6851,0.3,41.0,0.0343,38.679245283018865,NO2,1,1,1
4841,6852,0.6,97.0,0.0608,96.80434782608697,NO2,2,0,1
4842,6853,0.7,120.0,0.0712,104.5945945945946,NO2,3,0,0
4843,6854,2.6,167.0,0.1173,212.90106382978723,O3,5,0,0
4844,6855,5.5,198.0,0.1459,243.02234042553192,O3,5,0,0
4845,6856,2.6,157.0,0.1055,111.5945945945946,NO2,3,0,0
4846,6857,1.5,125.0,0.0799,132.14999999999998,O3,3,0,0
4847,6858,1.7,135.0,0.0787,127.95000000000002,O3,3,0,0
4848,6859,2.2,138.0,0.0892,159.2526315789474,O3,4,0,0
4849,6860,2.1,132.0,0.0766,120.60000000000001,O3,3,0,0
4850,6861,2.2,142.0,0.0835,144.75,O3,3,0,0
4851,6862,2.3,137.0,0.0897,160.5421052631579,O3,4,0,0
4852,6863,2.5,145.0,0.1009,189.4263157894737,O3,4,0,0
4853,6864,3.1,166.0,0.125,221.01063829787233,O3,5,0,0
4854,6865,3.6,165.0,0.1283,224.48617021276596,O3,5,0,0
4855,6866,3.9,175.0,0.1377,234.38617021276593,O3,5,0,0
4856,6867,4.0,185.0,0.1322,228.5936170212766,O3,5,0,0
4857,6868,2.3,166.0,0.1198,215.53404255319148,O3,5,0,0
4858,6869,1.5,140.0,0.1007,188.91052631578947,O3,4,0,0
4859,6870,1.5,133.0,0.0976,180.91578947368424,O3,4,0,0
4860,6871,2.2,144.0,0.1013,190.45789473684212,O3,4,0,0
4861,6872,1.3,126.0,0.0868,153.06315789473686,O3,4,0,0
4862,6875,0.5,70.0,0.0616,72.56,O3,2,0,0
4863,6876,0.5,74.0,0.0678,92.8133333333333,O3,2,0,0
4864,6877,0.9,124.0,0.0936,170.60000000000002,O3,4,0,0
4865,6878,2.0,152.0,0.111,206.26595744680853,O3,5,0,0
4866,6879,3.2,174.0,0.1258,221.8531914893617,O3,5,0,0
4867,6880,2.3,161.0,0.108,203.10638297872342,O3,5,0,0
4868,6881,1.8,120.0,0.0949,173.95263157894738,O3,4,0,0
4869,6882,2.1,111.0,0.0894,159.76842105263157,O3,4,0,0
4870,6883,1.9,128.0,0.0882,156.67368421052635,O3,4,0,0
4871,6884,2.4,133.0,0.0872,154.09473684210528,O3,4,0,0
4872,6885,2.1,121.0,0.0751,115.35000000000001,O3,3,0,0
4873,6886,2.8,147.0,0.0928,168.53684210526316,O3,4,0,0
4874,6887,3.3,136.0,0.116,211.53191489361703,O3,5,0,0
4875,6888,2.9,153.0,0.109,204.1595744680851,O3,5,0,0
4876,6889,3.9,178.0,0.1274,223.53829787234045,O3,5,0,0
4877,6890,4.1,174.0,0.134,230.48936170212767,O3,5,0,0
4878,6891,3.3,166.0,0.1271,223.2223404255319,O3,5,0,0
4879,6892,3.3,169.0,0.1354,231.96382978723403,O3,5,0,0
4880,6893,1.9,132.0,0.1084,203.5276595744681,O3,5,0,0
4881,6894,2.0,127.0,0.1086,203.73829787234044,O3,5,0,0
4882,6895,1.9,113.0,0.1038,196.90526315789475,O3,4,0,0
4883,6896,2.1,128.0,0.1064,201.42127659574467,O3,5,0,0
4884,6898,1.3,85.0,0.093,169.05263157894737,O3,4,0,0
4885,6899,1.1,77.0,0.0783,126.54999999999998,O3,3,0,0
4886,6900,1.2,78.0,0.0831,143.34999999999997,O3,3,0,0
4887,6901,1.8,115.0,0.0983,182.72105263157894,O3,4,0,0
4888,6902,3.6,169.0,0.1315,227.85638297872342,O3,5,0,0
4889,6903,3.7,174.0,0.1389,235.64999999999998,O3,5,0,0
4890,6904,3.4,171.0,0.1396,236.3872340425532,O3,5,0,0
4891,6905,4.0,179.0,0.1585,256.29255319148933,O3,5,0,0
4892,6906,3.8,193.0,0.1628,260.8212765957447,O3,5,0,0
4893,6907,4.1,210.0,0.1692,267.56170212765954,O3,5,0,0
4894,6908,4.9,224.0,0.1828,281.88510638297873,O3,5,0,0
4895,6909,3.3,175.0,0.1476,244.8127659574468,O3,5,0,0
4896,6910,4.3,177.0,0.164,262.0851063829787,O3,5,0,0
4897,6911,6.6,208.0,0.2046,304.8446808510638,O3,6,0,0
4898,6912,8.5,247.0,0.2238,325.0659574468085,O3,6,0,0
4899,6913,8.7,242.0,0.248,350.55319148936167,O3,6,0,0
4900,6914,9.1,252.0,0.2415,343.70744680851067,O3,6,0,0
4901,6915,7.2,228.0,0.2181,319.0627659574468,O3,6,0,0
4902,6916,5.0,196.0,0.2051,305.3712765957447,O3,6,0,0
4903,6917,4.2,190.0,0.2041,304.31808510638297,O3,6,0,0
4904,6918,4.6,187.0,0.2059,306.21382978723403,O3,6,0,0
4905,6919,3.9,174.0,0.2016,301.6851063829787,O3,6,0,0
4906,6920,3.4,158.0,0.1967,296.5244680851064,O3,5,0,0
4907,6922,2.4,132.0,0.1847,283.88617021276593,O3,5,0,0
4908,6923,2.5,121.0,0.1792,278.0936170212766,O3,5,0,0
4909,6924,3.5,136.0,0.168,266.29787234042556,O3,5,0,0
4910,6925,3.9,138.0,0.1662,264.40212765957443,O3,5,0,0
4911,6926,4.8,149.0,0.181,279.98936170212767,O3,5,0,0
4912,6927,6.1,165.0,0.2103,310.8478723404255,O3,6,0,0
4913,6928,6.6,170.0,0.2082,308.63617021276593,O3,6,0,0
4914,6929,6.5,165.0,0.1971,296.945744680851,O3,5,0,0
4915,6930,6.0,167.0,0.195,294.7340425531915,O3,5,0,0
4916,6931,6.9,197.0,0.2101,310.6372340425532,O3,6,0,0
4917,6932,7.9,217.0,0.2112,311.79574468085104,O3,6,0,0
4918,6933,6.1,204.0,0.1962,295.99787234042554,O3,5,0,0
4919,6934,6.7,193.0,0.2033,303.4755319148936,O3,6,0,0
4920,6935,6.8,192.0,0.2034,303.58085106382975,O3,6,0,0
4921,6936,6.7,175.0,0.2018,301.89574468085107,O3,6,0,0
4922,6942,5.9,169.0,0.2066,306.95106382978724,O3,6,0,0
4923,6943,5.6,164.0,0.203,303.1595744680851,O3,6,0,0
4924,6944,5.5,154.0,0.1913,290.8372340425532,O3,5,0,0
4925,6947,2.2,119.0,0.1534,250.9212765957447,O3,5,0,0
4926,6948,2.0,106.0,0.1568,254.50212765957446,O3,5,0,0
4927,6949,2.2,111.0,0.1622,260.18936170212766,O3,5,0,0
4928,6950,2.0,122.0,0.1628,260.8212765957447,O3,5,0,0
4929,6951,2.5,121.0,0.1553,252.9223404255319,O3,5,0,0
4930,6952,3.0,136.0,0.1769,275.67127659574464,O3,5,0,0
4931,6953,2.8,138.0,0.1776,276.40851063829786,O3,5,0,0
4932,6954,3.4,147.0,0.1898,289.2574468085106,O3,5,0,0
4933,6955,5.5,178.0,0.21,310.531914893617,O3,6,0,0
4934,6956,4.0,176.0,0.1896,289.0468085106383,O3,5,0,0
4935,6957,2.4,159.0,0.1745,273.14361702127655,O3,5,0,0
4936,6958,3.1,168.0,0.1893,288.7308510638298,O3,5,0,0
4937,6959,4.0,181.0,0.1972,297.0510638297872,O3,5,0,0
4938,6960,4.6,184.0,0.202,302.1063829787234,O3,6,0,0
4939,6961,4.8,170.0,0.1906,290.09999999999997,O3,5,0,0
4940,6962,6.2,174.0,0.1832,282.3063829787234,O3,5,0,0
4941,6963,4.6,136.0,0.147,244.18085106382978,O3,5,0,0
4942,6964,4.5,127.0,0.1494,246.70851063829787,O3,5,0,0
4943,6965,4.2,125.0,0.1394,236.17659574468084,O3,5,0,0
4944,6966,2.6,121.0,0.1113,206.581914893617,O3,5,0,0
4945,6967,1.6,117.0,0.0958,176.2736842105263,O3,4,0,0
4946,6968,1.3,108.0,0.0807,134.94999999999996,O3,3,0,0
4947,6970,0.5,55.0,0.0471,52.06521739130435,NO2,2,0,1
4948,6971,0.4,46.0,0.045,43.39622641509434,NO2,1,1,1
4949,6972,0.3,46.0,0.0438,43.39622641509434,NO2,1,1,1
4950,6973,0.4,67.0,0.0512,64.84782608695653,NO2,2,0,1
4951,6974,0.6,90.0,0.0632,89.34782608695653,NO2,2,0,1
4952,6975,0.9,117.0,0.0754,116.39999999999999,O3,3,0,0
4953,6976,1.1,118.0,0.0792,129.70000000000002,O3,3,0,0
4954,6977,1.0,112.0,0.0776,124.10000000000001,O3,3,0,0
4955,6978,1.6,134.0,0.0969,179.11052631578949,O3,4,0,0
4956,6979,1.8,127.0,0.0975,180.65789473684214,O3,4,0,0
4957,6980,1.0,88.0,0.0637,87.21739130434783,NO2,2,0,0
4958,6981,0.8,57.0,0.0541,54.19565217391305,NO2,2,1,0
4959,6982,1.4,99.0,0.0876,155.1263157894737,O3,4,0,0
4960,6983,2.1,129.0,0.1029,194.58421052631581,O3,4,0,0
4961,6984,2.3,137.0,0.1103,205.52872340425532,O3,5,0,0
4962,6985,3.5,146.0,0.1369,233.5436170212766,O3,5,0,0
4963,6986,3.8,139.0,0.1381,234.80744680851063,O3,5,0,0
4964,6987,2.4,128.0,0.1094,204.58085106382978,O3,5,0,0
4965,6988,1.0,106.0,0.0835,144.75,O3,3,0,0
4966,6989,1.3,114.0,0.0881,156.4157894736842,O3,4,0,0
4967,6990,2.3,137.0,0.0987,183.75263157894736,O3,4,0,0
4968,6991,1.5,114.0,0.0807,134.94999999999996,O3,3,0,0
4969,6992,1.1,92.0,0.0664,91.47826086956522,NO2,2,1,1
4970,6994,0.7,55.0,0.0496,52.06521739130435,NO2,2,1,1
4971,6995,0.4,46.0,0.0433,43.39622641509434,NO2,1,1,1
4972,6996,0.5,67.0,0.0524,64.84782608695653,NO2,2,1,1
4973,6997,0.8,95.0,0.0747,113.95000000000002,O3,3,0,0
4974,6998,1.9,133.0,0.1052,107.05405405405405,NO2,3,0,0
4975,6999,2.3,138.0,0.1092,204.37021276595746,O3,5,0,0
4976,7000,1.9,127.0,0.1036,196.38947368421054,O3,4,0,0
4977,7001,1.6,119.0,0.0934,170.0842105263158,O3,4,0,0
4978,7002,1.4,113.0,0.0917,165.70000000000002,O3,4,0,0
4979,7003,1.5,109.0,0.0839,146.14999999999998,O3,3,0,0
4980,7004,1.4,97.0,0.0761,118.85000000000001,O3,3,0,0
4981,7005,2.0,117.0,0.0926,168.02105263157895,O3,4,0,0
4982,7006,2.5,132.0,0.1104,205.63404255319148,O3,5,0,0
4983,7007,2.2,117.0,0.0911,164.1526315789474,O3,4,0,0
4984,7008,2.0,110.0,0.0918,165.95789473684215,O3,4,0,0
4985,7009,2.1,119.0,0.0948,173.69473684210527,O3,4,0,0
4986,7010,2.1,116.0,0.0966,178.33684210526317,O3,4,0,0
4987,7011,2.1,123.0,0.1057,105.16216216216216,NO2,3,0,0
4988,7012,1.6,117.0,0.1001,187.36315789473684,O3,4,0,0
4989,7013,1.1,100.0,0.0777,124.45000000000002,O3,3,0,0
4990,7014,1.2,101.0,0.0797,131.44999999999996,O3,3,0,0
4991,7111,1.6,106.0,0.1617,259.6627659574468,O3,5,0,0
4992,7112,2.5,129.0,0.1355,232.06914893617022,O3,5,0,0
4993,7114,1.9,126.0,0.1131,208.4776595744681,O3,5,0,0
4994,7115,1.4,106.0,0.1036,196.38947368421054,O3,4,0,0
4995,7116,1.5,99.0,0.1009,189.4263157894737,O3,4,0,0
4996,7117,1.4,97.0,0.0966,178.33684210526317,O3,4,0,0
4997,7118,1.1,94.0,0.0901,161.57368421052632,O3,4,0,0
4998,7119,1.0,86.0,0.0879,155.90000000000003,O3,4,0,0
4999,7120,1.2,97.0,0.0991,184.78421052631577,O3,4,0,0
5000,7121,1.7,113.0,0.1019,192.00526315789477,O3,4,0,0
5001,7122,2.3,125.0,0.1151,210.5840425531915,O3,5,0,0
5002,7123,2.2,147.0,0.1242,220.168085106383,O3,5,0,0
5003,7124,2.4,153.0,0.1206,216.37659574468086,O3,5,0,0
5004,7125,2.2,147.0,0.1138,209.2148936170213,O3,5,0,0
5005,7126,2.1,139.0,0.1142,209.63617021276596,O3,5,0,0
5006,7127,3.0,165.0,0.1438,240.81063829787234,O3,5,0,0
5007,7128,4.7,191.0,0.1735,272.0904255319149,O3,5,0,0
5008,7129,3.6,172.0,0.1611,259.0308510638298,O3,5,0,0
5009,7130,2.5,151.0,0.1436,240.6,O3,5,0,0
5010,7131,2.3,137.0,0.1389,235.64999999999998,O3,5,0,0
5011,7132,2.1,130.0,0.1313,227.64574468085107,O3,5,0,0
5012,7133,1.7,115.0,0.1232,219.11489361702127,O3,5,0,0
5013,7134,1.8,112.0,0.1195,215.21808510638297,O3,5,0,0
5014,7135,1.6,105.0,0.1107,205.95000000000002,O3,5,0,0
5015,7136,1.3,96.0,0.1035,196.1315789473684,O3,4,0,0
5016,7138,1.3,87.0,0.0929,168.79473684210527,O3,4,0,0
5017,7139,1.1,75.0,0.0875,154.8684210526316,O3,4,0,0
5018,7140,1.0,82.0,0.0861,151.2578947368421,O3,4,0,0
5019,7141,1.0,83.0,0.0852,81.8913043478261,NO2,2,0,0
5020,7142,1.2,88.0,0.0891,158.99473684210528,O3,4,0,0
5021,7143,1.3,106.0,0.0947,173.4368421052632,O3,4,0,0
5022,7144,1.6,112.0,0.1016,191.2315789473684,O3,4,0,0
5023,7145,2.2,141.0,0.1201,215.85,O3,5,0,0
5024,7146,2.2,148.0,0.1218,217.6404255319149,O3,5,0,0
5025,7147,2.8,171.0,0.1385,235.22872340425533,O3,5,0,0
5026,7148,2.1,160.0,0.1311,227.43510638297872,O3,5,0,0
5027,7149,1.6,137.0,0.1206,216.37659574468086,O3,5,0,0
5028,7150,2.8,167.0,0.1473,244.4968085106383,O3,5,0,0
5029,7151,2.6,164.0,0.146,243.12765957446808,O3,5,0,0
5030,7152,2.8,166.0,0.1627,260.7159574468085,O3,5,0,0
5031,7153,2.9,167.0,0.1827,281.77978723404254,O3,5,0,0
5032,7154,3.4,174.0,0.2004,300.42127659574464,O3,6,0,0
5033,7207,1.7,120.0,0.1151,210.5840425531915,O3,5,0,0
5034,7208,1.9,119.0,0.1185,214.16489361702128,O3,5,0,0
5035,7210,2.0,111.0,0.1405,237.33510638297872,O3,5,0,0
5036,7211,1.7,109.0,0.1383,235.01808510638298,O3,5,0,0
5037,7212,1.8,110.0,0.146,243.12765957446808,O3,5,0,0
5038,7213,2.2,126.0,0.1612,259.13617021276593,O3,5,0,0
5039,7214,3.7,148.0,0.1776,276.40851063829786,O3,5,0,0
5040,7215,4.8,162.0,0.1991,299.05212765957447,O3,5,0,0
5041,7216,4.8,173.0,0.1944,294.1021276595744,O3,5,0,0
5042,7217,5.2,198.0,0.2098,310.3212765957446,O3,6,0,0
5043,7218,5.9,219.0,0.2159,316.7457446808511,O3,6,0,0
5044,7219,5.9,206.0,0.2005,300.52659574468083,O3,6,0,0
5045,7220,3.1,155.0,0.1441,241.12659574468086,O3,5,0,0
5046,7221,2.6,150.0,0.138,234.70212765957447,O3,5,0,0
5047,7222,2.8,148.0,0.1409,237.7563829787234,O3,5,0,0
5048,7223,2.8,158.0,0.1445,241.54787234042553,O3,5,0,0
5049,7224,2.8,152.0,0.1388,235.54468085106384,O3,5,0,0
5050,7225,3.1,148.0,0.1411,237.96702127659574,O3,5,0,0
5051,7226,3.3,147.0,0.1377,234.38617021276593,O3,5,0,0
5052,7227,2.7,144.0,0.1316,227.96170212765958,O3,5,0,0
5053,7228,2.3,144.0,0.121,216.79787234042553,O3,5,0,0
5054,7229,1.6,126.0,0.1002,187.62105263157895,O3,4,0,0
5055,7230,1.6,115.0,0.0896,160.2842105263158,O3,4,0,0
5056,7231,1.7,116.0,0.0946,173.17894736842106,O3,4,0,0
5057,7232,1.6,112.0,0.0877,155.3842105263158,O3,4,0,0
5058,7235,0.9,67.0,0.0745,113.25,O3,3,0,0
5059,7236,0.8,72.0,0.0656,85.62666666666667,O3,2,1,0
5060,7237,0.7,69.0,0.0682,94.11999999999998,O3,2,1,0
5061,7238,1.1,107.0,0.0829,142.64999999999998,O3,3,0,0
5062,7239,1.5,117.0,0.0961,177.04736842105265,O3,4,0,0
5063,7240,1.5,115.0,0.096,176.78947368421055,O3,4,0,0
5064,7241,1.6,120.0,0.094,171.63157894736844,O3,4,0,0
5065,7242,1.6,128.0,0.0938,171.1157894736842,O3,4,0,0
5066,7243,2.0,138.0,0.104,197.42105263157896,O3,4,0,0
5067,7244,1.7,127.0,0.0904,162.34736842105264,O3,4,0,0
5068,7245,1.5,111.0,0.091,163.89473684210526,O3,4,0,0
5069,7246,2.0,122.0,0.1011,189.94210526315788,O3,4,0,0
5070,7247,1.9,134.0,0.1038,196.90526315789475,O3,4,0,0
5071,7248,2.1,153.0,0.1144,209.8468085106383,O3,5,0,0
5072,7249,2.8,169.0,0.1352,231.75319148936168,O3,5,0,0
5073,7250,2.7,162.0,0.1365,233.12234042553192,O3,5,0,0
5074,7251,2.4,152.0,0.1245,220.4840425531915,O3,5,0,0
5075,7252,1.6,127.0,0.1203,216.06063829787234,O3,5,0,0
5076,7253,1.7,112.0,0.112,207.31914893617022,O3,5,0,0
5077,7254,1.3,98.0,0.0972,179.8842105263158,O3,4,0,0
5078,7255,1.4,89.0,0.0878,155.64210526315793,O3,4,0,0
5079,7256,1.2,82.0,0.0853,80.82608695652175,NO2,2,1,0
5080,7258,1.0,77.0,0.0766,120.60000000000001,O3,3,0,0
5081,7259,0.6,55.0,0.067,90.19999999999999,O3,2,0,0
5082,7260,0.7,63.0,0.0694,98.03999999999999,O3,2,0,0
5083,7261,1.0,69.0,0.0739,111.14999999999999,O3,3,0,0
5084,7262,1.7,99.0,0.094,171.63157894736844,O3,4,0,0
5085,7263,3.0,125.0,0.1201,215.85,O3,5,0,0
5086,7264,2.4,123.0,0.1106,205.84468085106383,O3,5,0,0
5087,7265,2.2,128.0,0.1186,214.27021276595744,O3,5,0,0
5088,7266,2.6,149.0,0.1302,226.4872340425532,O3,5,0,0
5089,7267,2.5,137.0,0.1368,233.43829787234043,O3,5,0,0
5090,7268,3.0,147.0,0.1452,242.2851063829787,O3,5,0,0
5091,7269,3.3,168.0,0.1537,251.23723404255318,O3,5,0,0
5092,7270,3.8,180.0,0.1651,263.2436170212766,O3,5,0,0
5093,7271,3.6,170.0,0.1623,260.29468085106384,O3,5,0,0
5094,7272,5.0,180.0,0.1742,272.82765957446804,O3,5,0,0
5095,7273,5.7,178.0,0.1639,261.97978723404253,O3,5,0,0
5096,7274,5.0,159.0,0.1537,251.23723404255318,O3,5,0,0
5097,7275,4.8,156.0,0.1463,243.44361702127662,O3,5,0,0
5098,7276,3.9,146.0,0.1379,234.59680851063828,O3,5,0,0
5099,7277,3.3,132.0,0.1256,221.64255319148936,O3,5,0,0
5100,7278,3.4,137.0,0.1344,230.91063829787234,O3,5,0,0
5101,7279,2.4,114.0,0.1089,204.05425531914892,O3,5,0,0
5102,7280,1.4,95.0,0.0949,173.95263157894738,O3,4,0,0
5103,7282,1.2,88.0,0.0882,156.67368421052635,O3,4,0,0
5104,7283,1.2,94.0,0.0905,162.60526315789474,O3,4,0,0
5105,7284,1.2,97.0,0.0902,161.83157894736843,O3,4,0,0
5106,7285,1.3,93.0,0.0923,167.2473684210526,O3,4,0,0
5107,7286,2.3,113.0,0.121,216.79787234042553,O3,5,0,0
5108,7287,3.4,126.0,0.1468,243.97021276595746,O3,5,0,0
5109,7288,3.0,133.0,0.1329,229.33085106382978,O3,5,0,0
5110,7289,2.5,141.0,0.1295,225.75,O3,5,0,0
5111,7290,2.7,139.0,0.1365,233.12234042553192,O3,5,0,0
5112,7291,2.8,147.0,0.1452,242.2851063829787,O3,5,0,0
5113,7292,3.6,175.0,0.1615,259.45212765957444,O3,5,0,0
5114,7293,3.1,180.0,0.1599,257.76702127659576,O3,5,0,0
5115,7294,4.3,194.0,0.1777,276.51382978723404,O3,5,0,0
5116,7295,4.6,192.0,0.1742,272.82765957446804,O3,5,0,0
5117,7296,4.3,188.0,0.1739,272.51170212765953,O3,5,0,0
5118,7297,4.3,179.0,0.177,275.77659574468083,O3,5,0,0
5119,7298,5.5,196.0,0.1918,291.36382978723407,O3,5,0,0
5120,7299,3.4,169.0,0.1581,255.87127659574466,O3,5,0,0
5121,7300,2.4,151.0,0.1291,225.3287234042553,O3,5,0,0
5122,7301,1.6,123.0,0.1,187.10526315789477,O3,4,0,0
5123,7302,1.7,127.0,0.0974,180.4,O3,4,0,0
5124,7303,1.6,127.0,0.0949,173.95263157894738,O3,4,0,0
5125,7304,1.3,118.0,0.0934,170.0842105263158,O3,4,0,0
5126,7307,0.6,44.0,0.0521,48.24074074074075,O3,1,1,1
5127,7308,0.6,46.0,0.0575,59.16666666666667,O3,2,1,1
5128,7309,0.5,46.0,0.0522,48.33333333333334,O3,1,1,1
5129,7310,0.6,61.0,0.0586,62.75999999999999,O3,2,1,1
5130,7311,0.7,60.0,0.0566,57.391304347826086,NO2,2,0,1
5131,7312,0.9,71.0,0.0693,97.71333333333331,O3,2,0,1
5132,7313,1.5,111.0,0.1022,192.77894736842106,O3,4,0,0
5133,7314,1.9,127.0,0.1152,210.68936170212766,O3,5,0,0
5134,7315,1.9,128.0,0.1108,206.05531914893618,O3,5,0,0
5135,7316,2.2,142.0,0.111,206.26595744680853,O3,5,0,0
5136,7317,3.8,145.0,0.1306,226.90851063829786,O3,5,0,0
5137,7318,2.0,145.0,0.1029,194.58421052631581,O3,4,0,0
5138,7319,2.2,156.0,0.1094,204.58085106382978,O3,5,0,0
5139,7320,3.3,154.0,0.1282,224.3808510638298,O3,5,0,0
5140,7321,2.7,165.0,0.1147,210.1627659574468,O3,5,0,0
5141,7322,2.6,153.0,0.1208,216.5872340425532,O3,5,0,0
5142,7323,2.5,151.0,0.1192,214.90212765957446,O3,5,0,0
5143,7324,1.5,131.0,0.1136,209.00425531914894,O3,5,0,0
5144,7325,1.9,128.0,0.1131,208.4776595744681,O3,5,0,0
5145,7326,2.0,137.0,0.1071,202.15851063829788,O3,5,0,0
5146,7327,1.7,119.0,0.1059,104.4054054054054,NO2,3,0,0
5147,7328,1.2,96.0,0.0909,163.63684210526316,O3,4,0,0
5148,7330,0.6,60.0,0.0724,105.90000000000003,O3,3,0,0
5149,7333,0.4,104.0,0.1027,194.06842105263158,O3,4,0,0
5150,7334,2.6,137.0,0.1502,247.55106382978724,O3,5,0,0
5151,7335,3.5,146.0,0.1606,258.5042553191489,O3,5,0,0
5152,7336,2.1,136.0,0.152,249.44680851063828,O3,5,0,0
5153,7337,2.1,144.0,0.1566,254.2914893617021,O3,5,0,0
5154,7338,1.7,133.0,0.1501,247.44574468085108,O3,5,0,0
5155,7339,2.6,148.0,0.1634,261.4531914893617,O3,5,0,0
5156,7340,2.6,155.0,0.1587,256.5031914893617,O3,5,0,0
5157,7341,2.4,152.0,0.156,253.6595744680851,O3,5,0,0
5158,7342,2.4,145.0,0.1538,251.34255319148934,O3,5,0,0
5159,7343,2.0,139.0,0.1491,246.39255319148936,O3,5,0,0
5160,7344,2.0,134.0,0.1469,244.07553191489362,O3,5,0,0
5161,7345,3.1,128.0,0.1486,245.86595744680852,O3,5,0,0
5162,7346,3.3,135.0,0.1494,246.70851063829787,O3,5,0,0
5163,7347,3.3,136.0,0.1471,244.28617021276597,O3,5,0,0
5164,7348,2.6,126.0,0.1399,236.7031914893617,O3,5,0,0
5165,7349,1.7,116.0,0.1192,214.90212765957446,O3,5,0,0
5166,7350,1.8,116.0,0.1187,214.37553191489363,O3,5,0,0
5167,7351,1.5,107.0,0.107,202.0531914893617,O3,5,0,0
5168,7352,1.1,91.0,0.0949,173.95263157894738,O3,4,0,0
5169,7354,0.7,70.0,0.0854,68.04347826086956,NO2,2,1,0
5170,7355,0.7,78.0,0.0835,144.75,O3,3,0,0
5171,7356,0.9,75.0,0.0887,157.96315789473687,O3,4,0,0
5172,7357,1.3,101.0,0.1019,192.00526315789477,O3,4,0,0
5173,7358,3.2,136.0,0.1503,247.6563829787234,O3,5,0,0
5174,7359,5.1,147.0,0.1687,267.0351063829787,O3,5,0,0
5175,7360,3.7,143.0,0.1553,252.9223404255319,O3,5,0,0
5176,7361,3.2,153.0,0.1624,260.4,O3,5,0,0
5177,7362,3.1,148.0,0.1637,261.7691489361702,O3,5,0,0
5178,7363,3.0,149.0,0.1533,250.8159574468085,O3,5,0,0
5179,7364,3.6,141.0,0.1577,255.45,O3,5,0,0
5180,7365,3.2,147.0,0.1532,250.71063829787235,O3,5,0,0
5181,7366,3.9,159.0,0.1621,260.08404255319147,O3,5,0,0
5182,7367,3.4,152.0,0.1578,255.55531914893618,O3,5,0,0
5183,7368,3.9,144.0,0.1631,261.1372340425532,O3,5,0,0
5184,7369,3.6,146.0,0.1629,260.92659574468087,O3,5,0,0
5185,7370,4.7,162.0,0.1733,271.87978723404257,O3,5,0,0
5186,7371,4.1,156.0,0.1622,260.18936170212766,O3,5,0,0
5187,7372,3.4,146.0,0.1597,257.55638297872343,O3,5,0,0
5188,7373,3.5,151.0,0.1738,272.4063829787234,O3,5,0,0
5189,7374,1.2,127.0,0.135,231.54255319148936,O3,5,0,0
5190,7375,2.4,123.0,0.1363,232.91170212765957,O3,5,0,0
5191,7376,2.1,122.0,0.1262,222.27446808510638,O3,5,0,0
5192,7379,1.0,83.0,0.0958,176.2736842105263,O3,4,0,0
5193,7380,1.4,98.0,0.1078,202.89574468085107,O3,5,0,0
5194,7381,1.8,109.0,0.1143,209.74148936170212,O3,5,0,0
5195,7382,3.8,138.0,0.1551,252.71170212765955,O3,5,0,0
5196,7383,4.1,138.0,0.1669,265.13936170212764,O3,5,0,0
5197,7384,4.4,170.0,0.1766,275.3553191489362,O3,5,0,0
5198,7385,3.5,191.0,0.1717,270.1946808510638,O3,5,0,0
5199,7386,3.5,196.0,0.1738,272.4063829787234,O3,5,0,0
5200,7387,3.8,185.0,0.1611,259.0308510638298,O3,5,0,0
5201,7388,3.1,156.0,0.1398,236.59787234042554,O3,5,0,0
5202,7389,3.4,173.0,0.1497,247.02446808510638,O3,5,0,0
5203,7390,3.3,166.0,0.1415,238.38829787234042,O3,5,0,0
5204,7391,3.4,173.0,0.1457,242.81170212765957,O3,5,0,0
5205,7392,4.7,177.0,0.1669,265.13936170212764,O3,5,0,0
5206,7393,5.7,182.0,0.174,272.6170212765957,O3,5,0,0
5207,7394,5.6,166.0,0.177,275.77659574468083,O3,5,0,0
5208,7395,5.9,177.0,0.1734,271.9851063829787,O3,5,0,0
5209,7396,3.6,158.0,0.1647,262.82234042553193,O3,5,0,0
5210,7397,2.5,133.0,0.1379,234.59680851063828,O3,5,0,0
5211,7398,2.9,123.0,0.1331,229.54148936170213,O3,5,0,0
5212,7399,2.5,120.0,0.124,219.95744680851064,O3,5,0,0
5213,7400,1.7,105.0,0.1036,196.38947368421054,O3,4,0,0
5214,7402,1.1,86.0,0.0826,141.60000000000002,O3,3,0,0
5215,7403,0.9,77.0,0.0798,131.79999999999998,O3,3,0,0
5216,7404,1.0,81.0,0.0817,138.44999999999996,O3,3,0,0
5217,7405,1.6,103.0,0.1055,101.37837837837837,NO2,3,0,0
5218,7406,3.1,127.0,0.1391,235.86063829787236,O3,5,0,0
5219,7407,4.1,134.0,0.1665,264.718085106383,O3,5,0,0
5220,7408,3.9,158.0,0.1539,251.44787234042553,O3,5,0,0
5221,7409,3.6,175.0,0.1653,263.45425531914896,O3,5,0,0
5222,7410,3.2,178.0,0.1586,256.3978723404255,O3,5,0,0
5223,7411,2.2,135.0,0.1332,229.64680851063832,O3,5,0,0
5224,7412,2.4,133.0,0.1369,233.5436170212766,O3,5,0,0
5225,7413,2.7,134.0,0.1373,233.9648936170213,O3,5,0,0
5226,7414,2.7,137.0,0.1397,236.49255319148935,O3,5,0,0
5227,7415,3.9,160.0,0.1577,255.45,O3,5,0,0
5228,7416,5.2,166.0,0.1783,277.14574468085107,O3,5,0,0
5229,7417,4.0,144.0,0.1568,254.50212765957446,O3,5,0,0
5230,7418,2.9,129.0,0.1356,232.17446808510638,O3,5,0,0
5231,7419,3.3,129.0,0.1419,238.8095744680851,O3,5,0,0
5232,7420,2.0,107.0,0.1177,213.3223404255319,O3,5,0,0
5233,7421,1.8,101.0,0.1141,209.53085106382977,O3,5,0,0
5234,7422,2.7,112.0,0.1179,213.53297872340426,O3,5,0,0
5235,7423,1.8,98.0,0.1056,97.86956521739131,NO2,2,1,0
5236,7424,1.3,90.0,0.0973,180.1421052631579,O3,4,0,0
5237,7426,1.1,59.0,0.0836,145.09999999999997,O3,3,0,0
5238,7427,1.6,98.0,0.1085,203.63297872340425,O3,5,0,0
5239,7428,1.3,109.0,0.0959,176.53157894736842,O3,4,0,0
5240,7429,1.4,110.0,0.1039,197.16315789473686,O3,4,0,0
5241,7430,5.0,159.0,0.1554,253.0276595744681,O3,5,0,0
5242,7431,4.3,144.0,0.1546,252.18510638297872,O3,5,0,0
5243,7432,4.1,147.0,0.1638,261.8744680851064,O3,5,0,0
5244,7433,3.8,179.0,0.1568,254.50212765957446,O3,5,0,0
5245,7434,3.1,164.0,0.1433,240.2840425531915,O3,5,0,0
5246,7435,3.3,160.0,0.1452,242.2851063829787,O3,5,0,0
5247,7436,3.1,143.0,0.1345,231.01595744680853,O3,5,0,0
5248,7437,2.7,138.0,0.1336,230.06808510638297,O3,5,0,0
5249,7438,3.4,143.0,0.1442,241.23191489361702,O3,5,0,0
5250,7439,5.0,196.0,0.1748,273.4595744680851,O3,5,0,0
5251,7440,5.7,197.0,0.1776,276.40851063829786,O3,5,0,0
5252,7441,5.8,189.0,0.1802,279.14680851063827,O3,5,0,0
5253,7442,5.8,188.0,0.1796,278.5148936170213,O3,5,0,0
5254,7443,5.0,190.0,0.16,257.8723404255319,O3,5,0,0
5255,7444,1.7,126.0,0.1083,203.4223404255319,O3,5,0,0
5256,7445,1.6,113.0,0.1064,201.42127659574467,O3,5,0,0
5257,7446,2.3,129.0,0.1104,205.63404255319148,O3,5,0,0
5258,7447,2.4,128.0,0.1053,106.10810810810811,NO2,3,0,0
5259,7448,2.0,122.0,0.1009,189.4263157894737,O3,4,0,0
5260,7451,1.1,92.0,0.08,132.5,O3,3,0,0
5261,7452,1.0,70.0,0.0784,126.89999999999999,O3,3,0,0
5262,7453,1.3,83.0,0.0854,81.8913043478261,NO2,2,1,0
5263,7454,1.9,127.0,0.1065,201.52659574468086,O3,5,0,0
5264,7455,2.6,142.0,0.1161,211.6372340425532,O3,5,0,0
5265,7456,2.7,155.0,0.1192,214.90212765957446,O3,5,0,0
5266,7457,2.4,153.0,0.1202,215.95531914893618,O3,5,0,0
5267,7458,2.7,177.0,0.1338,230.27872340425532,O3,5,0,0
5268,7459,3.1,179.0,0.1505,247.86702127659572,O3,5,0,0
5269,7460,4.4,212.0,0.1715,269.9840425531915,O3,5,0,0
5270,7461,3.2,182.0,0.1473,244.4968085106383,O3,5,0,0
5271,7462,2.9,168.0,0.1433,240.2840425531915,O3,5,0,0
5272,7463,3.0,179.0,0.1544,251.9744680851064,O3,5,0,0
5273,7464,3.7,182.0,0.1648,262.92765957446807,O3,5,0,0
5274,7465,5.2,194.0,0.1784,277.2510638297872,O3,5,0,0
5275,7466,3.3,166.0,0.1519,249.34148936170214,O3,5,0,0
5276,7467,3.6,168.0,0.1532,250.71063829787235,O3,5,0,0
5277,7468,2.3,148.0,0.134,230.48936170212767,O3,5,0,0
5278,7469,3.0,151.0,0.1414,238.28297872340426,O3,5,0,0
5279,7470,3.8,165.0,0.1499,247.23510638297873,O3,5,0,0
5280,7471,3.2,165.0,0.1306,226.90851063829786,O3,5,0,0
5281,7472,2.1,128.0,0.1172,212.79574468085107,O3,5,0,0
5282,7474,1.7,115.0,0.1005,188.3947368421053,O3,4,0,0
5283,7475,1.4,120.0,0.0913,164.6684210526316,O3,4,0,0
5284,7476,1.2,106.0,0.0922,166.98947368421057,O3,4,0,0
5285,7477,1.4,118.0,0.1026,193.81052631578947,O3,4,0,0
5286,7478,1.4,156.0,0.0952,174.72631578947372,O3,4,0,0
5287,7479,1.7,130.0,0.0915,165.1842105263158,O3,4,0,0
5288,7480,1.0,112.0,0.0687,103.08108108108108,NO2,3,0,0
5289,7481,1.0,96.0,0.0597,95.73913043478261,NO2,2,0,0
5290,7482,0.8,89.0,0.0527,88.28260869565219,NO2,2,0,0
5291,7483,1.0,98.0,0.0573,97.86956521739131,NO2,2,1,0
5292,7484,0.8,85.0,0.0492,84.02173913043478,NO2,2,1,0
5293,7485,0.7,80.0,0.0463,78.69565217391305,NO2,2,1,0
5294,7486,1.1,112.0,0.0565,103.08108108108108,NO2,3,0,0
5295,7487,1.1,121.0,0.0632,104.78378378378379,NO2,3,0,0
5296,7488,1.2,132.0,0.0691,106.86486486486487,NO2,3,0,0
5297,7489,2.0,160.0,0.0943,172.40526315789475,O3,4,0,0
5298,7490,2.2,167.0,0.0985,183.23684210526318,O3,4,0,0
5299,7491,1.5,157.0,0.0821,139.85000000000002,O3,3,0,0
5300,7492,1.2,130.0,0.0767,120.95000000000002,O3,3,0,0
5301,7493,1.5,145.0,0.0895,160.0263157894737,O3,4,0,0
5302,7494,1.4,133.0,0.0791,129.35000000000002,O3,3,0,0
5303,7495,1.2,110.0,0.077,122.0,O3,3,0,0
5304,7496,1.0,100.0,0.0839,146.14999999999998,O3,3,0,0
5305,7498,0.7,79.0,0.072,104.5,O3,3,0,0
5306,7499,0.5,79.0,0.0682,94.11999999999998,O3,2,1,0
5307,7500,0.7,90.0,0.0723,105.55000000000003,O3,3,0,0
5308,7501,1.0,95.0,0.0813,137.04999999999998,O3,3,0,0
5309,7502,3.0,169.0,0.1365,233.12234042553192,O3,5,0,0
5310,7503,4.1,199.0,0.1472,244.39148936170213,O3,5,0,0
5311,7504,3.1,186.0,0.1497,247.02446808510638,O3,5,0,0
5312,7505,3.8,208.0,0.1626,260.61063829787236,O3,5,0,0
5313,7506,2.7,178.0,0.1476,244.8127659574468,O3,5,0,0
5314,7507,3.1,176.0,0.1531,250.6053191489362,O3,5,0,0
5315,7508,3.1,177.0,0.1503,247.6563829787234,O3,5,0,0
5316,7509,3.2,182.0,0.1488,246.07659574468084,O3,5,0,0
5317,7510,3.3,182.0,0.1435,240.49468085106383,O3,5,0,0
5318,7511,4.0,193.0,0.1725,271.03723404255317,O3,5,0,0
5319,7512,8.6,272.0,0.2331,334.86063829787236,O3,6,0,0
5320,7513,8.7,225.0,0.2312,332.85957446808504,O3,6,0,0
5321,7514,3.6,181.0,0.1699,268.29893617021276,O3,5,0,0
5322,7515,3.0,172.0,0.1587,256.5031914893617,O3,5,0,0
5323,7516,1.9,153.0,0.139,235.75531914893617,O3,5,0,0
5324,7517,1.9,143.0,0.1347,231.22659574468082,O3,5,0,0
5325,7518,1.6,142.0,0.1268,222.9063829787234,O3,5,0,0
5326,7519,1.4,131.0,0.1155,211.00531914893617,O3,5,0,0
5327,7520,1.0,105.0,0.1024,193.2947368421053,O3,4,0,0
5328,7523,0.8,87.0,0.0928,168.53684210526316,O3,4,0,0
5329,7524,0.9,106.0,0.1028,194.3263157894737,O3,4,0,0
5330,7525,1.5,140.0,0.121,216.79787234042553,O3,5,0,0
5331,7526,3.1,167.0,0.1531,250.6053191489362,O3,5,0,0
5332,7527,5.1,175.0,0.1745,273.14361702127655,O3,5,0,0
5333,7528,5.8,235.0,0.1974,297.26170212765953,O3,5,0,0
5334,7529,3.8,196.0,0.1806,279.56808510638297,O3,5,0,0
5335,7530,4.4,211.0,0.1985,298.42021276595744,O3,5,0,0
5336,7531,4.9,234.0,0.2068,307.16170212765957,O3,6,0,0
5337,7532,5.2,240.0,0.2087,309.1627659574468,O3,6,0,0
5338,7533,4.6,243.0,0.1994,299.368085106383,O3,5,0,0
5339,7534,4.8,224.0,0.1971,296.945744680851,O3,5,0,0
5340,7535,4.9,240.0,0.1941,293.7861702127659,O3,5,0,0
5341,7536,4.9,215.0,0.1969,296.7351063829787,O3,5,0,0
5342,7537,5.5,216.0,0.1813,280.3053191489362,O3,5,0,0
5343,7538,4.2,184.0,0.1677,265.981914893617,O3,5,0,0
5344,7539,1.5,152.0,0.1118,207.10851063829787,O3,5,0,0
5345,7540,0.1,104.0,0.0828,142.29999999999998,O3,3,0,0
5346,7541,0.2,104.0,0.0867,152.80526315789476,O3,4,0,0
5347,7542,0.9,124.0,0.0974,180.4,O3,4,0,0
5348,7543,1.0,127.0,0.0975,180.65789473684214,O3,4,0,0
5349,7544,0.4,109.0,0.0902,161.83157894736843,O3,4,0,0
5350,7549,0.1,89.0,0.073,108.0,O3,3,0,0
5351,7550,0.7,128.0,0.0974,180.4,O3,4,0,0
5352,7551,1.2,152.0,0.0958,176.2736842105263,O3,4,0,0
5353,7552,0.2,128.0,0.0713,106.10810810810811,NO2,3,0,0
5354,7555,0.3,110.0,0.0661,102.70270270270271,NO2,3,0,0
5355,7556,0.6,128.0,0.0856,106.10810810810811,NO2,3,0,0
5356,7557,0.2,114.0,0.0639,103.45945945945945,NO2,3,0,0
5357,7558,0.2,110.0,0.0647,102.70270270270271,NO2,3,0,0
5358,7559,0.7,112.0,0.0646,103.08108108108108,NO2,3,0,0
5359,7560,1.8,130.0,0.0846,148.59999999999997,O3,3,0,0
5360,7561,2.2,135.0,0.0857,107.43243243243244,NO2,3,0,0
5361,7562,2.3,141.0,0.0942,172.14736842105265,O3,4,0,0
5362,7563,2.6,141.0,0.0945,172.92105263157896,O3,4,0,0
5363,7564,1.1,95.0,0.0562,94.67391304347827,NO2,2,1,0
5364,7565,1.2,97.0,0.0657,96.80434782608697,NO2,2,1,0
5365,7566,1.8,112.0,0.0723,105.55000000000003,O3,3,0,0
5366,7567,1.1,74.0,0.0555,72.30434782608695,NO2,2,0,1
5367,7568,0.9,62.0,0.0472,59.52173913043478,NO2,2,1,1
5368,7570,0.6,40.0,0.0412,38.14814814814815,O3,1,1,1
5369,7571,0.6,45.0,0.0453,42.45283018867924,NO2,1,1,1
5370,7572,0.9,93.0,0.0702,92.54347826086956,NO2,2,1,1
5371,7573,1.0,104.0,0.072,104.5,O3,3,0,0
5372,7574,3.4,162.0,0.1311,227.43510638297872,O3,5,0,0
5373,7575,4.2,169.0,0.1444,241.44255319148937,O3,5,0,0
5374,7576,4.4,190.0,0.1613,259.2414893617021,O3,5,0,0
5375,7577,2.9,170.0,0.1388,235.54468085106384,O3,5,0,0
5376,7578,2.6,151.0,0.1379,234.59680851063828,O3,5,0,0
5377,7579,2.6,150.0,0.1289,225.11808510638298,O3,5,0,0
5378,7580,3.0,154.0,0.128,224.17021276595744,O3,5,0,0
5379,7581,2.3,140.0,0.1059,108.37837837837839,NO2,3,0,0
5380,7582,3.0,167.0,0.1299,226.17127659574467,O3,5,0,0
5381,7583,4.5,204.0,0.1638,261.8744680851064,O3,5,0,0
5382,7584,6.0,210.0,0.1946,294.3127659574468,O3,5,0,0
5383,7585,4.3,182.0,0.1798,278.7255319148936,O3,5,0,0
5384,7586,3.4,165.0,0.1609,258.8202127659574,O3,5,0,0
5385,7587,2.8,150.0,0.1531,250.6053191489362,O3,5,0,0
5386,7588,2.1,132.0,0.1338,230.27872340425532,O3,5,0,0
5387,7589,1.7,120.0,0.1274,223.53829787234045,O3,5,0,0
5388,7590,1.8,119.0,0.12,215.74468085106383,O3,5,0,0
5389,7591,1.6,110.0,0.1143,209.74148936170212,O3,5,0,0
5390,7592,1.4,94.0,0.1048,199.4842105263158,O3,4,0,0
5391,7595,1.3,117.0,0.1368,233.43829787234043,O3,5,0,0
5392,7596,1.6,121.0,0.154,251.5531914893617,O3,5,0,0
5393,7597,2.4,138.0,0.1575,255.23936170212767,O3,5,0,0
5394,7598,4.5,174.0,0.1856,284.83404255319147,O3,5,0,0
5395,7599,5.7,179.0,0.2086,309.05744680851063,O3,6,0,0
5396,7600,4.3,175.0,0.1948,294.5234042553191,O3,5,0,0
5397,7601,4.2,183.0,0.2022,302.3170212765957,O3,6,0,0
5398,7602,4.5,189.0,0.2104,310.9531914893617,O3,6,0,0
5399,7603,5.0,198.0,0.2195,320.53723404255317,O3,6,0,0
5400,7604,2.9,142.0,0.1845,283.6755319148936,O3,5,0,0
5401,7605,3.0,139.0,0.1947,294.418085106383,O3,5,0,0
5402,7606,3.3,99.0,0.2171,318.0095744680851,O3,6,0,0
5403,7607,1.4,135.0,0.192,291.5744680851064,O3,5,0,0
5404,7608,2.3,223.0,0.1835,282.6223404255319,O3,5,0,0
5405,7609,1.6,194.0,0.1919,291.4691489361702,O3,5,0,0
5406,7610,4.9,244.0,0.2254,326.7510638297872,O3,6,0,0
5407,7611,6.4,243.0,0.221,322.1170212765957,O3,6,0,0
5408,7612,3.5,230.0,0.1961,295.89255319148936,O3,5,0,0
5409,7613,1.7,207.0,0.1791,277.9882978723404,O3,5,0,0
5410,7614,2.6,223.0,0.1725,271.03723404255317,O3,5,0,0
5411,7615,1.6,216.0,0.1553,252.9223404255319,O3,5,0,0
5412,7616,1.5,198.0,0.1506,247.9723404255319,O3,5,0,0
5413,7618,0.5,126.0,0.13,226.27659574468086,O3,5,0,0
5414,7619,0.9,144.0,0.1383,235.01808510638298,O3,5,0,0
5415,7620,0.4,183.0,0.1413,238.1776595744681,O3,5,0,0
5416,7621,0.5,193.0,0.1471,244.28617021276597,O3,5,0,0
5417,7622,0.8,196.0,0.1619,259.87340425531914,O3,5,0,0
5418,7623,1.4,208.0,0.1673,265.56063829787234,O3,5,0,0
5419,7624,1.6,217.0,0.1881,287.46702127659574,O3,5,0,0
5420,7625,1.5,246.0,0.1877,287.04574468085104,O3,5,0,0
5421,7626,1.0,204.0,0.1818,280.831914893617,O3,5,0,0
5422,7627,1.0,192.0,0.1699,268.29893617021276,O3,5,0,0
5423,7628,1.3,186.0,0.1677,265.981914893617,O3,5,0,0
5424,7629,0.1,133.0,0.1088,203.94893617021276,O3,5,0,0
5425,7632,0.1,148.0,0.1066,201.63191489361702,O3,5,0,0
5426,7633,0.4,167.0,0.1241,220.0627659574468,O3,5,0,0
5427,7634,0.7,175.0,0.122,217.85106382978722,O3,5,0,0
5428,7635,2.7,224.0,0.1613,259.2414893617021,O3,5,0,0
5429,7636,2.1,215.0,0.1577,255.45,O3,5,0,0
5430,7637,1.3,196.0,0.1569,254.60744680851064,O3,5,0,0
5431,7638,0.8,195.0,0.1445,241.54787234042553,O3,5,0,0
5432,7664,0.1,136.0,0.0983,182.72105263157894,O3,4,0,0
5433,7667,0.3,40.0,0.039,37.735849056603776,NO2,1,1,1
5434,7668,0.5,67.0,0.0479,64.84782608695653,NO2,2,1,1
5435,7669,0.6,104.0,0.0732,108.70000000000002,O3,3,0,0
5436,7670,1.8,169.0,0.1149,210.37340425531914,O3,5,0,0
5437,7671,2.0,203.0,0.1136,209.00425531914894,O3,5,0,0
5438,7672,1.4,183.0,0.0934,170.0842105263158,O3,4,0,0
5439,7673,0.6,151.0,0.0845,148.25,O3,3,0,0
5440,7674,0.5,138.0,0.0808,135.29999999999998,O3,3,0,0
5441,7675,0.7,127.0,0.0783,126.54999999999998,O3,3,0,0
5442,7677,1.1,148.0,0.0899,161.05789473684212,O3,4,0,0
5443,7678,1.3,172.0,0.0922,166.98947368421057,O3,4,0,0
5444,7679,1.0,163.0,0.0951,174.4684210526316,O3,4,0,0
5445,7680,1.5,180.0,0.1051,115.94594594594595,NO2,3,0,0
5446,7681,1.5,169.0,0.0967,178.59473684210525,O3,4,0,0
5447,7682,1.2,152.0,0.0861,151.2578947368421,O3,4,0,0
5448,7683,0.3,107.0,0.0631,102.13513513513513,NO2,3,0,0
5449,7694,0.2,115.0,0.0476,103.64864864864865,NO2,3,0,0
5450,7695,0.7,157.0,0.0704,111.5945945945946,NO2,3,0,0
5451,7696,0.5,147.0,0.0735,109.75,O3,3,0,0
5452,7697,0.4,188.0,0.0735,117.45945945945945,NO2,3,0,0
5453,7698,0.3,126.0,0.0653,105.72972972972973,NO2,3,0,0
5454,7699,0.3,114.0,0.0603,103.45945945945945,NO2,3,0,0
5455,7700,0.4,123.0,0.0645,105.16216216216216,NO2,3,0,0
5456,7701,0.2,107.0,0.0564,102.13513513513513,NO2,3,0,0
5457,7702,0.4,121.0,0.0614,104.78378378378379,NO2,3,0,0
5458,7703,0.4,118.0,0.0658,104.21621621621621,NO2,3,0,0
5459,7704,0.7,134.0,0.0719,107.24324324324324,NO2,3,0,0
5460,7705,1.0,142.0,0.0772,122.70000000000002,O3,3,0,0
5461,7706,1.1,133.0,0.0812,136.69999999999996,O3,3,0,0
5462,7707,0.3,106.0,0.0583,101.94594594594595,NO2,3,0,0
5463,7708,0.1,87.0,0.0491,86.15217391304348,NO2,2,1,0
5464,7718,0.3,136.0,0.0519,107.62162162162163,NO2,3,0,0
5465,7719,0.6,163.0,0.0681,112.72972972972973,NO2,3,0,0
5466,7720,0.3,143.0,0.0583,108.94594594594595,NO2,3,0,0
5467,7721,0.1,134.0,0.0628,107.24324324324324,NO2,3,0,0
5468,7722,0.1,130.0,0.0566,106.48648648648648,NO2,3,0,0
5469,7723,0.2,122.0,0.0572,104.97297297297297,NO2,3,0,0
5470,7724,0.5,129.0,0.0637,106.29729729729729,NO2,3,0,0
5471,7725,0.3,132.0,0.0579,106.86486486486487,NO2,3,0,0
5472,7726,0.3,133.0,0.0666,107.05405405405405,NO2,3,0,0
5473,7727,0.3,126.0,0.0707,105.72972972972973,NO2,3,0,0
5474,7728,1.0,177.0,0.099,184.5263157894737,O3,4,0,0
5475,7729,1.4,185.0,0.1026,193.81052631578947,O3,4,0,0
5476,7730,1.4,169.0,0.091,163.89473684210526,O3,4,0,0
5477,7731,1.1,151.0,0.0897,160.5421052631579,O3,4,0,0
5478,7732,0.4,114.0,0.0651,103.45945945945945,NO2,3,0,0
5479,7733,0.2,90.0,0.0598,89.34782608695653,NO2,2,1,1
5480,7734,0.2,87.0,0.056,86.15217391304348,NO2,2,1,1
5481,7735,0.2,83.0,0.0527,81.8913043478261,NO2,2,1,1
5482,7736,0.2,74.0,0.0574,72.30434782608695,NO2,2,1,1
5483,7739,0.4,26.0,0.0312,28.88888888888889,O3,1,1,1
5484,7740,0.5,61.0,0.0382,58.45652173913044,NO2,2,0,1
5485,7741,0.7,91.0,0.0488,90.41304347826087,NO2,2,0,1
5486,7742,1.9,184.0,0.0915,165.1842105263158,O3,4,0,0
5487,7743,2.4,204.0,0.1021,192.52105263157895,O3,4,0,0
5488,7744,2.0,185.0,0.0897,160.5421052631579,O3,4,0,0
5489,7745,1.3,125.0,0.0699,105.54054054054055,NO2,3,0,0
5490,7746,1.0,104.0,0.0588,101.56756756756756,NO2,3,0,0
5491,7747,1.2,115.0,0.0643,103.64864864864865,NO2,3,0,0
5492,7748,1.5,126.0,0.0685,105.72972972972973,NO2,3,0,0
5493,7749,1.3,125.0,0.0673,105.54054054054055,NO2,3,0,0
5494,7750,1.5,139.0,0.0691,108.1891891891892,NO2,3,0,0
5495,7751,1.5,142.0,0.0726,108.75675675675676,NO2,3,0,0
5496,7752,2.1,170.0,0.0912,164.4105263157895,O3,4,0,0
5497,7753,2.6,195.0,0.1048,199.4842105263158,O3,4,0,0
5498,7754,3.0,202.0,0.1136,209.00425531914894,O3,5,0,0
5499,7755,2.0,168.0,0.0909,163.63684210526316,O3,4,0,0
5500,7756,1.4,128.0,0.0719,106.10810810810811,NO2,3,0,0
5501,7757,1.3,115.0,0.0746,113.60000000000001,O3,3,0,0
5502,7758,1.2,111.0,0.07,102.89189189189189,NO2,3,0,0
5503,7759,1.1,97.0,0.0579,96.80434782608697,NO2,2,0,1
5504,7760,0.9,77.0,0.0553,75.5,NO2,2,0,1
5505,7762,0.6,51.0,0.0467,48.113207547169814,NO2,1,1,1
5506,7763,0.5,49.0,0.0422,46.22641509433962,NO2,1,0,1
5507,7764,0.6,79.0,0.0545,77.6304347826087,NO2,2,0,1
5508,7765,0.7,92.0,0.0556,91.47826086956522,NO2,2,0,1
5509,7766,1.6,167.0,0.0879,155.90000000000003,O3,4,0,0
5510,7767,2.2,206.0,0.0993,185.3,O3,4,0,0
5511,7768,1.8,184.0,0.0892,159.2526315789474,O3,4,0,0
5512,7769,1.5,176.0,0.0901,161.57368421052632,O3,4,0,0
5513,7770,1.8,191.0,0.0874,154.6105263157895,O3,4,0,0
5514,7771,1.4,147.0,0.0722,109.70270270270271,NO2,3,0,0
5515,7772,2.1,174.0,0.0836,145.09999999999997,O3,3,0,0
5516,7773,1.6,167.0,0.0669,113.48648648648648,NO2,3,0,0
5517,7774,1.3,138.0,0.06,108.0,NO2,3,0,0
5518,7784,0.7,60.0,0.0376,57.391304347826086,NO2,2,1,1
5519,7786,0.5,34.0,0.033,32.075471698113205,NO2,1,1,1
5520,7787,0.5,31.0,0.0321,29.72222222222222,O3,1,1,1
5521,7788,0.4,37.0,0.0334,34.905660377358494,NO2,1,1,1
5522,7789,0.5,58.0,0.0395,55.26086956521739,NO2,2,1,1
5523,7790,0.8,92.0,0.0473,91.47826086956522,NO2,2,1,1
5524,7791,1.1,110.0,0.0553,102.70270270270271,NO2,3,0,0
5525,7792,1.1,101.0,0.0545,101.0,NO2,3,0,0
5526,7793,1.1,96.0,0.0547,95.73913043478261,NO2,2,0,0
5527,7794,1.1,102.0,0.0527,101.1891891891892,NO2,3,0,0
5528,7795,1.1,96.0,0.0505,95.73913043478261,NO2,2,1,0
5529,7796,1.2,102.0,0.055,101.1891891891892,NO2,3,0,0
5530,7797,1.0,88.0,0.0465,87.21739130434783,NO2,2,1,0
5531,7798,1.2,87.0,0.0467,86.15217391304348,NO2,2,1,0
5532,7799,1.3,115.0,0.0555,103.64864864864865,NO2,3,0,0
5533,7800,1.4,118.0,0.0551,104.21621621621621,NO2,3,0,0
5534,7801,1.3,134.0,0.0569,107.24324324324324,NO2,3,0,0
5535,7802,1.4,125.0,0.0594,105.54054054054055,NO2,3,0,0
5536,7803,1.5,140.0,0.0598,108.37837837837839,NO2,3,0,0
5537,7804,1.0,83.0,0.0434,81.8913043478261,NO2,2,0,0
5538,7805,1.0,73.0,0.0412,71.23913043478261,NO2,2,1,0
5539,7806,1.1,92.0,0.0469,91.47826086956522,NO2,2,0,0
5540,7807,1.3,109.0,0.0515,102.51351351351352,NO2,3,0,0
5541,7808,1.0,82.0,0.043,80.82608695652175,NO2,2,1,1
5542,7811,0.6,50.0,0.0368,47.16981132075472,NO2,1,1,1
5543,7812,0.5,44.0,0.0348,41.509433962264154,NO2,1,1,1
5544,7813,0.4,49.0,0.0354,46.22641509433962,NO2,1,1,1
5545,7814,0.5,62.0,0.0382,59.52173913043478,NO2,2,0,1
5546,7815,0.7,85.0,0.045,84.02173913043478,NO2,2,1,1
5547,7816,0.8,82.0,0.046,80.82608695652175,NO2,2,0,1
5548,7817,0.8,77.0,0.0441,75.5,NO2,2,0,1
5549,7818,1.0,92.0,0.0454,91.47826086956522,NO2,2,1,1
5550,7819,0.9,95.0,0.0415,94.67391304347827,NO2,2,1,1
5551,7820,0.9,95.0,0.0419,94.67391304347827,NO2,2,0,1
5552,7821,0.9,76.0,0.0368,74.43478260869566,NO2,2,1,1
5553,7822,1.0,95.0,0.0397,94.67391304347827,NO2,2,0,1
5554,7823,1.0,118.0,0.051,104.21621621621621,NO2,3,0,0
5555,7824,1.1,123.0,0.0473,105.16216216216216,NO2,3,0,0
5556,7825,1.2,140.0,0.0537,108.37837837837839,NO2,3,0,0
5557,7826,1.6,163.0,0.067,112.72972972972973,NO2,3,0,0
5558,7827,1.7,164.0,0.0711,112.91891891891892,NO2,3,0,0
5559,7828,1.1,120.0,0.0551,104.5945945945946,NO2,3,0,0
5560,7829,1.3,130.0,0.067,106.48648648648648,NO2,3,0,0
5561,7830,1.7,145.0,0.0771,122.35000000000001,O3,3,0,0
5562,7831,1.5,126.0,0.0586,105.72972972972973,NO2,3,0,0
5563,7832,0.8,61.0,0.0355,58.45652173913044,NO2,2,1,1
5564,7834,0.4,37.0,0.0292,34.905660377358494,NO2,1,1,1
5565,7835,0.4,37.0,0.0293,34.905660377358494,NO2,1,0,1
5566,7836,0.4,50.0,0.0328,47.16981132075472,NO2,1,1,1
5567,7837,0.7,109.0,0.0479,102.51351351351352,NO2,3,0,0
5568,7838,1.8,198.0,0.0979,181.68947368421055,O3,4,0,0
5569,7840,3.5,283.0,0.1667,264.9287234042553,O3,5,0,0
5570,7841,2.8,256.0,0.1378,234.49148936170212,O3,5,0,0
5571,7842,3.1,261.0,0.1426,239.5468085106383,O3,5,0,0
5572,7843,2.5,181.0,0.1246,220.58936170212766,O3,5,0,0
5573,7844,2.7,194.0,0.1187,214.37553191489363,O3,5,0,0
5574,7845,2.9,214.0,0.1363,232.91170212765957,O3,5,0,0
5575,7846,3.2,204.0,0.1425,239.4414893617021,O3,5,0,0
5576,7847,4.1,228.0,0.1722,270.72127659574465,O3,5,0,0
5577,7848,6.1,270.0,0.2051,305.3712765957447,O3,6,0,0
5578,7849,6.8,285.0,0.2179,318.8521276595745,O3,6,0,0
5579,7850,6.8,282.0,0.2214,322.5382978723404,O3,6,0,0
5580,7851,3.7,235.0,0.1799,278.83085106382975,O3,5,0,0
5581,7852,2.1,208.0,0.1527,250.1840425531915,O3,5,0,0
5582,7853,1.4,161.0,0.1377,234.38617021276593,O3,5,0,0
5583,7854,1.3,146.0,0.1317,228.06702127659577,O3,5,0,0
5584,7855,1.1,123.0,0.1228,218.6936170212766,O3,5,0,0
5585,7856,1.0,109.0,0.1201,215.85,O3,5,0,0
5586,7858,0.8,115.0,0.1204,216.1659574468085,O3,5,0,0
5587,7859,0.9,114.0,0.1216,217.42978723404255,O3,5,0,0
5588,7860,1.1,122.0,0.1198,215.53404255319148,O3,5,0,0
5589,7861,1.6,149.0,0.1381,234.80744680851063,O3,5,0,0
5590,7862,3.7,187.0,0.1873,286.6244680851064,O3,5,0,0
5591,7863,4.8,198.0,0.2112,311.79574468085104,O3,6,0,0
5592,7864,4.1,196.0,0.2038,304.00212765957446,O3,6,0,0
5593,7865,4.5,218.0,0.2118,312.42765957446807,O3,6,0,0
5594,7866,4.5,227.0,0.211,311.5851063829787,O3,6,0,0
5595,7867,3.7,181.0,0.1965,296.31382978723406,O3,5,0,0
5596,7868,4.2,179.0,0.1888,288.20425531914896,O3,5,0,0
5597,7869,3.3,151.0,0.1774,276.19787234042553,O3,5,0,0
5598,7870,3.2,162.0,0.1626,260.61063829787236,O3,5,0,0
5599,7871,3.6,165.0,0.1761,274.8287234042553,O3,5,0,0
5600,7872,3.5,173.0,0.1533,250.8159574468085,O3,5,0,0
5601,7873,4.1,188.0,0.1531,250.6053191489362,O3,5,0,0
5602,7874,4.0,186.0,0.1477,244.918085106383,O3,5,0,0
5603,7875,3.3,172.0,0.1332,229.64680851063832,O3,5,0,0
5604,7876,3.0,150.0,0.121,216.79787234042553,O3,5,0,0
5605,7877,2.6,137.0,0.1167,212.2691489361702,O3,5,0,0
5606,7878,2.6,133.0,0.1133,208.68829787234043,O3,5,0,0
5607,7879,2.6,122.0,0.1109,206.16063829787234,O3,5,0,0
5608,7880,2.9,130.0,0.1218,217.6404255319149,O3,5,0,0
5609,7882,2.5,121.0,0.1149,210.37340425531914,O3,5,0,0
5610,7883,2.0,115.0,0.109,204.1595744680851,O3,5,0,0
5611,7884,2.2,125.0,0.1114,206.6872340425532,O3,5,0,0
5612,7885,2.4,136.0,0.1089,204.05425531914892,O3,5,0,0
5613,7886,4.0,174.0,0.1446,241.65319148936172,O3,5,0,0
5614,7887,6.7,224.0,0.193,292.6276595744681,O3,5,0,0
5615,7888,5.6,230.0,0.1809,279.8840425531915,O3,5,0,0
5616,7889,4.3,205.0,0.1769,275.67127659574464,O3,5,0,0
5617,7890,4.0,204.0,0.1696,267.98297872340424,O3,5,0,0
5618,7891,2.6,139.0,0.1086,203.73829787234044,O3,5,0,0
5619,7892,2.2,133.0,0.1048,199.4842105263158,O3,4,0,0
5620,7893,1.9,127.0,0.099,184.5263157894737,O3,4,0,0
5621,7894,1.8,124.0,0.1027,194.06842105263158,O3,4,0,0
5622,7895,3.1,158.0,0.1359,232.4904255319149,O3,5,0,0
5623,7896,4.8,171.0,0.1618,259.76808510638296,O3,5,0,0
5624,7897,5.8,193.0,0.1869,286.2031914893617,O3,5,0,0
5625,7898,5.9,195.0,0.2033,303.4755319148936,O3,6,0,0
5626,7899,4.1,212.0,0.1756,274.30212765957447,O3,5,0,0
5627,7900,1.8,193.0,0.1446,241.65319148936172,O3,5,0,0
5628,7901,1.7,167.0,0.1423,239.2308510638298,O3,5,0,0
5629,7902,1.7,156.0,0.1278,223.9595744680851,O3,5,0,0
5630,7903,1.5,153.0,0.1265,222.5904255319149,O3,5,0,0
5631,7904,1.1,128.0,0.1107,205.95000000000002,O3,5,0,0
5632,7907,0.3,105.0,0.1006,188.65263157894736,O3,4,0,0
5633,7908,0.4,130.0,0.101,189.6842105263158,O3,4,0,0
5634,7909,0.6,134.0,0.1067,201.7372340425532,O3,5,0,0
5635,7910,3.0,275.0,0.163,261.031914893617,O3,5,0,0
5636,7911,5.6,309.0,0.203,303.1595744680851,O3,6,0,0
5637,7912,4.9,322.0,0.1916,291.1531914893617,O3,5,0,0
5638,7913,3.5,333.0,0.1761,274.8287234042553,O3,5,0,0
5639,7914,2.2,235.0,0.1597,257.55638297872343,O3,5,0,0
5640,7915,2.7,241.0,0.1776,276.40851063829786,O3,5,0,0
5641,7916,2.7,214.0,0.1636,261.663829787234,O3,5,0,0
5642,7917,2.1,174.0,0.148,245.23404255319147,O3,5,0,0
5643,7918,2.0,157.0,0.1413,238.1776595744681,O3,5,0,0
5644,7919,2.4,170.0,0.1611,259.0308510638298,O3,5,0,0
5645,7920,6.7,212.0,0.2186,319.58936170212763,O3,6,0,0
5646,7921,6.4,249.0,0.2203,321.3797872340425,O3,6,0,0
5647,7922,3.9,231.0,0.1891,288.5202127659574,O3,5,0,0
5648,7923,2.7,216.0,0.1662,264.40212765957443,O3,5,0,0
5649,7924,3.0,217.0,0.1674,265.66595744680853,O3,5,0,0
5650,7925,2.1,203.0,0.1462,243.33829787234043,O3,5,0,0
5651,7926,1.2,161.0,0.1273,223.43297872340426,O3,5,0,0
5652,7927,1.2,147.0,0.1174,213.00638297872342,O3,5,0,0
5653,7928,0.7,111.0,0.1031,195.1,O3,4,0,0
5654,7930,0.8,115.0,0.0991,184.78421052631577,O3,4,0,0
5655,7931,0.4,80.0,0.0925,167.76315789473685,O3,4,0,0
5656,7932,0.7,122.0,0.1017,191.48947368421054,O3,4,0,0
5657,7933,1.4,186.0,0.1187,214.37553191489363,O3,5,0,0
5658,7934,4.0,306.0,0.1638,261.8744680851064,O3,5,0,0
5659,7935,3.9,301.0,0.1672,265.45531914893616,O3,5,0,0
5660,7936,3.1,274.0,0.1656,263.77021276595747,O3,5,0,0
5661,7937,3.2,247.0,0.1641,262.1904255319149,O3,5,0,0
5662,7938,1.5,169.0,0.1117,207.0031914893617,O3,5,0,0
5663,7939,1.2,138.0,0.0901,161.57368421052632,O3,4,0,0
5664,7940,1.9,149.0,0.1046,198.96842105263158,O3,4,0,0
5665,7941,1.5,165.0,0.0884,157.18947368421055,O3,4,0,0
5666,7942,1.4,156.0,0.0821,139.85000000000002,O3,3,0,0
5667,7943,1.9,184.0,0.1056,116.70270270270271,NO2,3,0,0
5668,7944,2.2,197.0,0.1139,209.32021276595745,O3,5,0,0
5669,7945,3.0,204.0,0.1248,220.79999999999998,O3,5,0,0
5670,7946,2.6,207.0,0.12,215.74468085106383,O3,5,0,0
5671,7947,2.8,208.0,0.122,217.85106382978722,O3,5,0,0
5672,7948,1.6,174.0,0.1032,195.35789473684213,O3,4,0,0
5673,7949,1.3,157.0,0.0971,179.62631578947372,O3,4,0,0
5674,7950,1.6,166.0,0.1011,189.94210526315788,O3,4,0,0
5675,7951,1.5,167.0,0.1049,199.7421052631579,O3,4,0,0
5676,7952,1.3,154.0,0.1053,111.02702702702703,NO2,3,0,0
5677,7954,2.0,164.0,0.1163,211.84787234042554,O3,5,0,0
5678,7955,1.3,149.0,0.1018,191.74736842105264,O3,4,0,0
5679,7956,0.9,150.0,0.1121,207.42446808510638,O3,5,0,0
5680,7957,1.4,205.0,0.12,215.74468085106383,O3,5,0,0
5681,7958,3.1,283.0,0.1403,237.1244680851064,O3,5,0,0
5682,7959,4.1,310.0,0.1365,233.12234042553192,O3,5,0,0
5683,7960,1.3,200.0,0.094,171.63157894736844,O3,4,0,0
5684,7961,0.9,147.0,0.075,115.0,O3,3,0,0
5685,7962,1.0,128.0,0.0652,106.10810810810811,NO2,3,0,0
5686,7963,1.0,121.0,0.0643,104.78378378378379,NO2,3,0,0
5687,7964,1.1,129.0,0.0629,106.29729729729729,NO2,3,0,0
5688,7965,0.8,110.0,0.0549,102.70270270270271,NO2,3,0,0
5689,7966,1.0,126.0,0.0578,105.72972972972973,NO2,3,0,0
5690,7967,0.9,121.0,0.0582,104.78378378378379,NO2,3,0,0
5691,7968,0.9,142.0,0.0694,108.75675675675676,NO2,3,0,0
5692,7969,1.6,174.0,0.0926,168.02105263157895,O3,4,0,0
5693,7970,1.4,168.0,0.0915,165.1842105263158,O3,4,0,0
5694,7971,1.4,180.0,0.0986,183.49473684210525,O3,4,0,0
5695,7972,1.1,157.0,0.084,146.5,O3,3,0,0
5696,7973,1.2,162.0,0.0939,171.37368421052633,O3,4,0,0
5697,7974,1.8,173.0,0.0869,153.32105263157897,O3,4,0,0
5698,7975,1.4,176.0,0.0908,163.37894736842108,O3,4,0,0
5699,7976,1.4,172.0,0.1051,114.43243243243244,NO2,3,0,0
5700,7979,0.8,88.0,0.0793,130.04999999999998,O3,3,0,0
5701,7980,0.7,85.0,0.0753,116.05000000000003,O3,3,0,0
5702,7981,0.7,88.0,0.0737,110.45000000000002,O3,3,0,0
5703,7982,0.6,94.0,0.0722,105.20000000000002,O3,3,0,0
5704,7983,0.8,115.0,0.0737,110.45000000000002,O3,3,0,0
5705,7984,1.3,137.0,0.0913,164.6684210526316,O3,4,0,0
5706,7985,2.0,212.0,0.1117,207.0031914893617,O3,5,0,0
5707,7986,1.7,173.0,0.0774,123.39999999999999,O3,3,0,0
5708,7987,1.2,135.0,0.0558,107.43243243243244,NO2,3,0,0
5709,7988,1.0,100.0,0.042,100.0,NO2,2,0,0
5710,7989,0.8,78.0,0.0363,76.56521739130434,NO2,2,0,0
5711,7990,1.0,100.0,0.041,100.0,NO2,2,0,0
5712,7991,1.4,150.0,0.0568,110.27027027027027,NO2,3,0,0
5713,7992,1.1,142.0,0.057,108.75675675675676,NO2,3,0,0
5714,7993,1.6,165.0,0.0774,123.39999999999999,O3,3,0,0
5715,7994,1.8,179.0,0.0857,115.75675675675676,NO2,3,0,0
5716,7995,1.4,149.0,0.0737,110.45000000000002,O3,3,0,0
5717,7996,1.1,126.0,0.061,105.72972972972973,NO2,3,0,0
5718,7997,1.0,120.0,0.0627,104.5945945945946,NO2,3,0,0
5719,7998,1.1,110.0,0.0566,102.70270270270271,NO2,3,0,0
5720,7999,1.0,92.0,0.0517,91.47826086956522,NO2,2,0,0
5721,8000,0.8,78.0,0.0484,76.56521739130434,NO2,2,0,0
5722,8002,0.6,65.0,0.0496,62.71739130434783,NO2,2,1,0
5723,8003,0.6,73.0,0.0623,74.84666666666666,O3,2,1,0
5724,8004,0.6,85.0,0.0696,98.6933333333333,O3,2,0,0
5725,8005,0.8,133.0,0.0916,165.4421052631579,O3,4,0,0
5726,8006,2.3,246.0,0.1309,227.22446808510637,O3,5,0,0
5727,8007,2.8,281.0,0.1396,236.3872340425532,O3,5,0,0
5728,8008,2.1,222.0,0.1226,218.48297872340424,O3,5,0,0
5729,8009,1.7,182.0,0.1002,187.62105263157895,O3,4,0,0
5730,8010,1.4,154.0,0.0769,121.64999999999999,O3,3,0,0
5731,8011,1.6,168.0,0.0784,126.89999999999999,O3,3,0,0
5732,8012,1.4,149.0,0.0643,110.08108108108108,NO2,3,0,0
5733,8013,1.3,156.0,0.0682,111.4054054054054,NO2,3,0,0
5734,8014,1.4,156.0,0.0692,111.4054054054054,NO2,3,0,0
5735,8015,1.7,187.0,0.0926,168.02105263157895,O3,4,0,0
5736,8016,1.9,194.0,0.0996,186.07368421052632,O3,4,0,0
5737,8017,2.3,204.0,0.1095,204.68617021276597,O3,5,0,0
5738,8018,2.0,174.0,0.1058,114.8108108108108,NO2,3,0,0
5739,8019,1.6,154.0,0.0893,159.5105263157895,O3,4,0,0
5740,8020,1.0,117.0,0.0681,104.02702702702703,NO2,3,0,0
5741,8021,0.9,98.0,0.0599,97.86956521739131,NO2,2,1,1
5742,8022,0.9,90.0,0.055,89.34782608695653,NO2,2,1,1
5743,8023,0.9,74.0,0.047,72.30434782608695,NO2,2,1,1
5744,8024,0.5,49.0,0.0375,46.22641509433962,NO2,1,0,1
5745,8026,0.5,54.0,0.0451,51.0,NO2,2,0,1
5746,8027,0.6,69.0,0.06,67.33333333333331,O3,2,1,1
5747,8028,0.6,92.0,0.0712,101.70000000000002,O3,3,0,0
5748,8029,1.0,146.0,0.0931,169.3105263157895,O3,4,0,0
5749,8030,2.1,224.0,0.1332,229.64680851063832,O3,5,0,0
5750,8031,2.9,253.0,0.152,249.44680851063828,O3,5,0,0
5751,8032,2.2,225.0,0.1223,218.16702127659576,O3,5,0,0
5752,8033,1.6,180.0,0.1122,207.52978723404254,O3,5,0,0
5753,8034,1.8,194.0,0.1099,205.10744680851064,O3,5,0,0
5754,8035,1.5,158.0,0.0904,162.34736842105264,O3,4,0,0
5755,8036,2.2,184.0,0.1022,192.77894736842106,O3,4,0,0
5756,8037,1.6,165.0,0.0719,113.10810810810811,NO2,3,0,0
5757,8038,1.5,156.0,0.0609,111.4054054054054,NO2,3,0,0
5758,8115,4.0,207.0,0.2141,314.85,O3,6,0,0
5759,8116,4.0,213.0,0.2023,302.4223404255319,O3,6,0,0
5760,8117,3.6,192.0,0.1967,296.5244680851064,O3,5,0,0
5761,8118,4.2,211.0,0.1931,292.73297872340424,O3,5,0,0
5762,8119,4.3,229.0,0.1889,288.3095744680851,O3,5,0,0
5763,8120,3.6,216.0,0.1699,268.29893617021276,O3,5,0,0
5764,8123,1.4,136.0,0.1371,233.75425531914894,O3,5,0,0
5765,8124,1.4,156.0,0.1427,239.65212765957446,O3,5,0,0
5766,8125,1.6,176.0,0.1489,246.18191489361703,O3,5,0,0
5767,8126,2.3,224.0,0.161,258.9255319148936,O3,5,0,0
5768,8127,2.4,207.0,0.1619,259.87340425531914,O3,5,0,0
5769,8128,2.7,221.0,0.1706,269.03617021276597,O3,5,0,0
5770,8129,3.4,229.0,0.1882,287.57234042553193,O3,5,0,0
5771,8130,3.1,208.0,0.1911,290.62659574468086,O3,5,0,0
5772,8131,3.6,207.0,0.1943,293.9968085106383,O3,5,0,0
5773,8132,3.8,216.0,0.202,302.1063829787234,O3,6,0,0
5774,8133,3.3,224.0,0.1999,299.8946808510638,O3,5,0,0
5775,8134,3.4,225.0,0.2008,300.84255319148934,O3,6,0,0
5776,8135,3.7,227.0,0.2026,302.7382978723404,O3,6,0,0
5777,8136,4.6,248.0,0.2225,323.6968085106383,O3,6,0,0
5778,8137,5.0,251.0,0.2317,333.38617021276593,O3,6,0,0
5779,8138,5.7,265.0,0.2426,344.86595744680847,O3,6,0,0
5780,8139,5.2,262.0,0.2355,337.38829787234044,O3,6,0,0
5781,8140,5.0,241.0,0.2375,339.4946808510638,O3,6,0,0
5782,8141,4.5,231.0,0.2494,352.0276595744681,O3,6,0,0
5783,8142,4.1,229.0,0.2411,343.2861702127659,O3,6,0,0
5784,8143,4.1,221.0,0.2226,323.80212765957447,O3,6,0,0
5785,8144,3.1,180.0,0.1808,279.7787234042553,O3,5,0,0
5786,8146,2.8,140.0,0.1548,252.39574468085107,O3,5,0,0
5787,8147,2.9,153.0,0.1541,251.65851063829786,O3,5,0,0
5788,8148,2.6,150.0,0.1441,241.12659574468086,O3,5,0,0
5789,8149,2.6,145.0,0.1396,236.3872340425532,O3,5,0,0
5790,8150,2.8,149.0,0.1411,237.96702127659574,O3,5,0,0
5791,8151,3.3,155.0,0.1497,247.02446808510638,O3,5,0,0
5792,8152,3.2,158.0,0.1619,259.87340425531914,O3,5,0,0
5793,8153,3.3,188.0,0.159,256.8191489361702,O3,5,0,0
5794,8154,1.5,154.0,0.1163,211.84787234042554,O3,5,0,0
5795,8155,1.2,107.0,0.1001,187.36315789473684,O3,4,0,0
5796,8156,1.1,92.0,0.0822,140.19999999999996,O3,3,0,0
5797,8157,1.7,106.0,0.0773,123.04999999999998,O3,3,0,0
5798,8158,1.0,90.0,0.0588,89.34782608695653,NO2,2,1,0
5799,8159,1.0,100.0,0.061,100.0,NO2,2,1,0
5800,8160,2.6,132.0,0.1,187.10526315789477,O3,4,0,0
5801,8161,2.5,211.0,0.1048,199.4842105263158,O3,4,0,0
5802,8162,2.1,179.0,0.1002,187.62105263157895,O3,4,0,0
5803,8163,1.0,116.0,0.0711,103.83783783783784,NO2,3,0,0
5804,8164,1.3,143.0,0.1024,193.2947368421053,O3,4,0,0
5805,8165,1.5,142.0,0.1054,108.75675675675676,NO2,3,0,0
5806,8166,1.4,135.0,0.0994,185.55789473684212,O3,4,0,0
5807,8167,1.6,136.0,0.1031,195.1,O3,4,0,0
5808,8168,1.1,109.0,0.0884,157.18947368421055,O3,4,0,0
5809,8170,0.5,62.0,0.0688,96.07999999999998,O3,2,1,0
5810,8171,0.4,49.0,0.0617,72.88666666666666,O3,2,1,0
5811,8172,0.7,81.0,0.0818,138.79999999999998,O3,3,0,0
5812,8173,0.7,104.0,0.069,101.56756756756756,NO2,3,0,0
5813,8174,2.3,176.0,0.1291,225.3287234042553,O3,5,0,0
5814,8175,2.5,193.0,0.12,215.74468085106383,O3,5,0,0
5815,8176,1.7,168.0,0.1127,208.0563829787234,O3,5,0,0
5816,8177,2.5,123.0,0.1582,255.97659574468085,O3,5,0,0
5817,8178,2.1,111.0,0.07,102.89189189189189,NO2,3,0,0
5818,8179,1.1,120.0,0.0693,104.5945945945946,NO2,3,0,0
5819,8180,1.3,123.0,0.0709,105.16216216216216,NO2,3,0,0
5820,8181,1.1,115.0,0.0671,103.64864864864865,NO2,3,0,0
5821,8182,1.1,120.0,0.0632,104.5945945945946,NO2,3,0,0
5822,8183,1.4,140.0,0.0716,108.37837837837839,NO2,3,0,0
5823,8184,2.3,185.0,0.1059,116.89189189189189,NO2,3,0,0
5824,8185,4.2,212.0,0.1329,229.33085106382978,O3,5,0,0
5825,8186,3.5,200.0,0.1196,215.32340425531916,O3,5,0,0
5826,8187,3.0,191.0,0.1131,208.4776595744681,O3,5,0,0
5827,8188,1.7,169.0,0.0977,181.17368421052632,O3,4,0,0
5828,8189,1.6,139.0,0.0963,177.56315789473683,O3,4,0,0
5829,8190,1.0,102.0,0.0581,101.1891891891892,NO2,3,0,0
5830,8191,0.8,76.0,0.0432,74.43478260869566,NO2,2,0,1
5831,8192,0.6,56.0,0.0352,53.130434782608695,NO2,2,0,1
5832,8195,0.3,28.0,0.0296,27.407407407407412,O3,1,1,1
5833,8196,0.4,56.0,0.0385,53.130434782608695,NO2,2,0,1
5834,8197,0.5,94.0,0.0586,93.6086956521739,NO2,2,0,1
5835,8198,1.5,196.0,0.0987,183.75263157894736,O3,4,0,0
5836,8199,2.1,220.0,0.1035,196.1315789473684,O3,4,0,0
5837,8200,1.6,168.0,0.0782,126.20000000000002,O3,3,0,0
5838,8201,1.0,133.0,0.0511,107.05405405405405,NO2,3,0,0
5839,8202,1.2,134.0,0.0566,107.24324324324324,NO2,3,0,0
5840,8203,1.3,138.0,0.0642,108.0,NO2,3,0,0
5841,8204,1.4,135.0,0.0591,107.43243243243244,NO2,3,0,0
5842,8205,1.0,111.0,0.0461,102.89189189189189,NO2,3,0,0
5843,8206,1.4,124.0,0.0609,105.35135135135135,NO2,3,0,0
5844,8207,1.5,158.0,0.0821,139.85000000000002,O3,3,0,0
5845,8208,2.4,181.0,0.1163,211.84787234042554,O3,5,0,0
5846,8209,2.8,185.0,0.1405,237.33510638297872,O3,5,0,0
5847,8210,3.1,187.0,0.1405,237.33510638297872,O3,5,0,0
5848,8211,3.1,196.0,0.1429,239.8627659574468,O3,5,0,0
5849,8212,2.0,174.0,0.1284,224.59148936170212,O3,5,0,0
5850,8213,2.1,182.0,0.1409,237.7563829787234,O3,5,0,0
5851,8214,1.9,182.0,0.1376,234.2808510638298,O3,5,0,0
5852,8215,2.5,193.0,0.1421,239.02021276595747,O3,5,0,0
5853,8216,2.0,174.0,0.1356,232.17446808510638,O3,5,0,0
5854,8218,1.1,142.0,0.1202,215.95531914893618,O3,5,0,0
5855,8219,0.8,137.0,0.1206,216.37659574468086,O3,5,0,0
5856,8220,0.9,140.0,0.1305,226.80319148936172,O3,5,0,0
5857,8221,1.6,201.0,0.1485,245.76063829787233,O3,5,0,0
5858,8222,3.6,288.0,0.1643,262.40106382978723,O3,5,0,0
5859,8223,3.3,260.0,0.1459,243.02234042553192,O3,5,0,0
5860,8224,2.1,206.0,0.1152,210.68936170212766,O3,5,0,0
5861,8225,1.3,98.0,0.0885,157.44736842105263,O3,4,0,0
5862,8226,1.1,138.0,0.077,122.0,O3,3,0,0
5863,8227,1.5,139.0,0.0852,108.1891891891892,NO2,3,0,0
5864,8228,1.5,137.0,0.083,143.0,O3,3,0,0
5865,8229,1.6,155.0,0.0867,152.80526315789476,O3,4,0,0
5866,8230,1.5,155.0,0.0881,156.4157894736842,O3,4,0,0
5867,8231,1.6,148.0,0.0975,180.65789473684214,O3,4,0,0
5868,8232,2.2,153.0,0.1136,209.00425531914894,O3,5,0,0
5869,8233,3.4,171.0,0.1434,240.38936170212764,O3,5,0,0
5870,8234,5.6,227.0,0.1746,273.2489361702128,O3,5,0,0
5871,8235,5.2,251.0,0.1592,257.02978723404254,O3,5,0,0
5872,8236,2.8,216.0,0.1341,230.59468085106383,O3,5,0,0
5873,8237,2.4,200.0,0.1208,216.5872340425532,O3,5,0,0
5874,8238,2.7,192.0,0.1334,229.85744680851062,O3,5,0,0
5875,8239,2.6,187.0,0.1208,216.5872340425532,O3,5,0,0
5876,8240,2.3,173.0,0.1196,215.32340425531916,O3,5,0,0
5877,8242,0.6,64.0,0.0656,85.62666666666667,O3,2,1,1
5878,8243,0.5,46.0,0.0478,44.25925925925927,O3,1,1,1
5879,8244,0.5,51.0,0.0489,48.113207547169814,NO2,1,1,1
5880,8245,1.0,115.0,0.0893,159.5105263157895,O3,4,0,0
5881,8246,2.6,238.0,0.1322,228.5936170212766,O3,5,0,0
5882,8247,2.7,202.0,0.128,224.17021276595744,O3,5,0,0
5883,8248,1.8,167.0,0.0943,172.40526315789475,O3,4,0,0
5884,8249,1.2,139.0,0.0772,122.70000000000002,O3,3,0,0
5885,8250,1.3,147.0,0.0826,141.60000000000002,O3,3,0,0
5886,8251,1.4,130.0,0.0808,135.29999999999998,O3,3,0,0
5887,8252,1.8,143.0,0.0901,161.57368421052632,O3,4,0,0
5888,8253,1.3,143.0,0.0763,119.55000000000003,O3,3,0,0
5889,8254,1.4,136.0,0.0722,107.62162162162163,NO2,3,0,0
5890,8255,1.4,143.0,0.0735,109.75,O3,3,0,0
5891,8256,2.4,177.0,0.1047,199.2263157894737,O3,4,0,0
5892,8257,2.8,198.0,0.1163,211.84787234042554,O3,5,0,0
5893,8258,3.3,200.0,0.1244,220.3787234042553,O3,5,0,0
5894,8259,2.5,191.0,0.1025,193.55263157894737,O3,4,0,0
5895,8260,2.1,169.0,0.0982,182.46315789473684,O3,4,0,0
5896,8261,1.2,106.0,0.0607,101.94594594594595,NO2,3,0,0
5897,8262,1.2,105.0,0.0616,101.75675675675676,NO2,3,0,0
5898,8263,1.3,130.0,0.0654,106.48648648648648,NO2,3,0,0
5899,8264,1.0,82.0,0.0479,80.82608695652175,NO2,2,1,1
5900,8267,0.4,35.0,0.035,33.0188679245283,NO2,1,0,1
5901,8268,0.5,60.0,0.0438,57.391304347826086,NO2,2,0,1
5902,8269,0.7,90.0,0.0578,89.34782608695653,NO2,2,0,1
5903,8270,2.1,205.0,0.114,209.4255319148936,O3,5,0,0
5904,8271,2.5,199.0,0.1203,216.06063829787234,O3,5,0,0
5905,8272,2.0,153.0,0.1,187.10526315789477,O3,4,0,0
5906,8273,1.4,163.0,0.0806,134.60000000000002,O3,3,0,0
5907,8274,1.3,152.0,0.0724,110.64864864864865,NO2,3,0,0
5908,8275,1.4,146.0,0.069,109.51351351351352,NO2,3,0,0
5909,8276,1.6,146.0,0.0757,117.45000000000002,O3,3,0,0
5910,8277,1.7,134.0,0.0818,138.79999999999998,O3,3,0,0
5911,8278,1.8,164.0,0.0936,170.60000000000002,O3,4,0,0
5912,8279,2.4,141.0,0.1133,208.68829787234043,O3,5,0,0
5913,8280,2.8,204.0,0.1298,226.0659574468085,O3,5,0,0
5914,8281,3.3,210.0,0.1387,235.43936170212766,O3,5,0,0
5915,8282,4.8,250.0,0.1502,247.55106382978724,O3,5,0,0
5916,8283,2.8,202.0,0.1273,223.43297872340426,O3,5,0,0
5917,8284,2.4,190.0,0.1271,223.2223404255319,O3,5,0,0
5918,8285,2.9,236.0,0.1464,243.54893617021276,O3,5,0,0
5919,8286,2.7,250.0,0.1384,235.12340425531914,O3,5,0,0
5920,8287,2.1,219.0,0.1281,224.2755319148936,O3,5,0,0
5921,8288,1.5,156.0,0.1083,203.4223404255319,O3,5,0,0
5922,8290,0.9,98.0,0.0911,164.1526315789474,O3,4,0,0
5923,8291,0.8,89.0,0.0893,159.5105263157895,O3,4,0,0
5924,8292,0.8,104.0,0.0894,159.76842105263157,O3,4,0,0
5925,8293,1.1,148.0,0.1018,191.74736842105264,O3,4,0,0
5926,8294,1.9,194.0,0.1191,214.7968085106383,O3,5,0,0
5927,8295,2.5,231.0,0.1285,224.6968085106383,O3,5,0,0
5928,8296,2.2,200.0,0.1219,217.74574468085106,O3,5,0,0
5929,8297,2.1,217.0,0.137,233.64893617021278,O3,5,0,0
5930,8298,2.3,210.0,0.1317,228.06702127659577,O3,5,0,0
5931,8299,1.2,126.0,0.0818,138.79999999999998,O3,3,0,0
5932,8300,1.2,118.0,0.0683,104.21621621621621,NO2,3,0,0
5933,8301,1.1,114.0,0.0573,103.45945945945945,NO2,3,0,0
5934,8302,1.1,117.0,0.0595,104.02702702702703,NO2,3,0,0
5935,8303,1.4,140.0,0.0774,123.39999999999999,O3,3,0,0
5936,8304,1.7,168.0,0.1059,113.67567567567568,NO2,3,0,0
5937,8305,2.5,202.0,0.1326,229.01489361702127,O3,5,0,0
5938,8306,2.7,211.0,0.1494,246.70851063829787,O3,5,0,0
5939,8307,3.1,231.0,0.1559,253.55425531914895,O3,5,0,0
5940,8308,2.8,214.0,0.1575,255.23936170212767,O3,5,0,0
5941,8309,1.9,181.0,0.1447,241.75851063829788,O3,5,0,0
5942,8310,1.9,173.0,0.1367,233.33297872340424,O3,5,0,0
5943,8311,1.7,169.0,0.123,218.90425531914894,O3,5,0,0
5944,8312,2.2,174.0,0.1396,236.3872340425532,O3,5,0,0
5945,8314,1.5,130.0,0.1009,189.4263157894737,O3,4,0,0
5946,8315,0.8,72.0,0.0572,70.17391304347827,NO2,2,1,1
5947,8316,0.5,40.0,0.042,38.88888888888889,O3,1,1,1
5948,8317,0.5,56.0,0.0453,53.130434782608695,NO2,2,1,1
5949,8318,0.7,81.0,0.052,79.76086956521739,NO2,2,1,1
5950,8319,0.7,81.0,0.0531,79.76086956521739,NO2,2,1,1
5951,8320,0.9,88.0,0.0579,87.21739130434783,NO2,2,1,1
5952,8321,1.0,94.0,0.057,93.6086956521739,NO2,2,0,1
5953,8322,1.1,97.0,0.0571,96.80434782608697,NO2,2,0,1
5954,8323,1.1,112.0,0.0582,103.08108108108108,NO2,3,0,0
5955,8324,1.0,104.0,0.0551,101.56756756756756,NO2,3,0,0
5956,8325,1.1,107.0,0.0634,102.13513513513513,NO2,3,0,0
5957,8326,1.3,114.0,0.0633,103.45945945945945,NO2,3,0,0
5958,8327,1.2,115.0,0.0613,103.64864864864865,NO2,3,0,0
5959,8328,1.3,127.0,0.0702,105.91891891891892,NO2,3,0,0
5960,8329,1.1,119.0,0.0649,104.4054054054054,NO2,3,0,0
5961,8330,1.5,149.0,0.0841,146.84999999999997,O3,3,0,0
5962,8331,1.4,140.0,0.0795,130.75,O3,3,0,0
5963,8332,1.1,105.0,0.0638,101.75675675675676,NO2,3,0,0
5964,8333,1.3,116.0,0.0663,103.83783783783784,NO2,3,0,0
5965,8334,1.4,112.0,0.061,103.08108108108108,NO2,3,0,0
5966,8335,1.1,80.0,0.048,78.69565217391305,NO2,2,0,1
5967,8336,0.8,59.0,0.0404,56.32608695652174,NO2,2,1,1
5968,8339,0.5,49.0,0.0399,46.22641509433962,NO2,1,0,1
5969,8340,0.6,63.0,0.0464,60.58695652173913,NO2,2,0,1
5970,8341,1.2,123.0,0.0699,105.16216216216216,NO2,3,0,0
5971,8342,2.2,164.0,0.1006,188.65263157894736,O3,4,0,0
5972,8343,2.9,218.0,0.1206,216.37659574468086,O3,5,0,0
5973,8344,2.9,254.0,0.1122,207.52978723404254,O3,5,0,0
5974,8345,2.0,210.0,0.1069,201.94787234042553,O3,5,0,0
5975,8346,1.7,208.0,0.1062,201.21063829787235,O3,5,0,0
5976,8347,2.2,204.0,0.1162,211.74255319148935,O3,5,0,0
5977,8348,1.8,172.0,0.101,189.6842105263158,O3,4,0,0
5978,8349,1.6,157.0,0.0931,169.3105263157895,O3,4,0,0
5979,8350,1.9,181.0,0.1025,193.55263157894737,O3,4,0,0
5980,8351,2.2,194.0,0.111,206.26595744680853,O3,5,0,0
5981,8352,2.2,193.0,0.0979,181.68947368421055,O3,4,0,0
5982,8353,4.9,252.0,0.1409,237.7563829787234,O3,5,0,0
5983,8354,6.3,283.0,0.1438,240.81063829787234,O3,5,0,0
5984,8355,2.7,208.0,0.1083,203.4223404255319,O3,5,0,0
5985,8356,1.4,143.0,0.0916,165.4421052631579,O3,4,0,0
5986,8357,1.2,124.0,0.0825,141.25,O3,3,0,0
5987,8358,0.8,89.0,0.0704,88.28260869565219,NO2,2,0,1
5988,8359,0.8,85.0,0.0668,89.54666666666665,O3,2,0,1
5989,8360,0.7,66.0,0.0512,63.78260869565217,NO2,2,0,1
5990,8362,0.4,46.0,0.0377,43.39622641509434,NO2,1,1,1
5991,8363,0.5,60.0,0.0467,57.391304347826086,NO2,2,0,1
5992,8364,0.9,117.0,0.0691,104.02702702702703,NO2,3,0,0
5993,8365,1.5,178.0,0.0981,182.20526315789476,O3,4,0,0
5994,8366,3.8,295.0,0.1369,233.5436170212766,O3,5,0,0
5995,8367,5.4,243.0,0.1589,256.71382978723403,O3,5,0,0
5996,8368,3.5,255.0,0.137,233.64893617021278,O3,5,0,0
5997,8369,1.7,201.0,0.1005,188.3947368421053,O3,4,0,0
5998,8370,2.0,208.0,0.1105,205.73936170212767,O3,5,0,0
5999,8371,2.1,212.0,0.1142,209.63617021276596,O3,5,0,0
6000,8372,3.0,238.0,0.1105,205.73936170212767,O3,5,0,0
6001,8373,2.1,201.0,0.0917,165.70000000000002,O3,4,0,0
6002,8374,2.5,218.0,0.105,200.0,O3,4,0,0
6003,8375,2.2,222.0,0.0848,149.29999999999998,O3,3,0,0
6004,8376,2.4,206.0,0.0952,174.72631578947372,O3,4,0,0
6005,8377,3.6,251.0,0.1059,129.3783783783784,NO2,3,0,0
6006,8378,2.6,190.0,0.072,117.83783783783784,NO2,3,0,0
6007,8379,2.7,218.0,0.0981,182.20526315789476,O3,4,0,0
6008,8380,1.4,150.0,0.0648,110.27027027027027,NO2,3,0,0
6009,8381,0.9,111.0,0.0611,102.89189189189189,NO2,3,0,0
6010,8382,1.5,142.0,0.0773,123.04999999999998,O3,3,0,0
6011,8383,1.1,119.0,0.0703,104.4054054054054,NO2,3,0,0
6012,8384,0.8,87.0,0.056,86.15217391304348,NO2,2,1,0
6013,8386,0.6,70.0,0.0575,68.04347826086956,NO2,2,1,0
6014,8387,0.6,68.0,0.0478,65.91304347826087,NO2,2,0,0
6015,8388,0.6,66.0,0.0442,63.78260869565217,NO2,2,0,0
6016,8389,0.7,117.0,0.0602,104.02702702702703,NO2,3,0,0
6017,8390,1.7,197.0,0.0936,170.60000000000002,O3,4,0,0
6018,8391,1.9,198.0,0.087,153.57894736842104,O3,4,0,0
6019,8392,1.4,167.0,0.0688,113.48648648648648,NO2,3,0,0
6020,8393,1.3,180.0,0.0706,115.94594594594595,NO2,3,0,0
6021,8394,1.2,169.0,0.0756,117.10000000000001,O3,3,0,0
6022,8395,1.9,210.0,0.0974,180.4,O3,4,0,0
6023,8396,2.5,232.0,0.1121,207.42446808510638,O3,5,0,0
6024,8397,2.3,223.0,0.1064,201.42127659574467,O3,5,0,0
6025,8398,2.3,224.0,0.1076,202.68510638297872,O3,5,0,0
6026,8399,2.5,238.0,0.109,204.1595744680851,O3,5,0,0
6027,8400,2.8,249.0,0.1119,207.21382978723403,O3,5,0,0
6028,8401,2.7,223.0,0.1181,213.7436170212766,O3,5,0,0
6029,8402,3.1,244.0,0.124,219.95744680851064,O3,5,0,0
6030,8403,2.9,243.0,0.1254,221.43191489361703,O3,5,0,0
6031,8404,2.6,226.0,0.1192,214.90212765957446,O3,5,0,0
6032,8405,1.5,167.0,0.102,192.26315789473682,O3,4,0,0
6033,8406,1.6,172.0,0.0916,165.4421052631579,O3,4,0,0
6034,8407,1.1,120.0,0.0798,131.79999999999998,O3,3,0,0
6035,8408,0.9,100.0,0.0762,119.20000000000002,O3,3,0,0
6036,8411,0.6,81.0,0.0606,79.76086956521739,NO2,2,1,0
6037,8412,0.8,131.0,0.0788,128.29999999999998,O3,3,0,0
6038,8413,1.5,170.0,0.0947,173.4368421052632,O3,4,0,0
6039,8414,3.1,267.0,0.1254,221.43191489361703,O3,5,0,0
6040,8415,3.8,269.0,0.1352,231.75319148936168,O3,5,0,0
6041,8416,2.7,244.0,0.1165,212.0585106382979,O3,5,0,0
6042,8417,1.8,232.0,0.1025,193.55263157894737,O3,4,0,0
6043,8418,1.4,196.0,0.0941,171.88947368421054,O3,4,0,0
6044,8419,1.7,195.0,0.1,187.10526315789477,O3,4,0,0
6045,8420,1.9,189.0,0.0962,177.30526315789473,O3,4,0,0
6046,8421,2.2,212.0,0.1214,217.2191489361702,O3,5,0,0
6047,8422,3.0,267.0,0.1428,239.75744680851065,O3,5,0,0
6048,8423,3.0,262.0,0.1484,245.65531914893617,O3,5,0,0
6049,8424,3.9,270.0,0.1658,263.9808510638298,O3,5,0,0
6050,8425,4.0,260.0,0.1632,261.2425531914894,O3,5,0,0
6051,8426,3.9,265.0,0.1628,260.8212765957447,O3,5,0,0
6052,8427,3.5,262.0,0.1481,245.33936170212766,O3,5,0,0
6053,8428,2.4,227.0,0.1205,216.27127659574467,O3,5,0,0
6054,8429,2.1,192.0,0.1106,205.84468085106383,O3,5,0,0
6055,8430,2.5,202.0,0.1106,205.84468085106383,O3,5,0,0
6056,8431,2.1,189.0,0.1092,204.37021276595746,O3,5,0,0
6057,8432,1.5,157.0,0.0984,182.97894736842107,O3,4,0,0
6058,8434,1.0,97.0,0.0848,149.29999999999998,O3,3,0,0
6059,8435,0.8,100.0,0.0771,122.35000000000001,O3,3,0,0
6060,8436,1.0,146.0,0.0895,160.0263157894737,O3,4,0,0
6061,8437,1.4,175.0,0.1003,187.87894736842105,O3,4,0,0
6062,8440,4.2,190.0,0.1606,258.5042553191489,O3,5,0,0
6063,8441,3.3,166.0,0.1354,231.96382978723403,O3,5,0,0
6064,8442,1.7,153.0,0.0914,164.92631578947368,O3,4,0,0
6065,8443,2.1,167.0,0.0913,164.6684210526316,O3,4,0,0
6066,8444,2.2,137.0,0.0847,148.94999999999996,O3,3,0,0
6067,8445,1.8,140.0,0.0778,124.79999999999998,O3,3,0,0
6068,8446,2.0,150.0,0.0835,144.75,O3,3,0,0
6069,8447,2.3,152.0,0.0903,162.08947368421056,O3,4,0,0
6070,8448,2.8,177.0,0.1157,211.21595744680852,O3,5,0,0
6071,8449,3.4,189.0,0.1237,219.64148936170213,O3,5,0,0
6072,8450,4.0,195.0,0.1253,221.32659574468084,O3,5,0,0
6073,8451,2.3,179.0,0.113,208.37234042553192,O3,5,0,0
6074,8452,2.7,188.0,0.1373,233.9648936170213,O3,5,0,0
6075,8453,2.7,170.0,0.1338,230.27872340425532,O3,5,0,0
6076,8454,2.8,161.0,0.1268,222.9063829787234,O3,5,0,0
6077,8455,2.1,145.0,0.1125,207.84574468085106,O3,5,0,0
6078,8456,1.9,136.0,0.1054,107.62162162162163,NO2,3,0,0
6079,8458,1.7,122.0,0.1029,194.58421052631581,O3,4,0,0
6080,8459,1.3,115.0,0.0882,156.67368421052635,O3,4,0,0
6081,8460,0.9,103.0,0.0717,103.45000000000002,O3,3,0,0
6082,8461,1.0,108.0,0.0599,102.32432432432432,NO2,3,0,0
6083,8462,1.0,124.0,0.0687,105.35135135135135,NO2,3,0,0
6084,8463,1.5,133.0,0.0706,107.05405405405405,NO2,3,0,0
6085,8464,1.5,124.0,0.0682,105.35135135135135,NO2,3,0,0
6086,8465,1.4,116.0,0.0629,103.83783783783784,NO2,3,0,0
6087,8466,2.4,113.0,0.0664,103.27027027027027,NO2,3,0,0
6088,8467,2.8,117.0,0.0664,104.02702702702703,NO2,3,0,0
6089,8468,2.9,118.0,0.063,104.21621621621621,NO2,3,0,0
6090,8469,2.6,108.0,0.0524,102.32432432432432,NO2,3,0,0
6091,8470,2.5,98.0,0.0488,97.86956521739131,NO2,2,1,0
6092,8471,2.7,117.0,0.0609,104.02702702702703,NO2,3,0,0
6093,8472,2.8,126.0,0.0684,105.72972972972973,NO2,3,0,0
6094,8473,3.0,142.0,0.0788,128.29999999999998,O3,3,0,0
6095,8474,3.7,157.0,0.103,194.8421052631579,O3,4,0,0
6096,8475,3.5,161.0,0.1026,193.81052631578947,O3,4,0,0
6097,8476,3.8,169.0,0.1182,213.84893617021277,O3,5,0,0
6098,8477,4.3,166.0,0.1284,224.59148936170212,O3,5,0,0
6099,8478,4.8,189.0,0.1371,233.75425531914894,O3,5,0,0
6100,8479,4.2,184.0,0.1234,219.32553191489362,O3,5,0,0
6101,8480,3.3,145.0,0.106,201.0,O3,5,0,0
6102,8483,1.0,87.0,0.0751,115.35000000000001,O3,3,0,0
6103,8484,0.9,77.0,0.0742,112.20000000000002,O3,3,0,0
6104,8485,1.1,112.0,0.0879,155.90000000000003,O3,4,0,0
6105,8486,1.1,118.0,0.0871,153.83684210526317,O3,4,0,0
6106,8487,1.2,124.0,0.089,158.73684210526315,O3,4,0,0
6107,8488,1.7,144.0,0.1059,109.13513513513513,NO2,3,0,0
6108,8489,1.6,128.0,0.0808,135.29999999999998,O3,3,0,0
6109,8490,1.4,120.0,0.0616,104.5945945945946,NO2,3,0,0
6110,8491,1.8,131.0,0.0609,106.67567567567568,NO2,3,0,0
6111,8492,1.1,115.0,0.0471,103.64864864864865,NO2,3,0,0
6112,8493,0.9,82.0,0.0391,80.82608695652175,NO2,2,1,0
6113,8494,1.1,100.0,0.0398,100.0,NO2,2,0,0
6114,8495,1.1,111.0,0.0419,102.89189189189189,NO2,3,0,0
6115,8496,1.2,132.0,0.0509,106.86486486486487,NO2,3,0,0
6116,8497,1.6,155.0,0.0723,111.21621621621622,NO2,3,0,0
6117,8498,2.6,181.0,0.0888,158.22105263157897,O3,4,0,0
6118,8499,1.5,155.0,0.0596,111.21621621621622,NO2,3,0,0
6119,8500,1.0,105.0,0.0451,101.75675675675676,NO2,3,0,0
6120,8501,1.3,119.0,0.0581,104.4054054054054,NO2,3,0,0
6121,8502,1.6,150.0,0.0698,110.27027027027027,NO2,3,0,0
6122,8503,1.0,94.0,0.0423,93.6086956521739,NO2,2,1,1
6123,8504,0.6,56.0,0.0332,53.130434782608695,NO2,2,1,1
6124,8506,0.3,28.0,0.0261,26.41509433962264,NO2,1,1,1
6125,8507,0.3,25.0,0.0252,23.58490566037736,NO2,1,1,1
6126,8508,0.3,31.0,0.0257,29.245283018867926,NO2,1,1,1
6127,8509,0.4,66.0,0.0308,63.78260869565217,NO2,2,1,1
6128,8510,1.0,111.0,0.0456,102.89189189189189,NO2,3,0,0
6129,8511,1.2,122.0,0.0527,104.97297297297297,NO2,3,0,0
6130,8512,1.0,115.0,0.0475,103.64864864864865,NO2,3,0,0
6131,8513,0.9,123.0,0.0434,105.16216216216216,NO2,3,0,0
6132,8514,0.8,119.0,0.0385,104.4054054054054,NO2,3,0,0
6133,8515,1.1,125.0,0.0435,105.54054054054055,NO2,3,0,0
6134,8516,1.0,110.0,0.0421,102.70270270270271,NO2,3,0,0
6135,8517,0.8,111.0,0.0371,102.89189189189189,NO2,3,0,0
6136,8518,0.9,114.0,0.0382,103.45945945945945,NO2,3,0,0
6137,8519,0.9,114.0,0.0408,103.45945945945945,NO2,3,0,0
6138,8520,2.0,140.0,0.0676,108.37837837837839,NO2,3,0,0
6139,8521,2.4,141.0,0.0798,131.79999999999998,O3,3,0,0
6140,8522,2.5,142.0,0.0793,130.04999999999998,O3,3,0,0
6141,8523,1.6,123.0,0.0573,105.16216216216216,NO2,3,0,0
6142,8524,0.9,90.0,0.0402,89.34782608695653,NO2,2,1,1
6143,8525,0.7,79.0,0.0343,77.6304347826087,NO2,2,0,1
6144,8526,0.6,69.0,0.0322,66.97826086956522,NO2,2,0,1
6145,8527,0.6,60.0,0.0307,57.391304347826086,NO2,2,0,1
6146,8528,0.4,37.0,0.0268,34.905660377358494,NO2,1,0,1
6147,8530,0.2,27.0,0.0221,25.471698113207548,NO2,1,0,1
6148,8531,0.2,30.0,0.0225,28.30188679245283,NO2,1,1,1
6149,8532,0.2,33.0,0.0232,31.132075471698112,NO2,1,1,1
6150,8533,0.5,84.0,0.0313,82.95652173913044,NO2,2,0,1
6151,8534,1.5,147.0,0.0629,109.70270270270271,NO2,3,0,0
6152,8535,1.9,143.0,0.079,129.0,O3,3,0,0
6153,8536,1.4,122.0,0.063,104.97297297297297,NO2,3,0,0
6154,8537,0.9,109.0,0.0472,102.51351351351352,NO2,3,0,0
6155,8538,0.7,95.0,0.0378,94.67391304347827,NO2,2,1,0
6156,8539,0.8,94.0,0.0384,93.6086956521739,NO2,2,1,0
6157,8540,1.0,102.0,0.0426,101.1891891891892,NO2,3,0,0
6158,8541,0.9,107.0,0.0442,102.13513513513513,NO2,3,0,0
6159,8542,1.0,113.0,0.0467,103.27027027027027,NO2,3,0,0
6160,8543,0.9,110.0,0.0448,102.70270270270271,NO2,3,0,0
6161,8544,1.4,116.0,0.0582,103.83783783783784,NO2,3,0,0
6162,8545,2.1,148.0,0.0892,159.2526315789474,O3,4,0,0
6163,8546,2.8,156.0,0.1006,188.65263157894736,O3,4,0,0
6164,8547,2.2,159.0,0.0852,111.97297297297297,NO2,3,0,0
6165,8548,1.0,116.0,0.0543,103.83783783783784,NO2,3,0,0
6166,8549,1.1,110.0,0.0529,102.70270270270271,NO2,3,0,0
6167,8550,0.9,102.0,0.0465,101.1891891891892,NO2,3,0,0
6168,8551,0.8,93.0,0.0405,92.54347826086956,NO2,2,1,0
6169,8552,0.6,67.0,0.0332,64.84782608695653,NO2,2,1,0
6170,8555,0.4,73.0,0.063,77.13333333333333,O3,2,0,0
6171,8556,0.5,96.0,0.0768,121.29999999999998,O3,3,0,0
6172,8557,0.7,110.0,0.0866,152.54736842105265,O3,4,0,0
6173,8558,2.4,150.0,0.1254,221.43191489361703,O3,5,0,0
6174,8559,2.8,169.0,0.1347,231.22659574468082,O3,5,0,0
6175,8560,2.0,181.0,0.1216,217.42978723404255,O3,5,0,0
6176,8561,2.2,187.0,0.1151,210.5840425531915,O3,5,0,0
6177,8562,1.4,146.0,0.0699,109.51351351351352,NO2,3,0,0
6178,8563,1.2,131.0,0.0584,106.67567567567568,NO2,3,0,0
6179,8564,1.9,161.0,0.0836,145.09999999999997,O3,3,0,0
6180,8565,1.3,143.0,0.0626,108.94594594594595,NO2,3,0,0
6181,8566,2.0,176.0,0.0878,155.64210526315793,O3,4,0,0
6182,8567,2.0,178.0,0.0952,174.72631578947372,O3,4,0,0
6183,8568,3.4,207.0,0.146,243.12765957446808,O3,5,0,0
6184,8569,5.1,240.0,0.1855,284.72872340425533,O3,5,0,0
6185,8570,5.3,236.0,0.186,285.25531914893617,O3,5,0,0
6186,8571,2.8,199.0,0.1629,260.92659574468087,O3,5,0,0
6187,8572,1.6,170.0,0.1454,242.49574468085106,O3,5,0,0
6188,8573,1.4,153.0,0.1348,231.331914893617,O3,5,0,0
6189,8574,1.4,140.0,0.1326,229.01489361702127,O3,5,0,0
6190,8575,1.4,138.0,0.1285,224.6968085106383,O3,5,0,0
6191,8576,1.1,117.0,0.1205,216.27127659574467,O3,5,0,0
6192,8578,1.0,119.0,0.1448,241.86382978723407,O3,5,0,0
6193,8579,1.0,108.0,0.1433,240.2840425531915,O3,5,0,0
6194,8580,1.2,121.0,0.1447,241.75851063829788,O3,5,0,0
6195,8581,1.4,136.0,0.1481,245.33936170212766,O3,5,0,0
6196,8582,3.0,175.0,0.1785,277.3563829787234,O3,5,0,0
6197,8583,4.2,211.0,0.1756,274.30212765957447,O3,5,0,0
6198,8584,2.1,186.0,0.1368,233.43829787234043,O3,5,0,0
6199,8585,2.0,177.0,0.1197,215.42872340425532,O3,5,0,0
6200,8586,1.6,147.0,0.1084,203.5276595744681,O3,5,0,0
6201,8587,1.4,150.0,0.1039,197.16315789473686,O3,4,0,0
6202,8588,1.6,148.0,0.0961,177.04736842105265,O3,4,0,0
6203,8589,1.5,151.0,0.0964,177.82105263157897,O3,4,0,0
6204,8590,1.7,151.0,0.0941,171.88947368421054,O3,4,0,0
6205,8591,1.9,165.0,0.1111,206.3712765957447,O3,5,0,0
6206,8592,3.8,197.0,0.1459,243.02234042553192,O3,5,0,0
6207,8593,5.4,228.0,0.1519,249.34148936170214,O3,5,0,0
6208,8594,4.2,196.0,0.1412,238.0723404255319,O3,5,0,0
6209,8595,3.8,192.0,0.1336,230.06808510638297,O3,5,0,0
6210,8596,2.3,161.0,0.1285,224.6968085106383,O3,5,0,0
6211,8597,2.1,156.0,0.124,219.95744680851064,O3,5,0,0
6212,8598,2.3,158.0,0.1282,224.3808510638298,O3,5,0,0
6213,8599,2.3,154.0,0.1189,214.58617021276598,O3,5,0,0
6214,8600,1.7,138.0,0.1117,207.0031914893617,O3,5,0,0
6215,8602,0.6,92.0,0.0744,112.89999999999999,O3,3,0,0
6216,8603,0.9,103.0,0.0928,168.53684210526316,O3,4,0,0
6217,8604,1.1,117.0,0.1006,188.65263157894736,O3,4,0,0
6218,8605,1.9,139.0,0.1173,212.90106382978723,O3,5,0,0
6219,8606,3.7,167.0,0.1568,254.50212765957446,O3,5,0,0
6220,8607,6.1,205.0,0.1913,290.8372340425532,O3,5,0,0
6221,8608,4.6,216.0,0.1643,262.40106382978723,O3,5,0,0
6222,8609,3.3,192.0,0.1605,258.3989361702128,O3,5,0,0
6223,8610,3.3,188.0,0.1668,265.0340425531915,O3,5,0,0
6224,8611,3.4,189.0,0.171,269.45744680851067,O3,5,0,0
6225,8612,3.6,192.0,0.1632,261.2425531914894,O3,5,0,0
6226,8613,3.9,194.0,0.1545,252.07978723404256,O3,5,0,0
6227,8614,4.8,217.0,0.1557,253.3436170212766,O3,5,0,0
6228,8615,3.9,178.0,0.1529,250.39468085106384,O3,5,0,0
6229,8616,3.6,183.0,0.143,239.96808510638297,O3,5,0,0
6230,8617,3.6,189.0,0.1509,248.28829787234042,O3,5,0,0
6231,8618,4.6,225.0,0.1615,259.45212765957444,O3,5,0,0
6232,8619,2.3,175.0,0.1242,220.168085106383,O3,5,0,0
6233,8620,1.6,153.0,0.1065,201.52659574468086,O3,5,0,0
6234,8621,1.8,156.0,0.118,213.63829787234042,O3,5,0,0
6235,8622,2.2,172.0,0.1158,211.32127659574468,O3,5,0,0
6236,8623,2.1,164.0,0.1216,217.42978723404255,O3,5,0,0
6237,8624,1.7,157.0,0.0971,179.62631578947372,O3,4,0,0
6238,8627,1.1,110.0,0.0813,137.04999999999998,O3,3,0,0
6239,8628,1.1,128.0,0.1001,187.36315789473684,O3,4,0,0
6240,8629,0.8,132.0,0.0655,106.86486486486487,NO2,3,0,0
6241,8630,1.3,156.0,0.0933,169.82631578947368,O3,4,0,0
6242,8631,2.3,185.0,0.1088,203.94893617021276,O3,5,0,0
6243,8632,1.1,121.0,0.0562,104.78378378378379,NO2,3,0,0
6244,8633,1.1,117.0,0.0586,104.02702702702703,NO2,3,0,0
6245,8634,1.5,133.0,0.0617,107.05405405405405,NO2,3,0,0
6246,8635,1.6,136.0,0.0705,107.62162162162163,NO2,3,0,0
6247,8636,2.2,162.0,0.0814,137.39999999999998,O3,3,0,0
6248,8637,1.5,132.0,0.0615,106.86486486486487,NO2,3,0,0
6249,8638,1.8,162.0,0.0804,133.89999999999998,O3,3,0,0
6250,8639,2.0,159.0,0.0861,151.2578947368421,O3,4,0,0
6251,8640,1.9,156.0,0.098,181.94736842105266,O3,4,0,0
6252,8641,2.5,177.0,0.1077,202.7904255319149,O3,5,0,0
6253,8642,2.6,185.0,0.1214,217.2191489361702,O3,5,0,0
6254,8643,3.2,199.0,0.1169,212.47978723404256,O3,5,0,0
6255,8644,2.2,166.0,0.1079,203.00106382978723,O3,5,0,0
6256,8645,1.9,152.0,0.1147,210.1627659574468,O3,5,0,0
6257,8646,2.4,170.0,0.126,222.06382978723406,O3,5,0,0
6258,8647,1.8,160.0,0.0929,168.79473684210527,O3,4,0,0
6259,8648,0.9,100.0,0.0465,100.0,NO2,2,0,1
6260,8650,0.7,57.0,0.0342,54.19565217391305,NO2,2,0,1
6261,8651,0.6,48.0,0.0313,45.283018867924525,NO2,1,1,1
6262,8652,0.5,32.0,0.0292,30.18867924528302,NO2,1,1,1
6263,8653,0.6,72.0,0.0367,70.17391304347827,NO2,2,1,1
6264,8654,0.6,86.0,0.0387,85.08695652173913,NO2,2,1,1
6265,8655,0.7,79.0,0.0399,77.6304347826087,NO2,2,1,1
6266,8656,0.7,87.0,0.0376,86.15217391304348,NO2,2,1,1
6267,8657,0.9,85.0,0.0377,84.02173913043478,NO2,2,1,1
6268,8658,1.0,97.0,0.0379,96.80434782608697,NO2,2,1,1
6269,8659,1.0,96.0,0.0387,95.73913043478261,NO2,2,1,1
6270,8660,1.4,113.0,0.0552,103.27027027027027,NO2,3,0,0
6271,8661,3.0,163.0,0.093,169.05263157894737,O3,4,0,0
6272,8662,1.5,146.0,0.0554,109.51351351351352,NO2,3,0,0
6273,8663,1.7,167.0,0.0723,113.48648648648648,NO2,3,0,0
6274,8664,2.3,162.0,0.0875,154.8684210526316,O3,4,0,0
6275,8665,2.5,194.0,0.0949,173.95263157894738,O3,4,0,0
6276,8666,2.1,185.0,0.0869,153.32105263157897,O3,4,0,0
6277,8667,1.5,158.0,0.0747,113.95000000000002,O3,3,0,0
6278,8668,1.4,156.0,0.074,111.5,O3,3,0,0
6279,8669,1.4,157.0,0.0807,134.94999999999996,O3,3,0,0
6280,8670,1.4,141.0,0.0653,108.56756756756756,NO2,3,0,0
6281,8671,1.2,116.0,0.0553,103.83783783783784,NO2,3,0,0
6282,8672,0.9,84.0,0.0412,82.95652173913044,NO2,2,1,1
6283,8674,0.4,34.0,0.0262,32.075471698113205,NO2,1,1,1
6284,8675,0.4,45.0,0.0288,42.45283018867924,NO2,1,1,1
6285,8676,0.5,59.0,0.031,56.32608695652174,NO2,2,1,1
6286,8677,0.7,99.0,0.0418,98.93478260869566,NO2,2,1,1
6287,8678,1.5,165.0,0.0769,121.64999999999999,O3,3,0,0
6288,8679,1.9,168.0,0.0881,156.4157894736842,O3,4,0,0
6289,8680,1.6,169.0,0.0816,138.10000000000002,O3,3,0,0
6290,8681,1.4,162.0,0.0684,112.54054054054055,NO2,3,0,0
6291,8682,1.3,155.0,0.0627,111.21621621621622,NO2,3,0,0
6292,8683,1.3,136.0,0.0523,107.62162162162163,NO2,3,0,0
6293,8684,1.2,124.0,0.0502,105.35135135135135,NO2,3,0,0
6294,8685,1.3,158.0,0.0604,111.78378378378379,NO2,3,0,0
6295,8686,1.4,167.0,0.0682,113.48648648648648,NO2,3,0,0
6296,8687,1.7,176.0,0.0846,148.59999999999997,O3,3,0,0
6297,8688,2.5,204.0,0.1027,194.06842105263158,O3,4,0,0
6298,8689,3.8,209.0,0.1315,227.85638297872342,O3,5,0,0
6299,8690,4.2,224.0,0.1363,232.91170212765957,O3,5,0,0
6300,8691,2.8,211.0,0.1236,219.53617021276597,O3,5,0,0
6301,8692,1.5,174.0,0.1076,202.68510638297872,O3,5,0,0
6302,8693,1.8,181.0,0.12,215.74468085106383,O3,5,0,0
6303,8694,1.5,157.0,0.1081,203.21170212765958,O3,5,0,0
6304,8695,1.5,154.0,0.1174,213.00638297872342,O3,5,0,0
6305,8696,1.2,147.0,0.1033,195.61578947368423,O3,4,0,0
6306,8699,0.7,114.0,0.0886,157.70526315789476,O3,4,0,0
6307,8700,0.7,134.0,0.0949,173.95263157894738,O3,4,0,0
6308,8701,1.3,144.0,0.1037,196.64736842105265,O3,4,0,0
6309,8702,3.4,182.0,0.1571,254.81808510638297,O3,5,0,0
6310,8703,5.5,223.0,0.1885,287.88829787234044,O3,5,0,0
6311,8704,4.1,219.0,0.1683,266.61382978723407,O3,5,0,0
6312,8705,3.0,215.0,0.1412,238.0723404255319,O3,5,0,0
6313,8706,1.9,191.0,0.1006,188.65263157894736,O3,4,0,0
6314,8707,1.8,162.0,0.0855,112.54054054054055,NO2,3,0,0
6315,8708,2.1,165.0,0.0964,177.82105263157897,O3,4,0,0
6316,8709,2.3,171.0,0.0886,157.70526315789476,O3,4,0,0
6317,8710,2.3,164.0,0.0947,173.4368421052632,O3,4,0,0
6318,8711,2.0,168.0,0.0984,182.97894736842107,O3,4,0,0
6319,8712,3.1,204.0,0.145,242.07446808510636,O3,5,0,0
6320,8713,5.1,242.0,0.1837,282.83297872340427,O3,5,0,0
6321,8714,5.9,246.0,0.1899,289.3627659574468,O3,5,0,0
6322,8715,3.2,215.0,0.1629,260.92659574468087,O3,5,0,0
6323,8716,2.4,206.0,0.149,246.28723404255317,O3,5,0,0
6324,8717,1.4,167.0,0.1319,228.2776595744681,O3,5,0,0
6325,8718,1.4,145.0,0.1247,220.69468085106382,O3,5,0,0
6326,8719,1.3,133.0,0.1144,209.8468085106383,O3,5,0,0
6327,8720,1.0,117.0,0.1014,190.71578947368423,O3,4,0,0
6328,8722,0.8,90.0,0.0875,154.8684210526316,O3,4,0,0
6329,8723,0.9,112.0,0.0971,179.62631578947372,O3,4,0,0
6330,8724,0.9,120.0,0.1048,199.4842105263158,O3,4,0,0
6331,8725,1.7,141.0,0.1223,218.16702127659576,O3,5,0,0
6332,8726,4.3,190.0,0.1756,274.30212765957447,O3,5,0,0
6333,8727,6.0,215.0,0.2014,301.47446808510637,O3,6,0,0
6334,8728,3.8,215.0,0.1855,284.72872340425533,O3,5,0,0
6335,8729,3.3,235.0,0.1795,278.4095744680851,O3,5,0,0
6336,8730,2.3,194.0,0.1575,255.23936170212767,O3,5,0,0
6337,8731,2.4,159.0,0.1461,243.23297872340424,O3,5,0,0
6338,8732,2.2,123.0,0.1314,227.75106382978723,O3,5,0,0
6339,8733,1.9,121.0,0.1147,210.1627659574468,O3,5,0,0
6340,8734,1.7,102.0,0.0948,173.69473684210527,O3,4,0,0
6341,8735,1.9,114.0,0.1252,221.22127659574468,O3,5,0,0
6342,8736,3.8,168.0,0.1676,265.87659574468086,O3,5,0,0
6343,8737,5.3,207.0,0.2056,305.8978723404255,O3,6,0,0
6344,8738,5.9,199.0,0.2088,309.26808510638296,O3,6,0,0
6345,8739,5.5,192.0,0.1945,294.20744680851067,O3,5,0,0
6346,8740,2.0,148.0,0.1482,245.44468085106382,O3,5,0,0
6347,8741,1.8,137.0,0.1448,241.86382978723407,O3,5,0,0
6348,8742,1.6,123.0,0.1304,226.69787234042553,O3,5,0,0
6349,8743,1.3,109.0,0.1186,214.27021276595744,O3,5,0,0
6350,8744,1.1,98.0,0.1051,97.86956521739131,NO2,2,1,0
6351,8746,1.0,94.0,0.0969,179.11052631578949,O3,4,0,0
6352,8747,0.8,95.0,0.0951,174.4684210526316,O3,4,0,0
6353,8748,0.9,101.0,0.097,179.3684210526316,O3,4,0,0
6354,8749,1.3,100.0,0.109,204.1595744680851,O3,5,0,0
6355,8750,4.1,150.0,0.1673,265.56063829787234,O3,5,0,0
6356,8751,3.9,168.0,0.1833,282.41170212765957,O3,5,0,0
6357,8752,3.5,199.0,0.1828,281.88510638297873,O3,5,0,0
6358,8753,2.7,168.0,0.1724,270.93191489361703,O3,5,0,0
6359,8754,2.3,161.0,0.1547,252.29042553191488,O3,5,0,0
6360,8756,2.1,145.0,0.1,187.10526315789477,O3,4,0,0
6361,8757,2.2,148.0,0.0942,172.14736842105265,O3,4,0,0
6362,8758,1.8,131.0,0.0745,113.25,O3,3,0,0
6363,8759,1.9,137.0,0.0941,171.88947368421054,O3,4,0,0
6364,8760,2.7,163.0,0.1232,219.11489361702127,O3,5,0,0
6365,8761,4.7,219.0,0.1527,250.1840425531915,O3,5,0,0
6366,8762,5.4,245.0,0.1746,273.2489361702128,O3,5,0,0
6367,8763,4.2,229.0,0.1741,272.7223404255319,O3,5,0,0
6368,8764,2.1,184.0,0.1433,240.2840425531915,O3,5,0,0
6369,8765,1.4,151.0,0.1235,219.43085106382978,O3,5,0,0
6370,8766,1.4,133.0,0.1173,212.90106382978723,O3,5,0,0
6371,8767,1.4,135.0,0.1171,212.69042553191488,O3,5,0,0
6372,8768,1.0,111.0,0.1024,193.2947368421053,O3,4,0,0
6373,8769,0.8,90.0,0.0928,168.53684210526316,O3,4,0,0
6374,8771,0.7,89.0,0.0871,153.83684210526317,O3,4,0,0
6375,8772,0.6,89.0,0.0884,157.18947368421055,O3,4,0,0
6376,8773,0.2,117.0,0.101,189.6842105263158,O3,4,0,0
6377,8774,1.5,141.0,0.1416,238.4936170212766,O3,5,0,0
6378,8775,3.5,189.0,0.1817,280.7265957446808,O3,5,0,0
6379,8776,3.0,211.0,0.187,286.3085106382979,O3,5,0,0
6380,8778,1.0,162.0,0.1305,226.80319148936172,O3,5,0,0
6381,8779,1.5,172.0,0.1205,216.27127659574467,O3,5,0,0
6382,8780,2.2,182.0,0.1339,230.38404255319148,O3,5,0,0
6383,8781,1.7,180.0,0.1161,211.6372340425532,O3,5,0,0
6384,8782,1.1,156.0,0.0996,186.07368421052632,O3,4,0,0
6385,8783,1.3,168.0,0.0906,162.86315789473684,O3,4,0,0
6386,8784,1.5,181.0,0.1161,211.6372340425532,O3,5,0,0
6387,8785,3.4,226.0,0.1695,267.8776595744681,O3,5,0,0
6388,8786,3.8,231.0,0.1705,268.9308510638298,O3,5,0,0
6389,8787,2.8,222.0,0.1379,234.59680851063828,O3,5,0,0
6390,8788,0.8,165.0,0.0943,172.40526315789475,O3,4,0,0
6391,8789,0.5,151.0,0.1073,202.36914893617023,O3,5,0,0
6392,8790,1.0,174.0,0.1213,217.11382978723404,O3,5,0,0
6393,8791,0.4,145.0,0.0898,160.80000000000004,O3,4,0,0
6394,8792,0.4,147.0,0.1094,204.58085106382978,O3,5,0,0
6395,8793,0.3,134.0,0.1064,201.42127659574467,O3,5,0,0
6396,8798,0.1,88.0,0.057,87.21739130434783,NO2,2,0,0
6397,8799,0.2,109.0,0.0782,126.20000000000002,O3,3,0,0
6398,8800,0.6,130.0,0.0744,112.89999999999999,O3,3,0,0
6399,8801,0.7,137.0,0.0791,129.35000000000002,O3,3,0,0
6400,8802,0.6,145.0,0.0749,114.64999999999999,O3,3,0,0
6401,8803,0.3,128.0,0.0615,106.10810810810811,NO2,3,0,0
6402,8804,0.5,129.0,0.0681,106.29729729729729,NO2,3,0,0
6403,8805,0.2,105.0,0.0515,101.75675675675676,NO2,3,0,0
6404,8806,0.4,114.0,0.0583,103.45945945945945,NO2,3,0,0
6405,8807,0.7,146.0,0.0728,109.51351351351352,NO2,3,0,0
6406,8808,0.9,156.0,0.0827,141.94999999999996,O3,3,0,0
6407,8809,0.8,152.0,0.0844,147.89999999999998,O3,3,0,0
6408,8810,2.4,201.0,0.131,227.32978723404256,O3,5,0,0
6409,8811,3.3,221.0,0.1353,231.85851063829787,O3,5,0,0
6410,8812,0.9,157.0,0.0907,163.12105263157898,O3,4,0,0
6411,8813,0.1,114.0,0.0646,103.45945945945945,NO2,3,0,0
6412,8814,0.1,107.0,0.0482,102.13513513513513,NO2,3,0,0
6413,8815,0.1,113.0,0.0526,103.27027027027027,NO2,3,0,0
6414,8816,0.2,118.0,0.0595,104.21621621621621,NO2,3,0,0
6415,8823,0.1,112.0,0.0601,103.08108108108108,NO2,3,0,0
6416,8824,0.3,148.0,0.0962,177.30526315789473,O3,4,0,0
6417,8825,1.0,160.0,0.1231,219.0095744680851,O3,5,0,0
6418,8826,1.6,164.0,0.1396,236.3872340425532,O3,5,0,0
6419,8827,1.4,159.0,0.1297,225.96063829787235,O3,5,0,0
6420,8828,0.3,110.0,0.0616,102.70270270270271,NO2,3,0,0
6421,8829,0.1,82.0,0.0509,80.82608695652175,NO2,2,1,0
6422,8830,0.3,102.0,0.059,101.1891891891892,NO2,3,0,0
6423,8831,0.5,119.0,0.0718,104.4054054054054,NO2,3,0,0
6424,8832,0.8,135.0,0.0898,160.80000000000004,O3,4,0,0
6425,8833,3.2,215.0,0.1577,255.45,O3,5,0,0
6426,8834,2.8,211.0,0.156,253.6595744680851,O3,5,0,0
6427,8835,1.0,172.0,0.1208,216.5872340425532,O3,5,0,0
6428,8836,0.9,166.0,0.1244,220.3787234042553,O3,5,0,0
6429,8837,0.9,168.0,0.1181,213.7436170212766,O3,5,0,0
6430,8838,0.4,134.0,0.0828,142.29999999999998,O3,3,0,0
6431,8839,0.4,122.0,0.0923,167.2473684210526,O3,4,0,0
6432,8840,0.3,123.0,0.1096,204.79148936170213,O3,5,0,0
6433,8841,0.1,104.0,0.1106,205.84468085106383,O3,5,0,0
6434,8843,0.8,85.0,0.0937,170.85789473684213,O3,4,0,0
6435,8844,1.0,103.0,0.1049,199.7421052631579,O3,4,0,0
6436,8845,1.6,127.0,0.118,213.63829787234042,O3,5,0,0
6437,8846,3.5,163.0,0.1514,248.81489361702128,O3,5,0,0
6438,8847,4.0,155.0,0.1771,275.881914893617,O3,5,0,0
6439,8848,3.5,170.0,0.1395,236.28191489361703,O3,5,0,0
6440,8849,1.6,141.0,0.1024,193.2947368421053,O3,4,0,0
6441,8850,1.5,123.0,0.0946,173.17894736842106,O3,4,0,0
6442,8851,1.5,124.0,0.0864,152.03157894736844,O3,4,0,0
6443,8852,1.7,126.0,0.0889,158.47894736842107,O3,4,0,0
6444,8853,1.6,128.0,0.0903,162.08947368421056,O3,4,0,0
6445,8854,2.4,158.0,0.1121,207.42446808510638,O3,5,0,0
6446,8855,3.4,177.0,0.1319,228.2776595744681,O3,5,0,0
6447,8856,5.4,225.0,0.1829,281.99042553191487,O3,5,0,0
6448,8857,6.5,234.0,0.2,300.0,O3,5,0,0
6449,8858,6.5,227.0,0.2001,300.10531914893613,O3,6,0,0
6450,8859,4.0,192.0,0.1598,257.66170212765957,O3,5,0,0
6451,8860,2.1,158.0,0.1383,235.01808510638298,O3,5,0,0
6452,8861,1.6,149.0,0.1238,219.7468085106383,O3,5,0,0
6453,8862,1.5,140.0,0.1023,193.03684210526316,O3,4,0,0
6454,8863,0.7,79.0,0.0659,86.60666666666665,O3,2,0,0
6455,8864,0.7,69.0,0.0657,85.95333333333329,O3,2,0,0
6456,8865,0.6,72.0,0.0764,119.89999999999999,O3,3,0,0
6457,8866,0.5,58.0,0.0667,89.21999999999997,O3,2,0,0
6458,8867,0.4,59.0,0.0667,89.21999999999997,O3,2,1,0
6459,8868,0.6,88.0,0.0856,87.21739130434783,NO2,2,0,0
6460,8869,0.9,110.0,0.094,171.63157894736844,O3,4,0,0
6461,8870,2.6,151.0,0.1406,237.4404255319149,O3,5,0,0
6462,8871,3.3,158.0,0.1617,259.6627659574468,O3,5,0,0
6463,8872,4.0,194.0,0.1694,267.7723404255319,O3,5,0,0
6464,8873,3.1,181.0,0.1473,244.4968085106383,O3,5,0,0
6465,8874,2.2,161.0,0.1087,203.8436170212766,O3,5,0,0
6466,8875,2.1,143.0,0.0945,172.92105263157896,O3,4,0,0
6467,8876,2.2,142.0,0.0905,162.60526315789474,O3,4,0,0
6468,8877,1.9,146.0,0.0903,162.08947368421056,O3,4,0,0
6469,8878,2.5,166.0,0.1041,197.67894736842106,O3,4,0,0
6470,8879,2.9,172.0,0.1194,215.1127659574468,O3,5,0,0
6471,8880,3.9,196.0,0.1533,250.8159574468085,O3,5,0,0
6472,8881,6.3,243.0,0.1932,292.83829787234043,O3,5,0,0
6473,8882,7.4,248.0,0.214,314.74468085106383,O3,6,0,0
6474,8883,5.7,233.0,0.1871,286.413829787234,O3,5,0,0
6475,8884,2.3,174.0,0.1435,240.49468085106383,O3,5,0,0
6476,8885,1.5,149.0,0.1303,226.59255319148937,O3,5,0,0
6477,8886,1.4,134.0,0.1199,215.63936170212767,O3,5,0,0
6478,8887,1.1,123.0,0.1069,201.94787234042553,O3,5,0,0
6479,8888,0.9,111.0,0.0989,184.2684210526316,O3,4,0,0
6480,8889,0.7,93.0,0.0899,161.05789473684212,O3,4,0,0
6481,8890,0.6,97.0,0.085,150.0,O3,3,0,0
6482,8891,0.6,86.0,0.0828,142.29999999999998,O3,3,0,0
6483,8892,0.8,99.0,0.0902,161.83157894736843,O3,4,0,0
6484,8893,1.0,99.0,0.0902,161.83157894736843,O3,4,0,0
6485,8894,2.1,129.0,0.1222,218.06170212765957,O3,5,0,0
6486,8895,4.2,161.0,0.1784,277.2510638297872,O3,5,0,0
6487,8896,4.3,202.0,0.1761,274.8287234042553,O3,5,0,0
6488,8897,3.2,200.0,0.1634,261.4531914893617,O3,5,0,0
6489,8898,2.8,194.0,0.1527,250.1840425531915,O3,5,0,0
6490,8899,2.4,173.0,0.1192,214.90212765957446,O3,5,0,0
6491,8900,2.5,169.0,0.1023,193.03684210526316,O3,4,0,0
6492,8901,2.9,188.0,0.1251,221.1159574468085,O3,5,0,0
6493,8902,3.0,211.0,0.1082,203.31702127659574,O3,5,0,0
6494,8903,3.6,210.0,0.1348,231.331914893617,O3,5,0,0
6495,8904,3.5,193.0,0.1365,233.12234042553192,O3,5,0,0
6496,8905,4.8,227.0,0.1827,281.77978723404254,O3,5,0,0
6497,8906,4.4,223.0,0.1879,287.2563829787234,O3,5,0,0
6498,8907,4.9,229.0,0.1915,291.04787234042556,O3,5,0,0
6499,8908,2.9,194.0,0.1705,268.9308510638298,O3,5,0,0
6500,8909,2.1,171.0,0.161,258.9255319148936,O3,5,0,0
6501,8910,1.6,147.0,0.13,226.27659574468086,O3,5,0,0
6502,8911,1.2,111.0,0.1093,204.47553191489362,O3,5,0,0
6503,8912,0.9,104.0,0.0986,183.49473684210525,O3,4,0,0
6504,8913,0.7,90.0,0.0846,148.59999999999997,O3,3,0,0
6505,8915,0.5,69.0,0.0714,102.40000000000003,O3,3,0,0
6506,8916,0.6,84.0,0.0838,145.79999999999998,O3,3,0,0
6507,8917,1.3,123.0,0.1109,206.16063829787234,O3,5,0,0
6508,8918,3.8,166.0,0.1676,265.87659574468086,O3,5,0,0
6509,8919,5.6,189.0,0.1976,297.4723404255319,O3,5,0,0
6510,8920,4.4,217.0,0.1814,280.4106382978723,O3,5,0,0
6511,8921,3.0,196.0,0.1538,251.34255319148934,O3,5,0,0
6512,8922,2.2,189.0,0.1383,235.01808510638298,O3,5,0,0
6513,8923,2.0,174.0,0.1184,214.05957446808512,O3,5,0,0
6514,8924,2.2,161.0,0.1094,204.58085106382978,O3,5,0,0
6515,8925,2.1,158.0,0.0986,183.49473684210525,O3,4,0,0
6516,8926,2.2,161.0,0.0967,178.59473684210525,O3,4,0,0
6517,8927,1.9,147.0,0.0831,143.34999999999997,O3,3,0,0
6518,8928,2.7,165.0,0.1182,213.84893617021277,O3,5,0,0
6519,8929,3.9,214.0,0.1523,249.7627659574468,O3,5,0,0
6520,8930,5.6,228.0,0.178,276.82978723404256,O3,5,0,0
6521,8931,4.9,240.0,0.1682,266.5085106382978,O3,5,0,0
6522,8932,2.2,188.0,0.139,235.75531914893617,O3,5,0,0
6523,8933,1.9,173.0,0.139,235.75531914893617,O3,5,0,0
6524,8934,1.4,150.0,0.1201,215.85,O3,5,0,0
6525,8935,1.3,134.0,0.1107,205.95000000000002,O3,5,0,0
6526,8936,1.1,132.0,0.105,200.0,O3,4,0,0
6527,8937,0.9,117.0,0.0943,172.40526315789475,O3,4,0,0
6528,8938,0.9,103.0,0.0903,162.08947368421056,O3,4,0,0
6529,8939,0.7,99.0,0.0826,141.60000000000002,O3,3,0,0
6530,8940,0.8,106.0,0.0878,155.64210526315793,O3,4,0,0
6531,8941,1.2,113.0,0.0996,186.07368421052632,O3,4,0,0
6532,8942,2.9,141.0,0.147,244.18085106382978,O3,5,0,0
6533,8943,5.4,180.0,0.1883,287.67765957446807,O3,5,0,0
6534,8944,4.3,192.0,0.1661,264.2968085106383,O3,5,0,0
6535,8945,3.1,187.0,0.1568,254.50212765957446,O3,5,0,0
6536,8946,2.4,169.0,0.1291,225.3287234042553,O3,5,0,0
6537,8947,2.3,161.0,0.1226,218.48297872340424,O3,5,0,0
6538,8948,2.3,160.0,0.0841,146.84999999999997,O3,3,0,0
6539,8949,2.3,177.0,0.0951,174.4684210526316,O3,4,0,0
6540,8950,3.4,219.0,0.1151,210.5840425531915,O3,5,0,0
6541,8951,3.7,212.0,0.1279,224.06489361702128,O3,5,0,0
6542,8952,4.1,225.0,0.1416,238.4936170212766,O3,5,0,0
6543,8953,5.6,240.0,0.1738,272.4063829787234,O3,5,0,0
6544,8954,5.3,223.0,0.1821,281.1478723404255,O3,5,0,0
6545,8955,4.9,241.0,0.1733,271.87978723404257,O3,5,0,0
6546,8956,2.0,159.0,0.1115,206.79255319148936,O3,5,0,0
6547,8957,1.9,150.0,0.1131,208.4776595744681,O3,5,0,0
6548,8958,2.2,163.0,0.1127,208.0563829787234,O3,5,0,0
6549,8959,1.9,155.0,0.1167,212.2691489361702,O3,5,0,0
6550,8960,1.1,119.0,0.0809,135.64999999999998,O3,3,0,0
6551,8961,1.0,94.0,0.0709,93.6086956521739,NO2,2,1,0
6552,8962,0.9,80.0,0.0575,78.69565217391305,NO2,2,0,0
6553,8963,0.9,83.0,0.0572,81.8913043478261,NO2,2,1,0
6554,8964,0.7,79.0,0.0546,77.6304347826087,NO2,2,1,0
6555,8965,1.0,96.0,0.0795,130.75,O3,3,0,0
6556,8966,2.0,141.0,0.1268,222.9063829787234,O3,5,0,0
6557,8967,2.7,153.0,0.1366,233.22765957446808,O3,5,0,0
6558,8968,2.5,156.0,0.1328,229.22553191489362,O3,5,0,0
6559,8969,2.4,162.0,0.1251,221.1159574468085,O3,5,0,0
6560,8970,2.2,164.0,0.1127,208.0563829787234,O3,5,0,0
6561,8971,2.1,160.0,0.1066,201.63191489361702,O3,5,0,0
6562,8972,1.8,140.0,0.0867,152.80526315789476,O3,4,0,0
6563,8973,1.4,119.0,0.0691,104.4054054054054,NO2,3,0,0
6564,8974,2.1,153.0,0.0917,165.70000000000002,O3,4,0,0
6565,8975,1.7,139.0,0.0748,114.30000000000003,O3,3,0,0
6566,8976,1.9,156.0,0.0968,178.85263157894738,O3,4,0,0
6567,8977,2.7,183.0,0.142,238.91489361702128,O3,5,0,0
6568,8978,3.2,185.0,0.153,250.5,O3,5,0,0
6569,8979,3.3,200.0,0.1341,230.59468085106383,O3,5,0,0
6570,8980,2.3,163.0,0.116,211.53191489361703,O3,5,0,0
6571,8981,1.9,154.0,0.1261,222.1691489361702,O3,5,0,0
6572,8982,1.9,151.0,0.1132,208.58297872340427,O3,5,0,0
6573,8983,1.9,149.0,0.1042,197.93684210526317,O3,4,0,0
6574,8984,1.5,131.0,0.0848,149.29999999999998,O3,3,0,0
6575,8985,1.1,94.0,0.0666,93.6086956521739,NO2,2,1,0
6576,8987,0.8,69.0,0.0604,68.64,O3,2,1,0
6577,8988,0.6,57.0,0.052,54.19565217391305,NO2,2,0,0
6578,8989,0.7,78.0,0.0659,86.60666666666665,O3,2,0,0
6579,8990,0.7,84.0,0.0611,82.95652173913044,NO2,2,0,0
6580,8991,1.0,97.0,0.0756,117.10000000000001,O3,3,0,0
6581,8992,1.5,123.0,0.0988,184.0105263157895,O3,4,0,0
6582,8993,2.4,166.0,0.1058,113.29729729729729,NO2,3,0,0
6583,8994,1.6,130.0,0.0636,106.48648648648648,NO2,3,0,0
6584,8995,1.2,109.0,0.0522,102.51351351351352,NO2,3,0,0
6585,8996,0.9,82.0,0.0415,80.82608695652175,NO2,2,1,0
6586,8997,0.9,73.0,0.0445,71.23913043478261,NO2,2,1,0
6587,8998,1.1,91.0,0.0515,90.41304347826087,NO2,2,1,0
6588,8999,1.4,109.0,0.0678,102.51351351351352,NO2,3,0,0
6589,9000,1.7,128.0,0.0825,141.25,O3,3,0,0
6590,9001,2.9,155.0,0.1233,219.22021276595746,O3,5,0,0
6591,9002,4.0,176.0,0.1419,238.8095744680851,O3,5,0,0
6592,9003,4.0,179.0,0.1397,236.49255319148935,O3,5,0,0
6593,9004,1.9,124.0,0.0975,180.65789473684214,O3,4,0,0
6594,9005,1.5,105.0,0.0891,158.99473684210528,O3,4,0,0
6595,9006,1.5,99.0,0.0945,172.92105263157896,O3,4,0,0
6596,9007,1.6,104.0,0.0916,165.4421052631579,O3,4,0,0
6597,9008,1.1,95.0,0.077,122.0,O3,3,0,0
6598,9009,0.8,81.0,0.0697,99.01999999999997,O3,2,1,0
6599,9010,0.7,68.0,0.0611,70.92666666666666,O3,2,1,0
6600,9011,0.6,69.0,0.0693,97.71333333333331,O3,2,0,0
6601,9012,0.7,73.0,0.075,115.0,O3,3,0,0
6602,9013,1.3,113.0,0.1053,103.27027027027027,NO2,3,0,0
6603,9014,3.2,141.0,0.1561,253.76489361702124,O3,5,0,0
6604,9015,6.1,174.0,0.192,291.5744680851064,O3,5,0,0
6605,9016,4.3,178.0,0.1583,256.081914893617,O3,5,0,0
6606,9017,2.6,163.0,0.1274,223.53829787234045,O3,5,0,0
6607,9018,2.0,143.0,0.1083,203.4223404255319,O3,5,0,0
6608,9019,1.8,127.0,0.0924,167.50526315789475,O3,4,0,0
6609,9020,2.1,131.0,0.1002,187.62105263157895,O3,4,0,0
6610,9021,2.1,135.0,0.0905,162.60526315789474,O3,4,0,0
6611,9022,2.0,131.0,0.0923,167.2473684210526,O3,4,0,0
6612,9023,2.6,153.0,0.1123,207.63510638297873,O3,5,0,0
6613,9024,4.5,198.0,0.1602,258.08297872340427,O3,5,0,0
6614,9025,6.4,232.0,0.1878,287.15106382978723,O3,5,0,0
6615,9026,6.0,224.0,0.184,283.1489361702128,O3,5,0,0
6616,9027,3.8,183.0,0.1474,244.60212765957448,O3,5,0,0
6617,9028,2.1,144.0,0.1244,220.3787234042553,O3,5,0,0
6618,9029,1.2,117.0,0.0937,170.85789473684213,O3,4,0,0
6619,9030,1.3,106.0,0.0891,158.99473684210528,O3,4,0,0
6620,9031,1.5,121.0,0.1044,198.45263157894738,O3,4,0,0
6621,9032,0.9,87.0,0.0792,129.70000000000002,O3,3,0,0
6622,9033,0.7,62.0,0.067,90.19999999999999,O3,2,0,0
6623,9034,0.5,70.0,0.0689,96.40666666666665,O3,2,1,0
6624,9035,0.6,66.0,0.0717,103.45000000000002,O3,3,0,0
6625,9036,0.7,88.0,0.0813,137.04999999999998,O3,3,0,0
6626,9037,0.9,93.0,0.0891,158.99473684210528,O3,4,0,0
6627,9038,2.2,116.0,0.1323,228.69893617021276,O3,5,0,0
6628,9039,4.7,151.0,0.1817,280.7265957446808,O3,5,0,0
6629,9040,4.5,169.0,0.1723,270.82659574468084,O3,5,0,0
6630,9041,3.1,166.0,0.1656,263.77021276595747,O3,5,0,0
6631,9042,2.8,160.0,0.1539,251.44787234042553,O3,5,0,0
6632,9043,2.4,145.0,0.1294,225.6446808510638,O3,5,0,0
6633,9044,2.5,131.0,0.1229,218.79893617021276,O3,5,0,0
6634,9045,2.0,130.0,0.0951,174.4684210526316,O3,4,0,0
6635,9046,1.7,122.0,0.0819,139.14999999999998,O3,3,0,0
6636,9047,1.7,113.0,0.0801,132.85000000000002,O3,3,0,0
6637,9048,3.3,156.0,0.1492,246.49787234042554,O3,5,0,0
6638,9049,4.5,198.0,0.1692,267.56170212765954,O3,5,0,0
6639,9050,5.8,175.0,0.1654,263.5595744680851,O3,5,0,0
6640,9051,4.3,141.0,0.1287,224.90744680851066,O3,5,0,0
6641,9052,3.0,101.0,0.0938,171.1157894736842,O3,4,0,0
6642,9053,2.8,102.0,0.0973,180.1421052631579,O3,4,0,0
6643,9054,2.7,119.0,0.1087,203.8436170212766,O3,5,0,0
6644,9055,2.4,110.0,0.0796,131.10000000000002,O3,3,0,0
6645,9056,2.2,87.0,0.083,143.0,O3,3,0,0
6646,9057,2.0,66.0,0.0703,63.78260869565217,NO2,2,1,0
6647,9059,0.5,63.0,0.0705,60.58695652173913,NO2,2,0,0
6648,9060,0.7,71.0,0.0867,152.80526315789476,O3,4,0,0
6649,9061,1.2,103.0,0.1122,207.52978723404254,O3,5,0,0
6650,9062,3.9,144.0,0.1771,275.881914893617,O3,5,0,0
6651,9063,4.9,158.0,0.1874,286.72978723404253,O3,5,0,0
6652,9064,4.6,169.0,0.1812,280.2,O3,5,0,0
6653,9065,3.4,184.0,0.1726,271.14255319148936,O3,5,0,0
6654,9066,2.0,143.0,0.1184,214.05957446808512,O3,5,0,0
6655,9067,1.9,133.0,0.1131,208.4776595744681,O3,5,0,0
6656,9068,2.4,141.0,0.1149,210.37340425531914,O3,5,0,0
6657,9069,2.4,153.0,0.1185,214.16489361702128,O3,5,0,0
6658,9070,2.2,149.0,0.1244,220.3787234042553,O3,5,0,0
6659,9071,2.5,159.0,0.138,234.70212765957447,O3,5,0,0
6660,9072,3.9,181.0,0.1727,271.2478723404255,O3,5,0,0
6661,9073,6.2,227.0,0.2021,302.2117021276596,O3,6,0,0
6662,9074,7.2,230.0,0.2159,316.7457446808511,O3,6,0,0
6663,9075,3.9,194.0,0.1844,283.5702127659574,O3,5,0,0
6664,9076,2.4,172.0,0.1593,257.13510638297873,O3,5,0,0
6665,9077,2.3,158.0,0.1651,263.2436170212766,O3,5,0,0
6666,9078,1.9,144.0,0.1482,245.44468085106382,O3,5,0,0
6667,9079,1.7,133.0,0.1384,235.12340425531914,O3,5,0,0
6668,9080,0.9,109.0,0.1101,205.318085106383,O3,5,0,0
6669,9081,0.7,94.0,0.0999,186.84736842105264,O3,4,0,0
6670,9082,0.5,73.0,0.0895,160.0263157894737,O3,4,0,0
6671,9083,0.4,76.0,0.0904,162.34736842105264,O3,4,0,0
6672,9084,0.4,74.0,0.0851,72.30434782608695,NO2,2,0,0
6673,9085,0.7,73.0,0.1052,71.23913043478261,NO2,2,0,0
6674,9086,3.1,107.0,0.1609,258.8202127659574,O3,5,0,0
6675,9087,3.4,115.0,0.1614,259.3468085106383,O3,5,0,0
6676,9088,3.5,132.0,0.1774,276.19787234042553,O3,5,0,0
6677,9089,3.2,155.0,0.1802,279.14680851063827,O3,5,0,0
6678,9090,3.2,140.0,0.1741,272.7223404255319,O3,5,0,0
6679,9091,3.3,147.0,0.183,282.09574468085106,O3,5,0,0
6680,9092,3.0,161.0,0.1696,267.98297872340424,O3,5,0,0
6681,9093,2.0,123.0,0.1257,221.74787234042554,O3,5,0,0
6682,9094,2.3,142.0,0.1305,226.80319148936172,O3,5,0,0
6683,9095,2.2,143.0,0.1183,213.95425531914893,O3,5,0,0
6684,9096,2.7,153.0,0.1347,231.22659574468082,O3,5,0,0
6685,9097,5.9,200.0,0.1947,294.418085106383,O3,5,0,0
6686,9098,7.5,232.0,0.2129,313.586170212766,O3,6,0,0
6687,9099,5.0,201.0,0.1948,294.5234042553191,O3,5,0,0
6688,9100,4.0,175.0,0.1804,279.35744680851064,O3,5,0,0
6689,9101,2.7,159.0,0.1572,254.92340425531916,O3,5,0,0
6690,9102,2.0,135.0,0.1426,239.5468085106383,O3,5,0,0
6691,9103,1.5,128.0,0.117,212.58510638297872,O3,5,0,0
6692,9104,1.0,109.0,0.1,187.10526315789477,O3,4,0,0
6693,9105,1.0,101.0,0.0949,173.95263157894738,O3,4,0,0
6694,9106,0.9,96.0,0.0905,162.60526315789474,O3,4,0,0
6695,9107,0.8,87.0,0.0845,148.25,O3,3,0,0
6696,9108,0.6,81.0,0.0692,97.38666666666663,O3,2,1,0
6697,9109,1.0,100.0,0.0926,168.02105263157895,O3,4,0,0
6698,9110,3.2,146.0,0.147,244.18085106382978,O3,5,0,0
6699,9111,4.3,158.0,0.166,264.1914893617021,O3,5,0,0
6700,9112,2.7,136.0,0.136,232.59574468085108,O3,5,0,0
6701,9113,1.6,117.0,0.1215,217.3244680851064,O3,5,0,0
6702,9114,1.4,140.0,0.1391,235.86063829787236,O3,5,0,0
6703,9115,2.3,169.0,0.1521,249.55212765957447,O3,5,0,0
6704,9116,2.1,163.0,0.1483,245.54999999999998,O3,5,0,0
6705,9117,1.4,144.0,0.138,234.70212765957447,O3,5,0,0
6706,9118,3.4,153.0,0.145,242.07446808510636,O3,5,0,0
6707,9119,3.8,164.0,0.1519,249.34148936170214,O3,5,0,0
6708,9120,4.9,174.0,0.1684,266.7191489361702,O3,5,0,0
6709,9121,5.7,196.0,0.1812,280.2,O3,5,0,0
6710,9122,5.5,189.0,0.171,269.45744680851067,O3,5,0,0
6711,9123,3.9,155.0,0.1591,256.92446808510635,O3,5,0,0
6712,9124,3.1,137.0,0.1521,249.55212765957447,O3,5,0,0
6713,9125,2.0,117.0,0.1353,231.85851063829787,O3,5,0,0
6714,9126,2.5,128.0,0.1463,243.44361702127662,O3,5,0,0
6715,9127,2.2,124.0,0.1447,241.75851063829788,O3,5,0,0
6716,9128,1.5,108.0,0.1294,225.6446808510638,O3,5,0,0
6717,9129,1.2,89.0,0.1172,212.79574468085107,O3,5,0,0
6718,9131,0.8,84.0,0.1103,205.52872340425532,O3,5,0,0
6719,9132,0.1,83.0,0.1113,206.581914893617,O3,5,0,0
6720,9133,1.1,80.0,0.1109,206.16063829787234,O3,5,0,0
6721,9134,1.7,93.0,0.1229,218.79893617021276,O3,5,0,0
6722,9135,2.1,106.0,0.1404,237.22978723404253,O3,5,0,0
6723,9136,2.3,115.0,0.145,242.07446808510636,O3,5,0,0
6724,9137,2.1,124.0,0.1393,236.07127659574468,O3,5,0,0
6725,9138,1.9,113.0,0.1227,218.58829787234043,O3,5,0,0
6726,9139,1.7,104.0,0.104,197.42105263157896,O3,4,0,0
6727,9140,1.3,85.0,0.082,139.5,O3,3,0,0
6728,9141,1.3,94.0,0.1011,189.94210526315788,O3,4,0,0
6729,9142,1.6,99.0,0.1042,197.93684210526317,O3,4,0,0
6730,9143,2.2,112.0,0.1136,209.00425531914894,O3,5,0,0
6731,9144,2.3,122.0,0.1101,205.318085106383,O3,5,0,0
6732,9145,2.2,119.0,0.1108,206.05531914893618,O3,5,0,0
6733,9146,2.0,119.0,0.1078,202.89574468085107,O3,5,0,0
6734,9147,2.3,127.0,0.121,216.79787234042553,O3,5,0,0
6735,9148,2.2,126.0,0.127,223.11702127659575,O3,5,0,0
6736,9149,1.6,111.0,0.1119,207.21382978723403,O3,5,0,0
6737,9150,1.6,102.0,0.1133,208.68829787234043,O3,5,0,0
6738,9151,1.3,93.0,0.101,189.6842105263158,O3,4,0,0
6739,9152,1.0,78.0,0.0894,159.76842105263157,O3,4,0,0
6740,9153,1.0,74.0,0.093,169.05263157894737,O3,4,0,0
6741,9154,1.0,68.0,0.0861,151.2578947368421,O3,4,0,0
6742,9155,0.8,68.0,0.0841,146.84999999999997,O3,3,0,0
6743,9156,0.7,61.0,0.0851,58.45652173913044,NO2,2,1,0
6744,9157,1.1,76.0,0.096,176.78947368421055,O3,4,0,0
6745,9158,1.1,78.0,0.0926,168.02105263157895,O3,4,0,0
6746,9159,1.1,79.0,0.0901,161.57368421052632,O3,4,0,0
6747,9160,1.4,90.0,0.0915,165.1842105263158,O3,4,0,0
6748,9161,1.3,89.0,0.0956,175.75789473684213,O3,4,0,0
6749,9162,1.5,97.0,0.1019,192.00526315789477,O3,4,0,0
6750,9163,1.3,91.0,0.0842,147.19999999999996,O3,3,0,0
6751,9164,0.8,62.0,0.0612,71.25333333333332,O3,2,0,0
6752,9165,0.9,66.0,0.0544,63.78260869565217,NO2,2,1,0
6753,9166,1.4,104.0,0.0638,101.56756756756756,NO2,3,0,0
6754,9167,1.8,126.0,0.0793,130.04999999999998,O3,3,0,0
6755,9168,1.6,122.0,0.0811,136.35000000000002,O3,3,0,0
6756,9169,1.8,121.0,0.0896,160.2842105263158,O3,4,0,0
6757,9170,2.1,126.0,0.0978,181.43157894736842,O3,4,0,0
6758,9171,1.9,115.0,0.0964,177.82105263157897,O3,4,0,0
6759,9172,1.7,116.0,0.0993,185.3,O3,4,0,0
6760,9173,1.9,120.0,0.0966,178.33684210526317,O3,4,0,0
6761,9174,1.6,111.0,0.0885,157.44736842105263,O3,4,0,0
6762,9175,1.2,101.0,0.0775,123.75,O3,3,0,0
6763,9176,1.0,92.0,0.0738,110.80000000000003,O3,3,0,0
6764,9177,1.0,78.0,0.0711,101.35000000000001,O3,3,0,0
6765,9178,0.8,63.0,0.0624,75.17333333333332,O3,2,0,0
6766,9179,0.6,63.0,0.0585,62.43333333333334,O3,2,0,0
6767,9180,0.6,63.0,0.0646,82.36,O3,2,1,0
6768,9181,1.0,84.0,0.0809,135.64999999999998,O3,3,0,0
6769,9182,1.0,89.0,0.0828,142.29999999999998,O3,3,0,0
6770,9183,1.3,101.0,0.0894,159.76842105263157,O3,4,0,0
6771,9184,1.5,115.0,0.0915,165.1842105263158,O3,4,0,0
6772,9185,1.6,111.0,0.092,166.47368421052633,O3,4,0,0
6773,9186,1.4,96.0,0.0807,134.94999999999996,O3,3,0,0
6774,9187,1.4,87.0,0.0678,92.8133333333333,O3,2,1,0
6775,9188,1.2,81.0,0.0668,89.54666666666665,O3,2,1,0
6776,9189,1.3,85.0,0.0617,84.02173913043478,NO2,2,1,0
6777,9190,1.4,98.0,0.0598,97.86956521739131,NO2,2,0,0
6778,9191,1.6,109.0,0.0778,124.79999999999998,O3,3,0,0
6779,9192,2.8,150.0,0.1062,201.21063829787235,O3,5,0,0
6780,9193,3.7,175.0,0.1224,218.27234042553192,O3,5,0,0
6781,9194,2.9,157.0,0.1118,207.10851063829787,O3,5,0,0
6782,9195,1.8,130.0,0.0964,177.82105263157897,O3,4,0,0
6783,9196,1.6,120.0,0.105,200.0,O3,4,0,0
6784,9197,1.7,114.0,0.1016,191.2315789473684,O3,4,0,0
6785,9198,1.5,100.0,0.0998,186.58947368421053,O3,4,0,0
6786,9199,1.0,83.0,0.0846,148.59999999999997,O3,3,0,0
6787,9200,0.8,72.0,0.0762,119.20000000000002,O3,3,0,0
6788,9201,0.5,51.0,0.0592,64.72,O3,2,0,0
6789,9203,0.5,58.0,0.0672,90.8533333333333,O3,2,1,0
6790,9204,1.0,86.0,0.089,158.73684210526315,O3,4,0,0
6791,9205,3.0,122.0,0.1354,231.96382978723403,O3,5,0,0
6792,9206,5.1,140.0,0.1648,262.92765957446807,O3,5,0,0
6793,9207,4.3,146.0,0.1566,254.2914893617021,O3,5,0,0
6794,9208,3.3,152.0,0.1541,251.65851063829786,O3,5,0,0
6795,9209,2.4,147.0,0.1226,218.48297872340424,O3,5,0,0
6796,9210,2.4,134.0,0.1126,207.95106382978724,O3,5,0,0
6797,9211,2.5,136.0,0.1147,210.1627659574468,O3,5,0,0
6798,9212,2.3,142.0,0.119,214.6914893617021,O3,5,0,0
6799,9213,2.7,153.0,0.1212,217.00851063829788,O3,5,0,0
6800,9214,2.7,153.0,0.1251,221.1159574468085,O3,5,0,0
6801,9215,3.3,155.0,0.1404,237.22978723404253,O3,5,0,0
6802,9216,3.9,181.0,0.1419,238.8095744680851,O3,5,0,0
6803,9217,2.6,151.0,0.1328,229.22553191489362,O3,5,0,0
6804,9218,3.2,159.0,0.1378,234.49148936170212,O3,5,0,0
6805,9219,2.3,151.0,0.1159,211.42659574468087,O3,5,0,0
6806,9220,1.4,127.0,0.0932,169.5684210526316,O3,4,0,0
6807,9221,1.1,107.0,0.0942,172.14736842105265,O3,4,0,0
6808,9222,1.2,101.0,0.0944,172.66315789473686,O3,4,0,0
6809,9223,0.9,80.0,0.0798,131.79999999999998,O3,3,0,0
6810,9224,0.7,68.0,0.0776,124.10000000000001,O3,3,0,0
6811,9225,0.5,61.0,0.0636,79.09333333333333,O3,2,0,0
6812,9226,0.4,56.0,0.0678,92.8133333333333,O3,2,0,0
6813,9227,0.5,70.0,0.0754,116.39999999999999,O3,3,0,0
6814,9228,0.8,78.0,0.0818,138.79999999999998,O3,3,0,0
6815,9229,2.3,106.0,0.1202,215.95531914893618,O3,5,0,0
6816,9230,2.9,117.0,0.1296,225.85531914893616,O3,5,0,0
6817,9231,3.1,144.0,0.1418,238.70425531914896,O3,5,0,0
6818,9232,2.7,158.0,0.1293,225.53936170212765,O3,5,0,0
6819,9233,1.8,137.0,0.1027,194.06842105263158,O3,4,0,0
6820,9234,1.9,130.0,0.1052,106.48648648648648,NO2,3,0,0
6821,9235,1.8,125.0,0.0875,154.8684210526316,O3,4,0,0
6822,9236,1.8,124.0,0.0815,137.75,O3,3,0,0
6823,9237,1.8,125.0,0.076,118.5,O3,3,0,0
6824,9238,1.7,135.0,0.0856,107.43243243243244,NO2,3,0,0
6825,9239,3.2,179.0,0.1258,221.8531914893617,O3,5,0,0
6826,9240,3.4,183.0,0.1383,235.01808510638298,O3,5,0,0
6827,9241,4.2,193.0,0.1518,249.23617021276596,O3,5,0,0
6828,9242,3.5,185.0,0.189,288.4148936170213,O3,5,0,0
6829,9243,2.0,147.0,0.1389,235.64999999999998,O3,5,0,0
6830,9244,1.4,117.0,0.109,204.1595744680851,O3,5,0,0
6831,9245,1.5,112.0,0.1092,204.37021276595746,O3,5,0,0
6832,9246,1.2,101.0,0.0954,175.2421052631579,O3,4,0,0
6833,9247,1.1,93.0,0.0951,174.4684210526316,O3,4,0,0
6834,9248,0.7,64.0,0.079,129.0,O3,3,0,0
6835,9249,0.6,61.0,0.0752,115.70000000000002,O3,3,0,0
6836,9250,0.5,54.0,0.0708,51.0,NO2,2,1,0
6837,9251,0.6,64.0,0.0782,126.20000000000002,O3,3,0,0
6838,9252,0.9,80.0,0.1011,189.94210526315788,O3,4,0,0
6839,9253,4.0,133.0,0.1683,266.61382978723407,O3,5,0,0
6840,9254,4.1,170.0,0.1341,230.59468085106383,O3,5,0,0
6841,9255,1.9,139.0,0.1014,190.71578947368423,O3,4,0,0
6842,9256,1.3,124.0,0.0751,115.35000000000001,O3,3,0,0
6843,9257,1.2,118.0,0.063,104.21621621621621,NO2,3,0,0
6844,9258,1.2,108.0,0.0565,102.32432432432432,NO2,3,0,0
6845,9259,1.2,100.0,0.0535,100.0,NO2,2,1,0
6846,9260,0.9,91.0,0.0471,90.41304347826087,NO2,2,0,0
6847,9261,1.0,89.0,0.0512,88.28260869565219,NO2,2,0,0
6848,9262,1.1,102.0,0.0527,101.1891891891892,NO2,3,0,0
6849,9263,1.5,114.0,0.069,103.45945945945945,NO2,3,0,0
6850,9264,2.1,124.0,0.0778,124.79999999999998,O3,3,0,0
6851,9265,2.1,136.0,0.0872,154.09473684210528,O3,4,0,0
6852,9266,1.5,118.0,0.0622,104.21621621621621,NO2,3,0,0
6853,9267,1.0,93.0,0.0512,92.54347826086956,NO2,2,1,1
6854,9268,0.8,72.0,0.0438,70.17391304347827,NO2,2,1,1
6855,9269,0.8,69.0,0.0443,66.97826086956522,NO2,2,0,1
6856,9270,0.7,61.0,0.0392,58.45652173913044,NO2,2,0,1
6857,9271,0.6,50.0,0.0347,47.16981132075472,NO2,1,1,1
6858,9272,0.5,35.0,0.0341,33.0188679245283,NO2,1,1,1
6859,9273,0.5,29.0,0.0322,29.814814814814817,O3,1,1,1
6860,9275,0.5,66.0,0.0395,63.78260869565217,NO2,2,1,1
6861,9276,0.6,89.0,0.051,88.28260869565219,NO2,2,1,1
6862,9277,1.5,150.0,0.0909,163.63684210526316,O3,4,0,0
6863,9278,1.9,150.0,0.0869,153.32105263157897,O3,4,0,0
6864,9279,1.3,127.0,0.0652,105.91891891891892,NO2,3,0,0
6865,9280,1.0,120.0,0.0599,104.5945945945946,NO2,3,0,0
6866,9281,1.0,123.0,0.055,105.16216216216216,NO2,3,0,0
6867,9282,1.1,115.0,0.0518,103.64864864864865,NO2,3,0,0
6868,9283,1.3,122.0,0.0541,104.97297297297297,NO2,3,0,0
6869,9284,1.0,111.0,0.0456,102.89189189189189,NO2,3,0,0
6870,9285,1.1,119.0,0.0467,104.4054054054054,NO2,3,0,0
6871,9286,1.4,137.0,0.0508,107.8108108108108,NO2,3,0,0
6872,9287,1.5,147.0,0.0583,109.70270270270271,NO2,3,0,0
6873,9288,1.6,154.0,0.0609,111.02702702702703,NO2,3,0,0
6874,9289,2.2,160.0,0.0757,117.45000000000002,O3,3,0,0
6875,9290,1.4,134.0,0.0539,107.24324324324324,NO2,3,0,0
6876,9291,0.9,110.0,0.042,102.70270270270271,NO2,3,0,0
6877,9292,0.8,99.0,0.0408,98.93478260869566,NO2,2,1,0
6878,9293,1.1,127.0,0.056,105.91891891891892,NO2,3,0,0
6879,9294,1.5,174.0,0.0889,158.47894736842107,O3,4,0,0
6880,9295,1.1,127.0,0.0516,105.91891891891892,NO2,3,0,0
6881,9296,0.6,81.0,0.0391,79.76086956521739,NO2,2,0,1
6882,9297,0.5,70.0,0.0374,68.04347826086956,NO2,2,0,1
6883,9298,0.4,49.0,0.0326,46.22641509433962,NO2,1,1,1
6884,9299,0.4,44.0,0.0352,41.509433962264154,NO2,1,1,1
6885,9300,0.6,107.0,0.0566,102.13513513513513,NO2,3,0,0
6886,9301,0.9,141.0,0.0706,108.56756756756756,NO2,3,0,0
6887,9302,0.9,121.0,0.0575,104.78378378378379,NO2,3,0,0
6888,9303,0.8,103.0,0.0505,101.37837837837837,NO2,3,0,0
6889,9304,1.0,102.0,0.0471,101.1891891891892,NO2,3,0,0
6890,9305,0.8,95.0,0.0421,94.67391304347827,NO2,2,0,0
6891,9306,0.8,93.0,0.0389,92.54347826086956,NO2,2,0,0
6892,9307,1.0,95.0,0.0408,94.67391304347827,NO2,2,1,0
6893,9308,0.8,80.0,0.0382,78.69565217391305,NO2,2,0,0
6894,9309,0.8,81.0,0.0387,79.76086956521739,NO2,2,0,0
6895,9310,0.9,106.0,0.0428,101.94594594594595,NO2,3,0,0
6896,9311,1.1,113.0,0.0488,103.27027027027027,NO2,3,0,0
6897,9312,1.1,117.0,0.0556,104.02702702702703,NO2,3,0,0
6898,9313,1.2,124.0,0.0568,105.35135135135135,NO2,3,0,0
6899,9314,1.1,122.0,0.0546,104.97297297297297,NO2,3,0,0
6900,9315,0.8,87.0,0.0428,86.15217391304348,NO2,2,1,0
6901,9316,0.7,79.0,0.0418,77.6304347826087,NO2,2,1,0
6902,9317,0.7,93.0,0.0472,92.54347826086956,NO2,2,0,0
6903,9318,0.8,102.0,0.0544,101.1891891891892,NO2,3,0,0
6904,9319,0.8,86.0,0.0666,88.89333333333335,O3,2,0,0
6905,9320,0.7,77.0,0.0679,93.13999999999999,O3,2,0,0
6906,9321,0.8,88.0,0.0768,121.29999999999998,O3,3,0,0
6907,9322,0.5,64.0,0.0589,63.739999999999995,O3,2,1,1
6908,9323,0.3,46.0,0.047,43.51851851851852,O3,1,1,1
6909,9324,0.4,55.0,0.0523,52.06521739130435,NO2,2,1,1
6910,9325,0.6,84.0,0.066,86.93333333333332,O3,2,1,1
6911,9326,0.7,89.0,0.0741,111.85000000000001,O3,3,0,0
6912,9327,1.2,118.0,0.0831,143.34999999999997,O3,3,0,0
6913,9328,1.4,113.0,0.0613,103.27027027027027,NO2,3,0,0
6914,9329,1.3,115.0,0.064,103.64864864864865,NO2,3,0,0
6915,9330,1.4,124.0,0.0631,105.35135135135135,NO2,3,0,0
6916,9331,1.0,86.0,0.0456,85.08695652173913,NO2,2,1,0
6917,9332,1.0,87.0,0.045,86.15217391304348,NO2,2,1,0
6918,9333,1.1,100.0,0.0516,100.0,NO2,2,1,0
6919,9334,1.3,132.0,0.0548,106.86486486486487,NO2,3,0,0
6920,9335,1.4,156.0,0.0603,111.4054054054054,NO2,3,0,0
6921,9336,1.2,138.0,0.0597,108.0,NO2,3,0,0
6922,9337,2.7,181.0,0.1167,212.2691489361702,O3,5,0,0
6923,9338,2.5,187.0,0.1372,233.8595744680851,O3,5,0,0
6924,9339,1.5,158.0,0.1042,197.93684210526317,O3,4,0,0
6925,9340,1.6,153.0,0.1055,110.83783783783784,NO2,3,0,0
6926,9341,1.2,128.0,0.1049,199.7421052631579,O3,4,0,0
6927,9342,0.9,93.0,0.0816,138.10000000000002,O3,3,0,0
6928,9343,0.6,58.0,0.0598,66.67999999999999,O3,2,1,1
6929,9344,0.5,55.0,0.0573,58.51333333333332,O3,2,1,1
6930,9345,0.4,51.0,0.0549,48.113207547169814,NO2,1,1,1
6931,9347,0.5,53.0,0.0578,60.146666666666654,O3,2,1,1
6932,9348,1.1,93.0,0.0905,162.60526315789474,O3,4,0,0
6933,9349,4.0,155.0,0.1457,242.81170212765957,O3,5,0,0
6934,9350,5.0,174.0,0.1705,268.9308510638298,O3,5,0,0
6935,9351,3.9,187.0,0.1583,256.081914893617,O3,5,0,0
6936,9352,3.1,190.0,0.1729,271.45851063829787,O3,5,0,0
6937,9353,2.4,179.0,0.1269,223.0117021276596,O3,5,0,0
6938,9354,2.4,175.0,0.1092,204.37021276595746,O3,5,0,0
6939,9355,2.1,156.0,0.077,122.0,O3,3,0,0
6940,9356,2.2,168.0,0.0816,138.10000000000002,O3,3,0,0
